longitud,latitud,id_region,tipo_ecosistema,valor_indice
-101.70135972624541,26.157934251639706,Noreste,Manglar,0.95717764
-96.157304513708,18.372594770152123,Sureste,Matorral Seco,0.31564116
-93.29675606585059,16.304446689866364,Sureste,Pastizal,0.8749447
-94.44083994881069,16.28448354224583,Noreste,Manglar,0.55267763
-111.53950967183933,30.958142183880298,Noroeste,Selva Húmeda,0.77074
-112.79484809462119,27.32389990066728,Noroeste,Pastizal,0.9119747
-108.02583608235156,31.696571592245462,Noreste,Bosque Templado,0.7595153
-97.20790642420067,18.935773478375353,Sureste,Manglar,0.4179941
-98.74121819614366,26.20247606100225,Noreste,Matorral Seco,0.5708771
-95.36705981568215,16.4685484831311,Noreste,Selva Húmeda,0.9511412
-89.06760870900264,21.06958111951932,Sureste,Matorral Seco,0.64177
-96.43824536527298,18.933287473392543,Sureste,Pastizal,0.30507058
-102.13726585236256,25.03673589756957,Centro,Pastizal,0.93068
-109.49132826901457,29.370517547577087,Noroeste,Selva Húmeda,0.9733996
-90.1679676838662,20.389601159284165,Sureste,Bosque Templado,0.6187618
-101.74719510324071,19.463790981959615,Occidente,Selva Húmeda,0.29730588
-116.26569221998206,32.21620314677211,Noroeste,Matorral Seco,0.9995582
-107.11910600275951,28.355006957955567,Noreste,Bosque Templado,0.28821176
-109.91328919875957,28.278598475106726,Noroeste,Matorral Seco,0.41742942
-105.00719786394707,21.452792236453348,Occidente,Pastizal,0.9564194
-94.23416852585449,17.292064252742314,Sureste,Bosque Templado,0.8034194
-91.54627660801123,17.61379634019002,Sureste,Pastizal,0.35118824
-114.05761964930586,27.54366107287651,Noroeste,Pastizal,0.9847887
-107.78718820625657,24.511448017552297,Noroeste,Pastizal,0.98133105
-106.04745481299221,27.51833731500766,Noreste,Manglar,0.24674118
-102.71299489702619,29.40902914154182,Noreste,Selva Húmeda,0.97364455
-87.93865163453232,19.60069498003915,Sureste,Pastizal,0.9372553
-98.05136448916954,17.19185310999465,Noreste,Pastizal,0.9471471
-114.2383200163971,27.43858953039413,Noroeste,Selva Húmeda,0.9822044
-100.45451912937311,22.950710571645736,Centro,Pastizal,0.99785274
-103.22818606197514,25.672053881730637,Noreste,Pastizal,0.9086212
-101.3137865250258,27.875041109665613,Noreste,Pastizal,0.9698906
-88.37522813120421,21.122006192847106,Sureste,Manglar,0.67895824
-99.98081838200845,27.3804116414272,Sur,Matorral Seco,0.5183518
-102.96489125396614,24.03088353906207,Centro,Bosque Templado,0.5155412
-106.23641364701467,28.7929785087688,Noreste,Pastizal,0.5965347
-93.80837808216513,17.245626567751998,Sureste,Selva Húmeda,0.41007647
-98.03060965018713,19.552512317194054,Centro,Bosque Templado,0.31085294
-107.14036258292552,26.077672978767716,Noreste,Pastizal,0.8625
-99.52535079179883,26.041956289003778,Sur,Matorral Seco,0.9281559
-103.47191660238504,22.563084741550288,Centro,Manglar,0.56910884
-104.59720093827936,26.410300308433815,Noreste,Selva Húmeda,0.8532253
-100.09523706900178,20.925556600428102,Centro,Matorral Seco,0.7584335
-104.6495854028939,29.56067480605707,Noreste,Selva Húmeda,0.1725647
-104.86065163674279,22.087684156059783,Occidente,Pastizal,0.76862884
-106.74243799206656,24.22229820222067,Noroeste,Pastizal,0.9567541
-104.58681130135734,26.824171929117902,Noreste,Pastizal,0.6518665
-95.32416789602698,18.61861094045613,Sureste,Selva Húmeda,0.3561294
-100.88836212932537,21.056351035282386,Centro,Manglar,0.35012943
-98.42986498378923,20.26157562210262,Centro,Pastizal,0.047335293
-101.09322680199281,28.731788010852597,Noreste,Manglar,0.78205764
-100.9271989439596,24.728755010532016,Noreste,Pastizal,0.7749682
-100.07653868867611,17.794734419427648,Sur,Pastizal,0.6031147
-91.12407225538631,16.982945047206968,Sureste,Bosque Templado,0.9919382
-106.62807387244828,30.95905377513785,Noreste,Manglar,0.9406124
-108.40712500643494,25.985697444266943,Noroeste,Bosque Templado,0.7703353
-91.33818993145789,18.09993201772759,Sureste,Pastizal,0.66947824
-107.51032867537731,24.58824259045457,Noroeste,Selva Húmeda,0.17632353
-111.0414349279583,30.99600678767514,Noroeste,Manglar,0.6615994
-91.95977741323574,18.51194152183692,Sureste,Pastizal,0.9997249
-96.84726026387516,19.04509297491571,Sureste,Pastizal,0.31778234
-112.37955255668656,27.381953688960838,Noroeste,Manglar,0.9234059
-87.19595864578736,21.139532283591322,Sureste,Pastizal,0.86746943
-99.7733318898738,27.226709637793363,Sur,Pastizal,0.26284117
-107.29564779965311,24.73107861684946,Noroeste,Pastizal,0.95960885
-104.48252173014869,28.729475410444802,Noreste,Manglar,0.17648824
-100.36816016266783,20.709615539707094,Centro,Pastizal,0.326
-102.76624637318835,27.291570912936155,Noreste,Matorral Seco,0.9144977
-99.39777403393485,24.222355276988818,Noreste,Matorral Seco,0.19176471
-108.81648702226259,25.814584298994067,Noroeste,Selva Húmeda,0.17684117
-103.96241842088095,22.199358023795874,Occidente,Bosque Templado,0.7193335
-102.49540933080927,24.140475500911617,Centro,Pastizal,0.9758118
-114.3950423599899,29.034746166782462,Noroeste,Matorral Seco,0.98347354
-102.65760643694361,26.52886479343607,Noreste,Selva Húmeda,0.93905944
-89.27160828805572,18.392727917480656,Sureste,Manglar,0.8474765
-100.88932504235899,26.829631552177013,Noreste,Pastizal,0.98226047
-96.30247135734587,17.368323799181884,Noreste,Pastizal,0.59079707
-99.21264271595562,20.169881434562008,Centro,Pastizal,0.16851765
-103.06981010364319,20.590028801835153,Occidente,Selva Húmeda,0.2839059
-114.97364967465585,31.44431507013196,Noroeste,Matorral Seco,0.9949374
-106.47139242016165,28.12355560561407,Noreste,Selva Húmeda,0.4632394
-111.99431742431524,25.248280715517275,Noroeste,Manglar,0.9620441
-106.18194171483289,30.687903239237304,Noreste,Selva Húmeda,0.8543806
-110.88193117468029,29.540857451665932,Noroeste,Selva Húmeda,0.48241824
-103.05616350416574,23.85802962975063,Centro,Selva Húmeda,0.38284707
-101.25767697267823,20.728177824031526,Centro,Bosque Templado,0.30182353
-97.56978427733057,17.81315476769215,Noreste,Selva Húmeda,0.66908115
-105.05567002713514,22.13937369686783,Occidente,Pastizal,0.69343704
-101.08392606447141,20.56500955467166,Centro,Manglar,0.1625353
-106.7214695200068,28.967247636791672,Noreste,Manglar,0.3053706
-87.99030976705674,19.704351937058313,Sureste,Matorral Seco,0.978542
-106.76604039237914,24.70893315977122,Noroeste,Pastizal,0.85519767
-104.54646198242939,21.39838486289518,Occidente,Pastizal,0.7036547
-95.94956675927625,17.316937388589576,Noreste,Manglar,0.85066766
-101.19131059286426,22.56701248609084,Centro,Pastizal,0.6349259
-98.88566848592359,17.181481500792973,Sur,Matorral Seco,0.9459718
-102.01342113602789,20.12649374694168,Occidente,Bosque Templado,0.81265825
-105.13223687222698,21.526559981316204,Occidente,Pastizal,0.61700296
-89.33837815028325,20.219858437376224,Sureste,Selva Húmeda,0.69344586
-107.50193087828771,31.18301997940745,Noreste,Matorral Seco,0.77639765
-87.77065470084939,19.299293583297775,Sureste,Pastizal,0.93634826
-88.93772268680823,21.37614056221467,Sureste,Selva Húmeda,0.08205294
-105.43110358890755,20.204149008484862,Occidente,Matorral Seco,0.6893471
-107.89453296217201,30.732262934026906,Noreste,Manglar,0.17465882
-94.06229567456285,16.66408590538797,Sureste,Bosque Templado,0.9792858
-109.46129209554631,29.0515170209737,Noroeste,Selva Húmeda,0.9389529
-101.0231710302546,22.472243340899272,Centro,Pastizal,0.53409356
-107.38497772942172,27.22997796303938,Noreste,Pastizal,0.9884828
-98.16913743878503,22.230830309153117,Sureste,Manglar,0.3009647
-101.52073829742122,24.29706674619902,Centro,Pastizal,0.9902314
-108.41182484433074,27.158613105180653,Noreste,Pastizal,0.9791867
-108.90309779206237,28.41013597733964,Noroeste,Selva Húmeda,0.9918094
-99.10877814607984,20.543911732245192,Centro,Matorral Seco,0.9055653
-103.08811480514866,28.363160068703284,Noreste,Pastizal,0.99686444
-98.35793266847351,17.029010467933354,Sur,Manglar,0.9330706
-107.92028310707552,29.44551901372232,Noreste,Selva Húmeda,0.5652112
-97.5054331058283,20.405088110401273,Sureste,Manglar,0.3701294
-89.196922136614,20.466399547772255,Sureste,Selva Húmeda,0.6834541
-98.33259730106512,18.100472476752156,Centro,Matorral Seco,0.65535706
-103.89745945174138,19.124118266048207,Occidente,Pastizal,0.6696706
-108.12883597997784,28.345098967941045,Noreste,Manglar,0.9951245
-97.69801386245669,20.607944319926027,Centro,Manglar,0.29721177
-113.9035834894913,31.64433606200668,Noroeste,Manglar,0.77241236
-97.57207155466264,18.793799724355075,Centro,Matorral Seco,0.3614647
-112.59450262759678,27.159939466707726,Noroeste,Selva Húmeda,0.99977696
-104.16259435826989,28.16837389184604,Noreste,Pastizal,0.6499312
-101.0105259806194,28.728259149991057,Noreste,Bosque Templado,0.89701176
-105.51222015193913,20.158382808292636,Occidente,Bosque Templado,0.7300153
-102.24830649640606,26.63607657670649,Noreste,Manglar,0.46972528
-88.9439688885447,20.53221272200041,Sureste,Pastizal,0.6544906
-98.70071927687346,23.342877992717547,Noreste,Selva Húmeda,0.8563141
-95.9712357311254,17.54642716504787,Noreste,Pastizal,0.62255
-102.34756079154097,28.613134432326536,Noreste,Bosque Templado,0.93191
-106.69194544380952,30.14600524932238,Noreste,Matorral Seco,0.49122295
-89.68835823050068,18.590593626960764,Sureste,Selva Húmeda,0.67970175
-100.05491462531867,22.96162541498748,Noreste,Bosque Templado,0.13827647
-102.04319022883188,29.268386185397354,Noreste,Selva Húmeda,0.9788334
-91.59190078687709,17.15497896034878,Sureste,Manglar,0.41122353
-108.03016387168499,31.69693810721195,Noreste,Matorral Seco,0.6986435
-99.8957047684845,26.640917789642618,Sur,Matorral Seco,0.8508094
-102.42953658733627,21.000669913030528,Occidente,Bosque Templado,0.41101766
-109.14925906554552,28.87817648246551,Noroeste,Manglar,0.77354825
-102.76361204535371,29.53106966939757,Noreste,Pastizal,0.9926599
-100.62323347328814,18.240186875708698,Sur,Selva Húmeda,0.67351645
-100.61585213124567,21.483062472202278,Centro,Bosque Templado,0.46796587
-90.24726641433377,18.784727207271093,Sureste,Matorral Seco,0.8780682
-104.79898841600433,28.67691117283085,Noreste,Selva Húmeda,0.88735884
-106.25255782011439,28.644389043184606,Noreste,Matorral Seco,0.5372635
-91.36262019743693,16.85383821332717,Sureste,Matorral Seco,0.76296586
-103.30188115402508,20.55741844965218,Occidente,Selva Húmeda,0.00071176473
-92.5528428954517,18.33289078404996,Sureste,Manglar,0.73846644
-104.96543128382432,27.290328947295897,Noreste,Pastizal,0.78540176
-102.9119862082671,27.205316515568125,Noreste,Matorral Seco,0.93532765
-105.74198599132232,30.44900521833263,Noreste,Manglar,0.8322418
-93.05932064946714,15.601760263178932,Sureste,Selva Húmeda,0.40441176
-92.30550431358634,16.628444947373964,Sureste,Bosque Templado,0.4963353
-106.71220743653399,27.28687622612227,Noreste,Pastizal,0.7445488
-93.725418125477,17.392877563578406,Sureste,Selva Húmeda,0.42898235
-108.8269466410409,25.991275084701268,Noroeste,Pastizal,0.1764706
-98.63820338651227,25.79975311550378,Sur,Bosque Templado,0.6123047
-112.29324732803813,26.48151746605198,Noroeste,Matorral Seco,0.9985981
-110.79168971873708,30.03334049712301,Noroeste,Pastizal,0.8356647
-104.93747484345724,19.85984197237853,Occidente,Pastizal,0.6075447
-89.53819280373975,20.7356712831443,Sureste,Bosque Templado,0.6579559
-99.7378759836892,19.179635004045817,Centro,Pastizal,0.50401175
-107.59233379564564,24.896014546657455,Noroeste,Pastizal,0.17955294
-109.392464276477,30.50224132755102,Noroeste,Matorral Seco,0.94568706
-100.78535134845697,18.89411124331427,Sur,Selva Húmeda,0.67435175
-98.68854377894839,20.510587778362527,Centro,Manglar,0.91825646
-104.5952870113401,21.974331176579007,Occidente,Manglar,0.9411541
-102.74750627569364,20.418130763754604,Occidente,Manglar,0.3284353
-98.49087086307263,21.21808306665317,Centro,Pastizal,0.29670587
-99.08050754075519,25.44770681720746,Sur,Bosque Templado,0.39554706
-108.0825682394431,29.35092849542444,Noreste,Manglar,0.8203565
-98.93709049924244,22.289546896179548,Centro,Selva Húmeda,0.9999994
-101.98131456166374,19.861504131629214,Occidente,Matorral Seco,0.29317647
-107.74854770648341,25.548103233738768,Noroeste,Manglar,0.30407646
-100.44022682480733,27.913927804665597,Noreste,Manglar,0.5640788
-102.6317749233993,26.164255319206166,Noreste,Bosque Templado,0.95455056
-98.49098521171037,25.855089743295476,Noreste,Pastizal,0.37948236
-102.28260427622341,23.679029791385954,Centro,Manglar,0.59823704
-102.72279368648641,28.30938939036752,Noreste,Selva Húmeda,0.81493235
-107.45258074589665,25.64616495176316,Noroeste,Pastizal,0.99177754
-103.47449035328258,27.293323591440853,Noreste,Selva Húmeda,0.9486129
-113.31670995717725,29.18880613173662,Noroeste,Pastizal,0.9892636
-110.72621161525537,28.23252682125464,Noroeste,Bosque Templado,0.4615906
-101.12080619762861,22.93039130879409,Centro,Bosque Templado,0.47813764
-97.5822989759413,21.11971411143114,Sureste,Manglar,0.48866883
-109.73970210134732,29.59962517868072,Noroeste,Pastizal,0.7074947
-116.52572213925335,32.02325532652372,Noroeste,Bosque Templado,0.9904508
-101.41900123847964,29.549278396192165,Noreste,Manglar,0.93769
-101.40743654031326,26.212441030978542,Noreste,Matorral Seco,0.7820829
-98.91090733691264,16.651765125181665,Sur,Selva Húmeda,0.5886853
-96.15617097407453,16.95146617485787,Noreste,Pastizal,0.5891023
-113.01546725325272,27.830312284161064,Noroeste,Pastizal,0.9884334
-99.09123009404361,18.463695459554714,Sur,Selva Húmeda,0.25118825
-98.29212416445088,21.49761354081161,Sureste,Pastizal,0.33411765
-106.32909398439733,28.53637168152892,Noreste,Pastizal,0.7213259
-105.98264748503509,23.51147591626019,Noroeste,Matorral Seco,0.86103237
-89.95431939726201,20.69637431753975,Sureste,Bosque Templado,0.6570047
-91.37494145367508,16.646412007233284,Sureste,Pastizal,0.95081943
-114.71527254127788,32.41635814974687,Noroeste,Bosque Templado,0.7119435
-102.59636296994535,18.30309280142966,Occidente,Manglar,0.65569824
-92.8254607172924,17.019988794184922,Sureste,Manglar,0.3083706
-111.12813915316076,24.930339011385723,Noroeste,Bosque Templado,0.99811447
-92.1789803073351,18.174415615972908,Sureste,Bosque Templado,0.7293735
-100.63772492848547,18.54689801847757,Sur,Manglar,0.2770353
-92.8231871458551,17.53727754607917,Sureste,Pastizal,0.36497647
-99.72265728466992,26.90796925597642,Noreste,Bosque Templado,0.5997547
-100.13808460923626,18.43565590833344,Sur,Pastizal,0.6716847
-104.47864321336043,21.69561532096189,Occidente,Selva Húmeda,0.93440115
-94.95372235852784,16.845621709004295,Noreste,Manglar,0.64735824
-111.56584253144827,26.396664942461165,Noroeste,Pastizal,0.995489
-90.86787400006415,16.1931876967965,Sureste,Manglar,0.50004
-109.56998378903164,27.260873872280087,Noroeste,Manglar,0.4804688
-115.83905736270454,31.46682365161454,Noroeste,Matorral Seco,0.93362707
-108.51793476735851,30.93458159801783,Noreste,Matorral Seco,0.19837059
-95.56311554243075,17.654814918171013,Sureste,Bosque Templado,0.38458824
-90.77057227255222,16.524963118752726,Sureste,Matorral Seco,0.9821237
-112.44837760028386,29.034070245563598,Noroeste,Matorral Seco,0.9888492
-106.98622374073204,31.12855212891054,Noreste,Manglar,0.8790759
-110.16126721091538,23.792899638611004,Noroeste,Matorral Seco,0.91852415
-101.03945204965022,26.290590124194722,Sur,Matorral Seco,0.9310512
-102.80560306941211,28.738758473445646,Noreste,Pastizal,0.9830274
-90.70056777062479,18.911606601682305,Sureste,Bosque Templado,0.5966459
-98.11292476812382,19.88701559207633,Centro,Matorral Seco,0.30764705
-109.60178465866373,31.22044471635081,Noroeste,Pastizal,0.88205826
-114.33653015210649,27.339014739903128,Noroeste,Matorral Seco,0.9999817
-111.64730167334643,29.632843564100178,Noroeste,Pastizal,0.9977921
-101.54578675510402,29.396501191191124,Noreste,Bosque Templado,0.91225237
-98.54498333874169,21.111551294795174,Centro,Selva Húmeda,0.5931306
-102.39230563553924,23.357029110100015,Centro,Bosque Templado,0.6451541
-93.12789835904955,16.67882723881007,Sureste,Manglar,0.41238236
-99.26024259062285,20.19577750356559,Centro,Pastizal,0.13300589
-111.57569003217236,25.089605663935583,Noroeste,Manglar,0.8822906
-100.52707281770174,24.681439868490823,Sur,Matorral Seco,0.95939296
-89.67096626069865,20.26859373660217,Sureste,Bosque Templado,0.65105826
-89.46183430367607,20.11105192297733,Sureste,Selva Húmeda,0.59745234
-108.8460761797681,28.532932663838658,Noroeste,Selva Húmeda,0.9993722
-110.75025011741289,24.378034985607645,Noroeste,Manglar,0.9975494
-100.01534431528715,24.686379479861472,Sur,Bosque Templado,0.49215236
-98.62101715302508,22.07546409993474,Centro,Pastizal,0.16695294
-102.39889131729173,26.848079141604476,Noreste,Pastizal,0.99039537
-101.16642258333879,29.33037482831105,Noreste,Bosque Templado,0.8416988
-100.1436890489907,22.804875579273492,Centro,Pastizal,0.5761477
-94.42879987046541,17.106947850902895,Noreste,Selva Húmeda,0.9953721
-99.5248242283579,24.516025373731612,Noreste,Manglar,0.88754296
-101.84970805093965,29.076548684425997,Noreste,Pastizal,0.8875659
-87.72239709755993,20.476601815994947,Sureste,Selva Húmeda,0.8849153
-107.94442198331767,27.14933993093369,Noreste,Manglar,0.9723946
-90.27509354165345,18.45069543332724,Sureste,Selva Húmeda,0.9077377
-98.6591435859388,24.075882623196247,Noreste,Matorral Seco,0.9480053
-96.78780977310552,19.172566001968196,Sureste,Bosque Templado,0.32049412
-111.27652781254776,31.3700171676418,Noroeste,Manglar,0.8885212
-99.12480940312116,19.65402550319535,Centro,Pastizal,0.15481764
-111.36459051160482,28.8786791608237,Noroeste,Matorral Seco,0.83640236
-97.73907482948457,20.03878363136854,Centro,Manglar,0.31834707
-92.42067521253661,16.703686297059697,Sureste,Matorral Seco,0.39922354
-107.65379005362588,27.322403403250064,Noreste,Matorral Seco,0.98696923
-98.8528902332072,19.3014889599011,Centro,Matorral Seco,0.01574706
-99.93508205402662,27.545357589250614,Sur,Matorral Seco,0.9422482
-96.95651468321229,19.363542600604124,Sureste,Bosque Templado,0.5946735
-107.45398296301404,29.517972288554805,Noreste,Matorral Seco,0.38774705
-102.18235457287265,26.48005781586912,Noreste,Manglar,0.9939762
-103.86802871831209,26.840783378529572,Noreste,Matorral Seco,0.9397324
-96.91006787489147,19.704269588330337,Sureste,Pastizal,0.27704117
-94.90597228939208,17.74654077369134,Sureste,Matorral Seco,0.3494
-106.75267624674204,31.01225306056172,Noreste,Manglar,0.9306
-109.5871572731649,29.62708912144525,Noroeste,Bosque Templado,0.7646071
-105.90824271580678,30.188054761496506,Noreste,Matorral Seco,0.86131763
-104.75072074202659,20.195066575179187,Occidente,Pastizal,0.9655459
-92.21029187122016,17.511941088512955,Sureste,Manglar,0.6158706
-100.25261107822325,28.10384485779725,Noreste,Matorral Seco,0.97910714
-89.96806893574824,20.373316765319725,Sureste,Pastizal,0.65477294
-97.79962591613535,18.196718252429807,Noreste,Selva Húmeda,0.41161177
-101.1348067065136,20.94972297634004,Centro,Manglar,0.49232706
-101.65276319858962,22.526021945919478,Centro,Bosque Templado,0.4013
-100.1067081051479,27.620001307386257,Sur,Bosque Templado,0.92097586
-115.05070866738973,30.854445399486462,Noroeste,Manglar,0.9998247
-101.06897253698932,24.972218976767877,Noreste,Matorral Seco,0.7777894
-97.8452396586731,20.692240436082468,Centro,Manglar,0.3512059
-109.69632361293017,28.48114979694544,Noroeste,Selva Húmeda,0.99608237
-100.87554449872252,24.225857099152623,Centro,Pastizal,0.7319494
-103.8887897211079,20.803281085729004,Occidente,Matorral Seco,0.93616766
-98.53948946257282,25.282838888433467,Noreste,Bosque Templado,0.37934706
-101.56468869413918,19.96670547111776,Occidente,Bosque Templado,0.17478235
-108.68763430608404,26.1748974116399,Noroeste,Selva Húmeda,0.8952365
-108.8196225889375,26.452550194783875,Noroeste,Pastizal,0.76042295
-102.25875312353737,19.07929132474173,Occidente,Pastizal,0.17757058
-114.30295497043751,29.040762565660053,Noroeste,Pastizal,0.99535435
-105.05295626584042,26.721493569919428,Noreste,Selva Húmeda,0.5975388
-101.3789400846911,18.133987778324695,Sur,Pastizal,0.9713759
-114.51961693951039,29.21216705392346,Noroeste,Manglar,0.97111756
-100.70372001590589,27.393762150755336,Noreste,Matorral Seco,0.8935276
-101.82911727253426,22.175828702540258,Centro,Bosque Templado,0.20518823
-109.02371969463863,31.19694004402654,Noroeste,Selva Húmeda,0.89410883
-91.85023932113336,17.421004384007322,Sureste,Bosque Templado,0.41055882
-90.8698392172149,18.413545951198394,Sureste,Selva Húmeda,0.68904763
-109.77981524491472,28.384437916291862,Noroeste,Selva Húmeda,0.99790776
-102.14826737145732,24.76622698855076,Centro,Matorral Seco,0.6825906
-100.07451775761486,22.361537296155017,Centro,Matorral Seco,0.2938706
-94.35753652571135,16.736012203116434,Noreste,Matorral Seco,0.9139729
-96.79713656296916,18.027269658158,Noreste,Selva Húmeda,0.5631082
-111.47015118136758,26.470734219501285,Noroeste,Selva Húmeda,0.9995419
-111.3910935643417,24.335825762718414,Noroeste,Matorral Seco,0.7887847
-87.84959471285006,19.942934401171986,Sureste,Manglar,0.9661982
-103.84190496637171,28.05266516180598,Noreste,Bosque Templado,0.9106288
-101.22805688891509,18.06684793553011,Sur,Bosque Templado,0.44744647
-97.29736850679153,20.669710233058947,Sureste,Selva Húmeda,0.32484707
-101.54125524878995,27.94394053970995,Noreste,Pastizal,0.37490588
-103.76807433184705,19.749364684242202,Occidente,Bosque Templado,0.0
-102.28693771315629,22.68045602651528,Centro,Bosque Templado,0.1829
-87.49246431492371,20.17109592059319,Sureste,Selva Húmeda,0.98607594
-113.69757478349553,31.672652972171885,Noroeste,Selva Húmeda,0.22372353
-99.50628896708689,18.123489231642818,Sur,Matorral Seco,0.61023295
-97.75031662008628,20.676613228420347,Centro,Bosque Templado,0.30452353
-101.49761163542878,21.48910978906934,Centro,Selva Húmeda,0.20803529
-103.93905744178228,19.054819123128052,Occidente,Bosque Templado,0.2816294
-96.3138489617942,18.165222509377287,Noreste,Manglar,0.94418645
-91.78561517019538,16.99394285343826,Sureste,Manglar,0.96812767
-109.63912266110988,27.319540025887886,Noroeste,Selva Húmeda,0.8821971
-107.48275400003926,26.43158874537194,Noreste,Pastizal,0.9216576
-98.73483192615524,24.50240275780598,Noreste,Matorral Seco,0.8472565
-114.90263969227487,31.833948608902798,Noroeste,Selva Húmeda,0.9460406
-102.9514161690768,20.79992359764504,Occidente,Matorral Seco,0.4435306
-101.92984255631931,27.067444973119525,Noreste,Matorral Seco,0.9676018
-98.19688397121669,19.949781454659963,Centro,Manglar,0.6978124
-89.45247021016428,18.73508789900377,Sureste,Manglar,0.9321794
-108.12864374419796,29.311372633129263,Noreste,Pastizal,0.7924547
-97.32315041197302,17.844315300996687,Noreste,Pastizal,0.25542352
-98.53755536637651,21.242982911325676,Centro,Pastizal,0.37258235
-112.73643460954976,26.550389299486366,Noroeste,Pastizal,0.99123156
-102.93909782098349,20.443054047939953,Occidente,Pastizal,0.20385882
-87.75970460446858,20.348507094505557,Sureste,Pastizal,0.9112529
-93.44465951618186,15.853612840496636,Sureste,Matorral Seco,0.38441175
-99.91563958816225,17.44008548158177,Sur,Selva Húmeda,0.9591041
-99.55122345069573,26.879513565702226,Noreste,Selva Húmeda,0.4911753
-91.86534434057917,16.4276253835156,Sureste,Selva Húmeda,0.5709153
-103.84365512557004,28.477541248431375,Noreste,Selva Húmeda,0.5746494
-96.2103632372134,17.225917494527202,Noreste,Bosque Templado,0.6245118
-115.62183172682343,30.695204311986547,Noroeste,Selva Húmeda,0.8597806
-87.02987439413015,20.884320485194696,Sureste,Manglar,0.9725206
-111.50925562126668,30.501852603907782,Noroeste,Bosque Templado,0.7830941
-100.60048717335192,28.306729918477256,Noreste,Matorral Seco,0.9011406
-89.96022410792196,17.91604072563699,Sureste,Matorral Seco,0.9744438
-111.68293352231129,30.980033092233608,Noroeste,Matorral Seco,0.9951713
-105.17825746753641,21.100711161943284,Occidente,Manglar,0.34511176
-101.37615115731445,18.541613051256792,Sur,Selva Húmeda,0.39870587
-114.47104947668029,27.259449008122637,Noroeste,Pastizal,0.9994311
-111.73199063737029,29.175626789100647,Noroeste,Matorral Seco,0.9876916
-107.14613714555956,31.535108550667758,Noreste,Matorral Seco,0.7242806
-96.24707801479875,16.62592975686574,Noreste,Selva Húmeda,0.6605976
-100.90040149013569,18.12860013703993,Sur,Matorral Seco,0.5874259
-98.8099752267,24.486264646316503,Noreste,Matorral Seco,0.8252288
-105.28471058973508,29.670684506133398,Noreste,Bosque Templado,0.9740424
-102.96586735946097,27.262199095094996,Noreste,Pastizal,0.8724965
-87.75776985805821,20.256780223237563,Sureste,Selva Húmeda,0.93708706
-87.84628806762574,20.91916783404552,Sureste,Bosque Templado,0.7505
-106.46750023912885,27.051375966402794,Noreste,Manglar,0.7280988
-104.98677177188267,21.41580436285135,Occidente,Matorral Seco,0.96111
-109.05000219343938,29.943203066381617,Noroeste,Manglar,0.75619704
-96.12069560020188,16.101516998347854,Noreste,Matorral Seco,0.6785006
-102.07995480214855,22.956717360401022,Centro,Bosque Templado,0.35506472
-104.82111020698692,19.94388001270141,Occidente,Pastizal,0.58244884
-102.13444005187353,24.17682324530128,Centro,Matorral Seco,0.7865206
-98.75028803379803,18.665184862737537,Sur,Bosque Templado,0.29362354
-104.32406126631668,20.941247564785886,Occidente,Selva Húmeda,0.8996247
-87.7084916902988,20.699564442287407,Sureste,Selva Húmeda,0.8996177
-106.79850671137112,30.83521396282655,Noreste,Bosque Templado,0.7052324
-114.09857548368693,28.10423782802485,Noroeste,Selva Húmeda,0.16411765
-94.3143612777387,17.72381080653097,Sureste,Bosque Templado,0.38772354
-99.51323331684155,18.70308690849777,Sur,Matorral Seco,0.63125885
-104.35438498187345,27.77147849444318,Noreste,Matorral Seco,0.62138
-105.24730548532511,27.48899695108676,Noreste,Manglar,0.56717646
-92.75493190295053,15.280728339663371,Sureste,Bosque Templado,0.25221765
-102.87821346036495,18.810402257620197,Occidente,Manglar,0.9136706
-107.1633212398235,29.607678755010955,Noreste,Manglar,0.74066585
-102.66187317994111,29.715942579299746,Noreste,Pastizal,0.9626541
-105.89066076745321,31.106588228632976,Noreste,Matorral Seco,0.9642853
-100.86773462640902,18.114031554075837,Sur,Matorral Seco,0.49096236
-102.35459103341695,28.229933118397632,Noreste,Pastizal,0.8324759
-106.69600167269245,27.918697927743242,Noreste,Manglar,0.28465295
-98.53573210083806,22.212872341088673,Centro,Selva Húmeda,0.34257647
-88.46943971040879,18.983333267160386,Sureste,Pastizal,0.9506218
-107.23209646712286,31.517866246544685,Noreste,Selva Húmeda,0.98653173
-103.41588455810324,18.691651369773975,Occidente,Bosque Templado,0.6562794
-99.39847806230152,21.421768136465904,Centro,Selva Húmeda,0.88227767
-99.58565335744203,20.05124985113642,Centro,Matorral Seco,0.18554118
-92.44176426336358,17.80562736064334,Sureste,Pastizal,0.41600588
-98.29261618525615,18.420121274299106,Centro,Selva Húmeda,0.52956295
-100.6782663085608,25.224214634949284,Sur,Matorral Seco,0.61720824
-99.3446783391925,26.10828266062402,Sur,Pastizal,0.5970806
-111.50461298353886,28.852967001543103,Noroeste,Bosque Templado,0.2759647
-109.59567145689324,30.144486195042393,Noroeste,Pastizal,0.78926647
-100.05632790230517,20.887559042516276,Centro,Bosque Templado,0.7544718
-96.5869271459287,19.09721497468298,Sureste,Selva Húmeda,0.37248236
-98.9362793601784,18.171348481252483,Sur,Matorral Seco,0.3540647
-99.16583816446895,19.5946808234157,Centro,Pastizal,5.882353e-06
-100.61988528927361,26.244307317084747,Sur,Manglar,0.7898453
-92.00019656920733,18.216852586538653,Sureste,Matorral Seco,0.9317888
-100.1702592643404,17.485565309443693,Sur,Bosque Templado,0.83921176
-95.91437991618835,16.400281993122352,Noreste,Pastizal,0.9587541
-93.53902899347557,15.942783717464993,Sureste,Manglar,0.6440806
-113.85491233114354,29.295268369218896,Noroeste,Matorral Seco,0.98797154
-105.56917427603275,30.878497214691198,Noreste,Pastizal,0.79887766
-110.70676993056007,28.340579942313273,Noroeste,Pastizal,0.49934295
-95.63612706215756,16.85941207534902,Noreste,Selva Húmeda,0.67417705
-114.1098156904924,31.852758740660665,Noroeste,Selva Húmeda,0.9982825
-101.04766266823636,21.016885321455586,Centro,Manglar,0.50331175
-110.73576695148984,28.960495533349025,Noroeste,Pastizal,0.8967606
-103.85278849662888,23.38531581194925,Centro,Pastizal,0.2970353
-102.08578284026002,24.551540493957553,Centro,Bosque Templado,0.9656053
-99.77483696442363,24.66753711197977,Sur,Bosque Templado,0.87501
-109.73733828740903,30.37980348767592,Noroeste,Matorral Seco,0.8399265
-108.12657312209033,26.304215576228085,Noroeste,Matorral Seco,0.6533582
-101.05868415566806,18.037275741488877,Sur,Matorral Seco,0.67687
-98.33199752305053,25.476885462255325,Noreste,Manglar,0.9926569
-100.93486965054448,27.203149135864102,Noreste,Pastizal,0.98547214
-101.12428233959479,23.12407592871978,Centro,Pastizal,0.79009706
-114.04085084662967,31.531949153742183,Noroeste,Matorral Seco,0.9461147
-102.00293814886965,29.746395067420426,Noreste,Manglar,0.94907
-110.56811079097291,30.528095434743573,Noroeste,Selva Húmeda,0.9152906
-96.73368943008101,16.624856057650682,Noreste,Bosque Templado,0.13161176
-104.85976105300264,26.744404548655496,Noreste,Bosque Templado,0.8527559
-102.21402278144626,19.63506564523971,Occidente,Selva Húmeda,0.25781175
-104.42941909212362,22.20233657971369,Occidente,Pastizal,0.94127
-96.34773327223856,17.743843720270437,Noreste,Matorral Seco,0.95848
-89.63285151629529,17.911748110081604,Sureste,Pastizal,0.92404354
-101.71065245546284,26.954858104794706,Noreste,Pastizal,0.89122355
-93.99678536142106,17.16485834700051,Noreste,Matorral Seco,0.99527705
-97.68815495192422,19.858571197917847,Centro,Manglar,0.29581764
-98.37943203400495,25.139646113741275,Noreste,Bosque Templado,0.39794117
-87.91638137993064,19.755598253515224,Sureste,Bosque Templado,0.75748414
-105.02969837261948,27.532934881263333,Noreste,Selva Húmeda,0.71337706
-98.72969926882794,19.465286927015278,Centro,Manglar,0.86256
-93.03203417359687,15.66141894849584,Sureste,Matorral Seco,0.40412942
-95.63618496203055,18.24062979157616,Sureste,Pastizal,0.3083706
-97.35086844077219,16.193518917258206,Noreste,Manglar,0.93801355
-103.88940601759117,22.965022247787992,Centro,Matorral Seco,0.9304271
-91.66604539710372,18.184192292664584,Sureste,Pastizal,0.94046116
-100.14152951617967,17.20623795580778,Sur,Selva Húmeda,0.37635884
-92.29951588054124,17.272822520555405,Sureste,Pastizal,0.40815294
-116.13471071014969,31.647971167047714,Noroeste,Selva Húmeda,0.9972877
-101.47846165687268,25.891916355105383,Noreste,Matorral Seco,0.90797764
-106.76723517019589,26.175655903841623,Noreste,Pastizal,0.85991883
-102.29963855624202,23.320572911925463,Centro,Matorral Seco,0.64122236
-112.40772639136371,30.811233825968277,Noroeste,Matorral Seco,0.67069
-89.47328281023528,19.85751930418395,Sureste,Selva Húmeda,0.56915885
-102.82712141586967,25.88356427416413,Noreste,Matorral Seco,0.79895294
-114.22520434778828,29.532254524986772,Noroeste,Manglar,0.97128534
-98.64390822126401,23.31853589081801,Noreste,Manglar,0.6442741
-106.2381233798695,30.192621408157816,Noreste,Manglar,0.68234706
-99.57893718307352,23.524594212825576,Noreste,Matorral Seco,0.80364233
-111.33714643132882,29.77838930212301,Noroeste,Matorral Seco,0.9973591
-89.9915218735302,19.76138720057889,Sureste,Pastizal,0.69296294
-115.64345970114192,32.42089260761075,Noroeste,Pastizal,0.8237777
-115.64840959738234,30.523624849511265,Noroeste,Matorral Seco,0.9303982
-105.83265403132224,23.600044676887734,Noroeste,Manglar,0.99368984
-105.0776467249498,29.206376977538557,Noreste,Matorral Seco,0.95826
-101.44378455656692,29.015631162906946,Noreste,Bosque Templado,0.9619135
-100.17260844425759,19.809029439710468,Occidente,Selva Húmeda,0.4677194
-105.79918705485147,23.16706509988129,Noroeste,Bosque Templado,0.8186547
-104.19789614840982,20.369281572083967,Occidente,Bosque Templado,0.42831177
-103.15209072999207,27.1567231032501,Noreste,Manglar,0.9511412
-96.02974295321485,16.990521435851157,Noreste,Selva Húmeda,0.59795356
-114.38827952045813,31.954035842587963,Noroeste,Selva Húmeda,0.99961853
-109.19227671479005,28.055330916627614,Noroeste,Selva Húmeda,0.9847436
-112.02213356517221,30.44878120271577,Noroeste,Selva Húmeda,0.9619494
-112.5763113951731,29.917157122897148,Noroeste,Matorral Seco,0.9466776
-102.66239875690646,22.76975259351004,Centro,Pastizal,0.2669
-102.26992192802818,23.351608570529276,Centro,Bosque Templado,0.59755707
-103.24542540175487,26.37625227598581,Noreste,Bosque Templado,0.99660474
-104.37660689321547,19.485515868359006,Occidente,Matorral Seco,0.9088377
-99.39680683364811,21.466439751184,Centro,Pastizal,0.8529265
-102.11608710541525,20.77815820960126,Occidente,Matorral Seco,0.7131235
-100.38475007190408,21.446718444734444,Centro,Bosque Templado,0.8021341
-92.01968417636034,17.604089875357495,Sureste,Pastizal,0.31018236
-100.56703503750876,26.35461319211237,Sur,Matorral Seco,0.9791972
-90.27187732406837,20.937174789516206,Sureste,Selva Húmeda,0.8719153
-95.41622332418669,17.68189098875576,Noreste,Bosque Templado,0.34810588
-99.89145325109766,27.83698450266825,Noreste,Pastizal,0.42802352
-112.32910922182751,26.159168921098566,Noroeste,Manglar,0.9871087
-100.5909529404233,17.987114132206298,Sur,Bosque Templado,0.8711712
-96.19925392712159,17.674020387206163,Noreste,Selva Húmeda,0.92136174
-102.02772125129844,25.872394823566683,Noreste,Manglar,0.9559823
-90.03483965216579,18.75155763169064,Sureste,Bosque Templado,0.9804068
-102.96481944344418,23.38652421764102,Centro,Matorral Seco,0.17306471
-106.66923102522283,30.68313698811482,Noreste,Manglar,0.92044705
-103.10251840969025,20.79923390963999,Occidente,Bosque Templado,0.24810588
-99.31008441049978,23.92203358436159,Noreste,Pastizal,0.9717343
-115.67196479659766,30.434944915997704,Noroeste,Manglar,0.99418646
-107.46444607581913,31.62876988947415,Noreste,Pastizal,0.93988764
-107.1265282563261,28.934099295445694,Noreste,Bosque Templado,0.8167494
-90.23442601985779,19.80886078008209,Sureste,Selva Húmeda,0.6632006
-108.02073520520699,30.68958116928077,Noreste,Pastizal,0.96294177
-90.40337771648204,19.849320126324702,Sureste,Manglar,0.7056224
-110.21115968033192,29.66560508207561,Noroeste,Matorral Seco,0.60860175
-115.11810810078673,31.496630948077513,Noroeste,Selva Húmeda,0.98917645
-104.39394599191279,19.351081423044644,Occidente,Bosque Templado,0.7452959
-102.22556658776361,27.174328367625783,Noreste,Manglar,0.6388218
-88.87929828512567,20.199897711008255,Sureste,Manglar,0.7870418
-101.9542373746438,22.05680327377315,Centro,Selva Húmeda,0.3410059
-89.67352923660127,18.8166782310465,Sureste,Manglar,0.8749688
-100.86972569049107,20.167700421548915,Centro,Bosque Templado,0.43208823
-107.25531688625176,27.90473083292418,Noreste,Selva Húmeda,0.80439824
-101.60198382090283,25.699158558007564,Noreste,Pastizal,0.9542
-100.6580621333886,25.068076566938966,Sur,Bosque Templado,0.17941177
-109.53230487233293,27.86078807888218,Noroeste,Selva Húmeda,0.6817541
-100.54923571052083,26.734251756689524,Sur,Pastizal,0.9909237
-102.06950971610092,29.715465728144252,Noreste,Manglar,0.9658559
-99.36458573406422,22.024217360910924,Centro,Pastizal,0.8844035
-103.38693769477314,28.43183190460104,Noreste,Matorral Seco,0.87444174
-110.13703466971525,31.26996562312288,Noroeste,Manglar,0.5032035
-100.26479873920181,24.51484414935534,Sur,Bosque Templado,0.99069864
-114.4724082357887,29.48171097473325,Noroeste,Selva Húmeda,0.9893995
-108.75972321644986,27.706821428191407,Noreste,Pastizal,0.95776826
-104.27543788126343,27.599123222784645,Noreste,Bosque Templado,0.83731765
-98.59964835289058,25.243555782962677,Noreste,Bosque Templado,0.36151764
-105.45201636092428,30.39206677666428,Noreste,Matorral Seco,0.9232459
-105.23013746414281,29.440957328753722,Noreste,Pastizal,0.9439906
-102.89610009766456,22.65452577378856,Centro,Selva Húmeda,0.21568823
-92.90161248322468,18.05566331074059,Sureste,Manglar,0.35421765
-101.13144588917359,20.320655784917644,Centro,Matorral Seco,0.69463
-102.01599119153988,28.041784229336802,Noreste,Manglar,0.73587704
-104.26222980116765,29.234393090611565,Noreste,Bosque Templado,0.8872482
-105.86810235998053,27.483134519655835,Noreste,Bosque Templado,0.8455482
-113.99340802678938,29.04625360776377,Noroeste,Selva Húmeda,0.9915028
-108.31810386648137,27.047633635385566,Noreste,Matorral Seco,0.92158353
-99.41226271849789,17.17749137973064,Sur,Manglar,0.74818057
-100.36146367244446,25.5338700023113,Sur,Matorral Seco,0.95191586
-97.00577502937749,18.720160349196256,Sureste,Selva Húmeda,0.62558293
-92.99813524429214,16.40484757173451,Sureste,Pastizal,0.30443528
-99.6793468834631,18.748025213168024,Sur,Selva Húmeda,0.30958822
-106.4177027440029,27.46647265759896,Noreste,Selva Húmeda,0.38755882
-105.17876871556989,28.67609141344194,Noreste,Selva Húmeda,0.77139646
-107.6679575709326,29.737111253266058,Noreste,Matorral Seco,0.9972414
-110.27032143534744,30.68589651548083,Noroeste,Manglar,0.8301394
-115.20585758267279,31.052518956933937,Noroeste,Matorral Seco,0.9772654
-104.1793821744683,20.01398410002595,Occidente,Selva Húmeda,0.4533953
-106.76282970254289,30.866341885052357,Noreste,Selva Húmeda,0.96596
-106.42616282435344,30.24329078628188,Noreste,Pastizal,0.24334706
-106.14107835367466,27.908721473191683,Noreste,Pastizal,0.31414118
-98.0518420351443,16.43393160312119,Noreste,Matorral Seco,0.40368822
-101.55695260668242,26.21566238174825,Noreste,Selva Húmeda,0.91521174
-104.14213894722755,28.84241392468221,Noreste,Manglar,0.9360035
-90.72143203312892,18.625461050512566,Sureste,Selva Húmeda,0.40159413
-106.75128437645287,23.76772429878501,Noroeste,Selva Húmeda,0.33438236
-99.25969859390013,16.948165437787182,Sur,Pastizal,0.36392352
-111.61198961315554,25.974379784030067,Noroeste,Matorral Seco,0.92488235
-103.23553066614248,20.39001177370607,Occidente,Pastizal,0.18991177
-100.44023035175657,19.028237277381415,Centro,Bosque Templado,0.6267865
-99.12714606737408,24.562988456328732,Noreste,Manglar,0.8565094
-106.7583680653641,23.787205851105263,Noroeste,Selva Húmeda,0.5671506
-103.75249112015791,20.03190508586025,Occidente,Pastizal,0.82269824
-100.34706343118762,25.99744496593349,Sur,Pastizal,0.9991727
-108.5149668216196,27.35482749318742,Noreste,Pastizal,0.65293527
-98.06075643833299,18.738206858494937,Centro,Matorral Seco,0.23007648
-102.0474132481609,24.033372500611186,Centro,Manglar,0.8929924
-99.13774203645332,19.075066172999573,Sur,Bosque Templado,0.75817883
-102.74652733231167,18.319464263794355,Occidente,Manglar,0.5282688
-99.39448933338765,21.10375745471884,Centro,Manglar,0.5432806
-101.41635515943528,18.05807030602533,Sur,Matorral Seco,0.86050355
-111.97309342123211,25.010698153009415,Noroeste,Pastizal,0.9686994
-105.67208658468289,29.302363230170773,Noreste,Pastizal,0.92896646
-103.24422157786117,26.248869625470295,Noreste,Bosque Templado,0.9906105
-103.30211676674249,27.84955336876486,Noreste,Bosque Templado,0.89411414
-111.29558453804015,28.683675303354434,Noroeste,Manglar,0.93019646
-103.64001608104564,20.14892511732797,Occidente,Manglar,0.5336229
-100.83929616074629,27.398573525049567,Noreste,Pastizal,0.9095994
-107.21065599730895,29.9636759468268,Noreste,Bosque Templado,0.34505883
-92.86450605149128,16.517955160495532,Sureste,Selva Húmeda,0.3656941
-100.40189580593855,18.590175650535997,Sur,Selva Húmeda,0.9150688
-99.31970716214403,19.00206280042086,Sur,Bosque Templado,0.9227888
-102.5880373993758,18.460122486805812,Occidente,Pastizal,0.5089847
-109.98302249951456,23.578029086719514,Noroeste,Bosque Templado,0.9617635
-103.34398839380657,26.594797045996316,Noreste,Manglar,0.9638441
-88.4096702373808,18.856991830937417,Sureste,Selva Húmeda,0.93304944
-100.96137537255342,24.598861458201537,Noreste,Selva Húmeda,0.9446441
-101.83502571537717,24.449700627504818,Centro,Bosque Templado,0.993823
-106.01851401103146,27.817481238429806,Noreste,Pastizal,0.31882352
-100.37675018160438,26.703018906869346,Sur,Pastizal,0.96043825
-99.63133321744998,18.19520818663564,Sur,Selva Húmeda,0.6214553
-108.7288869281145,30.98856829289296,Noreste,Manglar,0.90588117
-96.91404232389287,18.428784029387135,Centro,Matorral Seco,0.61977
-111.71171957908416,26.0329630046661,Noroeste,Manglar,0.99880666
-97.40571276303287,19.5036330499085,Centro,Pastizal,0.3293294
-111.22028849122276,28.315943374380325,Noroeste,Bosque Templado,0.9657206
-103.88084214272219,18.90415229210362,Occidente,Selva Húmeda,0.00032941176
-103.26911255541471,23.827033105694717,Centro,Manglar,0.40824705
-100.69575159934266,18.312154838148437,Sur,Matorral Seco,0.20937058
-93.11461028559592,17.71985128179274,Sureste,Manglar,0.5816724
-105.06089647638497,21.188386028700233,Occidente,Bosque Templado,0.6230253
-107.50484715283129,30.30465369621454,Noreste,Pastizal,0.8373694
-101.38285054374558,26.203663716534745,Noreste,Bosque Templado,0.71680355
-104.87886214430377,22.5337075119231,Occidente,Pastizal,0.8338853
-102.60141689734932,18.618361531537445,Occidente,Bosque Templado,0.59630704
-101.06594129013344,19.626518783111276,Occidente,Selva Húmeda,0.8629694
-91.13096066782461,18.27516944963165,Sureste,Manglar,0.38424116
-107.77707094005861,26.725886466229497,Noreste,Matorral Seco,0.9749423
-97.87308522338031,18.068828542663407,Centro,Bosque Templado,0.32132354
-93.67116969479086,16.331618679744825,Sureste,Bosque Templado,0.9824385
-106.37912825768231,27.11100353077838,Noreste,Pastizal,0.5720147
-104.5807605806657,28.74882054706843,Noreste,Manglar,0.17659412
-107.15053027398397,25.019854468211985,Noroeste,Selva Húmeda,0.5265047
-111.76812265270603,28.99728164495634,Noroeste,Manglar,0.5139588
-112.66314470388437,27.502565721308077,Noroeste,Selva Húmeda,0.99699956
-103.19261095722143,19.54814056038963,Occidente,Manglar,0.53123415
-96.07738324924509,17.843312536131915,Noreste,Selva Húmeda,0.98838717
-92.02511782965813,16.105723349903062,Sureste,Manglar,0.5870341
-104.36273623844706,26.9315461610395,Noreste,Bosque Templado,0.7908059
-97.97721723350021,17.963695248885553,Noreste,Pastizal,0.38692942
-98.04553740091221,18.227420753255974,Centro,Selva Húmeda,0.30348235
-110.38465196910923,28.62829874919257,Noroeste,Selva Húmeda,0.81121176
-93.50909621031178,16.42187458510866,Sureste,Bosque Templado,0.27829412
-95.65645795134779,18.622125842134757,Sureste,Selva Húmeda,0.39324117
-99.25415557130711,18.751265328372984,Sur,Matorral Seco,0.3577706
-100.03914611588159,17.14048101299943,Sur,Pastizal,0.79623944
-105.66968620440363,28.91473235646452,Noreste,Selva Húmeda,0.9613647
-103.6129822686659,20.813706149397404,Occidente,Matorral Seco,0.5930194
-100.34474626646286,28.05337679194515,Noreste,Pastizal,0.9701947
-96.6107355207438,17.367911126685396,Noreste,Pastizal,0.6803847
-104.8796154212107,22.286294533934917,Occidente,Manglar,0.82584
-98.69935344517464,19.58309831018168,Centro,Pastizal,0.27931178
-87.54185463949874,19.89094491858504,Sureste,Matorral Seco,0.94261175
-113.95404135125874,29.299825276644764,Noroeste,Pastizal,0.97965693
-102.64228004709305,19.12828451262973,Occidente,Bosque Templado,0.70236707
-100.96455890543292,19.595369406006444,Occidente,Pastizal,0.7884594
-102.40841393302031,20.89490553160057,Occidente,Selva Húmeda,0.34105295
-103.39272188414984,20.957037604602736,Occidente,Bosque Templado,0.61236763
-103.00117669739694,26.198233105664787,Noreste,Selva Húmeda,0.9856764
-100.67675772929177,21.724329827244517,Centro,Selva Húmeda,0.20432353
-93.59628895745078,17.671105754411204,Sureste,Manglar,0.42211178
-101.34165179650364,21.612222964404037,Centro,Bosque Templado,0.8162053
-87.32849271370036,21.221211824177526,Sureste,Pastizal,0.9198041
-106.8225270545029,23.974073890186876,Noroeste,Matorral Seco,0.32877058
-100.39683536259918,19.303414670969254,Occidente,Matorral Seco,0.6131553
-108.18681705237944,28.11527097980186,Noreste,Bosque Templado,0.98969054
-94.65413646262719,17.16942664169152,Noreste,Matorral Seco,0.8711012
-115.58366616552729,30.328954174281797,Noroeste,Manglar,0.9948868
-103.95190390266448,20.952697078326022,Occidente,Pastizal,0.91587883
-108.33072368018573,26.63619799383217,Noroeste,Matorral Seco,0.32281175
-105.42845735477472,22.027867163675904,Occidente,Bosque Templado,0.48165765
-99.19959045793097,22.24709640042808,Centro,Matorral Seco,0.49150234
-102.94492259386398,18.800015227409087,Occidente,Pastizal,0.9407088
-98.82088189726146,19.645908991766696,Centro,Bosque Templado,0.21517059
-106.44443066991276,28.513642741381936,Noreste,Matorral Seco,0.6432706
-103.82536902818201,18.928396674158304,Occidente,Manglar,0.49603176
-104.60990509332294,20.744485844557012,Occidente,Manglar,0.8016982
-96.95330681298884,19.389873229109607,Sureste,Pastizal,0.33065882
-97.00520712727045,18.04674804644802,Noreste,Matorral Seco,0.3808353
-115.4876965539941,30.888730368420457,Noroeste,Selva Húmeda,0.9961536
-108.2285382890899,30.18930808949237,Noreste,Bosque Templado,0.9693188
-103.24174622882546,20.793580909969045,Occidente,Pastizal,0.31625295
-98.28860034544523,21.23545311044978,Centro,Bosque Templado,0.3615
-99.84975458496955,26.065782678954033,Sur,Selva Húmeda,0.7756218
-99.40096329473214,26.087352506736718,Sur,Selva Húmeda,0.51986706
-103.43855276543859,27.486227655529206,Noreste,Bosque Templado,0.91166586
-101.45865944720094,25.23757216639687,Noreste,Bosque Templado,0.9482865
-108.1467031735692,25.577310876086667,Noroeste,Selva Húmeda,0.2963706
-106.04560054005725,28.01705796425566,Noreste,Matorral Seco,0.46459824
-102.7097131080805,28.611193576091875,Noreste,Manglar,0.9701659
-111.23181146628262,30.937579705237642,Noroeste,Pastizal,0.9290688
-100.1979355832547,20.460664057770327,Centro,Bosque Templado,0.37819412
-104.66422262411245,22.37594002586832,Occidente,Bosque Templado,0.4371647
-95.71096195300746,18.020555356720102,Sureste,Matorral Seco,0.3283412
-101.27223348501445,20.5505887034614,Centro,Bosque Templado,0.21808235
-104.64551426599617,28.512768291164775,Noreste,Matorral Seco,0.67576766
-104.51664432701955,28.718249125184112,Noreste,Manglar,0.19725883
-87.84405584971988,20.691331060315584,Sureste,Selva Húmeda,0.6582212
-110.77805900255873,24.072956241366146,Noroeste,Pastizal,0.9444735
-88.870782357905,19.7769194513359,Sureste,Manglar,0.73655826
-103.32941716225375,28.99714117660406,Noreste,Matorral Seco,0.9526259
-101.84841924180421,25.454416493670323,Noreste,Bosque Templado,0.9189794
-94.836924767966,16.531117715077638,Noreste,Selva Húmeda,0.24828823
-88.49508638653585,20.598185945278143,Sureste,Pastizal,0.70906883
-109.07221838601107,29.5096348521286,Noroeste,Selva Húmeda,0.8659918
-93.89558751829438,16.287818838013177,Sureste,Pastizal,0.5873465
-103.68063712721086,21.04728178682612,Occidente,Matorral Seco,0.5710988
-106.54669654053974,26.798871630148632,Noreste,Pastizal,0.9133223
-107.58000133998823,29.299238620341434,Noreste,Pastizal,0.9801327
-102.72111197460251,20.50842830725907,Occidente,Matorral Seco,0.2778059
-95.41956376104187,16.31540735415118,Noreste,Manglar,0.7108988
-92.3563081002767,17.28442129416118,Sureste,Manglar,0.94586116
-103.77757857644535,26.96641940413013,Noreste,Pastizal,0.9242871
-104.77979161278824,27.757492777329723,Noreste,Manglar,0.5762547
-90.94781113410613,18.217758139382763,Sureste,Matorral Seco,0.39998236
-101.90564515477024,26.12017114412678,Noreste,Manglar,0.9978542
-109.48433040152645,30.98851118848187,Noroeste,Selva Húmeda,0.8808441
-102.61928879630497,21.41695706842957,Occidente,Manglar,0.41421175
-115.50349087726522,30.163342042606523,Noroeste,Pastizal,0.99593097
-105.01967313691246,26.63364493618732,Noreste,Matorral Seco,0.9353065
-109.63372404393428,23.157757004065957,Noroeste,Matorral Seco,0.9716424
-102.08508191679833,19.48326157624138,Occidente,Matorral Seco,0.23622353
-88.4042558978046,20.013126321565704,Sureste,Pastizal,0.94589
-100.9472926223648,28.418396741611183,Noreste,Pastizal,0.84109527
-99.34791204212112,18.70667262679501,Sur,Matorral Seco,0.2737706
-90.94410234920755,18.627889632193874,Sureste,Bosque Templado,0.40090588
-94.59295541369978,18.027780294636834,Sureste,Selva Húmeda,0.2201
-101.53617558656072,26.43430846163637,Noreste,Pastizal,0.9439106
-100.2580041563922,21.584111143007874,Centro,Selva Húmeda,0.9374
-101.42262885141366,26.269902699307117,Noreste,Pastizal,0.9709328
-99.01296150815242,26.132171431031942,Noreste,Pastizal,0.23839411
-105.42469899966687,27.313650103932076,Noreste,Selva Húmeda,0.47055116
-105.3071105612712,22.396936445935623,Occidente,Matorral Seco,0.17698236
-98.21582709915549,20.048523329374344,Centro,Pastizal,0.08678235
-100.97050934401334,29.054382154521065,Noreste,Selva Húmeda,0.7834053
-111.46734045970135,28.58099303688484,Noroeste,Bosque Templado,0.3318353
-115.5322197143802,32.16930016490011,Noroeste,Bosque Templado,0.9232335
-103.22540495445207,23.07905341515761,Centro,Bosque Templado,0.29262352
-99.79460649166563,22.483111986870465,Centro,Pastizal,0.94919705
-101.53816112950868,27.22965944044068,Noreste,Bosque Templado,0.9842586
-108.85541987398105,30.46077992729607,Noroeste,Bosque Templado,0.8884053
-100.43424154557405,27.931969025734524,Noreste,Selva Húmeda,0.96363115
-101.68590912957576,20.07084402137529,Occidente,Matorral Seco,0.6791259
-99.38245375400888,20.351924599233808,Centro,Matorral Seco,0.22514118
-106.77249652738256,24.573043892256504,Noroeste,Matorral Seco,0.8892177
-97.58740021610139,17.591759194862565,Noreste,Matorral Seco,0.6676582
-115.04740012081001,30.32809217516686,Noroeste,Manglar,0.9637082
-99.90564930862617,23.900071944417956,Sur,Manglar,0.80089295
-105.27700501176331,26.561604314151896,Noreste,Pastizal,0.50758237
-87.96985173919657,21.60641467589181,Sureste,Manglar,0.38126472
-100.66487612260002,19.791080814534872,Occidente,Pastizal,0.32737058
-107.04679535841171,26.355034962085917,Noreste,Matorral Seco,0.9420559
-98.70001764297993,25.107888050141586,Noreste,Pastizal,0.8961924
-112.82660557525065,30.74585645616042,Noroeste,Matorral Seco,0.47832766
-88.51267087212757,20.491890386191365,Sureste,Bosque Templado,0.6089712
-111.74434879108713,26.473452605509245,Noroeste,Selva Húmeda,0.9987743
-107.12839169072005,26.812744396607712,Noreste,Matorral Seco,0.60369587
-102.77589057484455,20.448166357838833,Occidente,Matorral Seco,0.28842354
-103.54152091798129,22.67693273383525,Centro,Bosque Templado,0.6048688
-112.12523641403438,30.613762908302412,Noroeste,Bosque Templado,0.7315712
-108.25353701471565,28.825997097588697,Noreste,Selva Húmeda,0.9358318
-100.43406344449487,27.87546072249933,Noreste,Bosque Templado,0.9702341
-91.91200969852483,17.64014419630681,Sureste,Bosque Templado,0.36134118
-112.4075477608334,26.322700059971883,Noroeste,Matorral Seco,0.8911971
-101.9537145899149,27.992430488806427,Noreste,Selva Húmeda,0.7593106
-100.85867708880761,28.773769152395822,Noreste,Pastizal,0.10038824
-100.49005104832939,20.126225582161453,Centro,Bosque Templado,0.35304117
-110.59259098868262,29.544569878427406,Noroeste,Bosque Templado,0.9134441
-106.71481092871102,28.42276761974091,Noreste,Selva Húmeda,0.83006763
-100.88707103457796,24.56475756747557,Centro,Selva Húmeda,0.9335018
-101.30971019539578,27.073979784332177,Noreste,Manglar,0.97615707
-99.84011762604499,20.695935010295436,Centro,Bosque Templado,0.36938822
-101.28364743213196,23.312393615084694,Centro,Manglar,0.9042318
-97.60852424347709,20.914036421675142,Sureste,Matorral Seco,0.2378647
-103.82995696550425,28.489258222686967,Noreste,Pastizal,0.9602435
-103.52682420783115,20.729199852585456,Occidente,Matorral Seco,0.7501847
-93.62303184926786,16.063937713266917,Sureste,Matorral Seco,0.31356472
-93.23064396512123,17.852041905443368,Sureste,Manglar,0.35028824
-111.98525777152265,25.65253393360254,Noroeste,Bosque Templado,0.87259704
-102.07193642606354,28.24982039238803,Noreste,Matorral Seco,0.8242653
-110.10317287260395,23.598946915887517,Noroeste,Bosque Templado,0.99999726
-106.69710655664637,23.804447917800303,Noroeste,Pastizal,0.9516271
-99.75158542681561,21.517780904303653,Centro,Pastizal,0.8017935
-99.23497917994277,19.377289945387,Centro,Selva Húmeda,5.882353e-05
-108.46280042105504,27.96558467511373,Noreste,Matorral Seco,0.86296177
-111.7548753502158,25.793866864766237,Noroeste,Matorral Seco,0.98641753
-98.33277795664102,23.474676835972545,Noreste,Manglar,0.8470294
-103.00519923062951,28.979734448602102,Noreste,Selva Húmeda,0.9611853
-99.27867342085595,19.219397152054174,Centro,Manglar,0.61932296
-109.32848704830967,26.925103827680303,Noroeste,Matorral Seco,0.7056741
-104.18365355276187,28.71343987855805,Noreste,Matorral Seco,0.6696706
-102.54131698993623,26.70414455710072,Noreste,Selva Húmeda,0.97370374
-102.41487375587798,18.77208918800044,Occidente,Bosque Templado,0.6593259
-99.41624584642845,18.325208403594296,Sur,Matorral Seco,0.19014706
-109.54205728790569,29.510467565033426,Noroeste,Bosque Templado,0.64569116
-101.39768585709392,27.231108600809332,Noreste,Selva Húmeda,0.8122253
-100.43712743975303,26.073469100174837,Sur,Selva Húmeda,0.9903938
-114.09474961632755,28.629636013230645,Noroeste,Manglar,0.95263296
-107.64630038500175,31.34777434580063,Noreste,Selva Húmeda,0.84925765
-100.45810044053104,23.706940172433445,Centro,Pastizal,0.8981235
-104.84495527359208,29.130943560021162,Noreste,Selva Húmeda,0.8458241
-101.5675023699393,22.17691385801493,Centro,Pastizal,0.34697646
-112.36372970376485,26.9901430490683,Noroeste,Selva Húmeda,0.9522865
-101.3747861841299,23.192007346507204,Centro,Manglar,0.9827635
-104.43588837088596,28.496794086323657,Noreste,Pastizal,0.6694112
-102.48817757620695,26.504916910857666,Noreste,Pastizal,0.9739723
-98.08518955511722,25.26579069829775,Noreste,Matorral Seco,0.6266759
-106.42023678983496,26.247274550416396,Noreste,Pastizal,0.9796837
-110.08866238480998,28.53355113060168,Noroeste,Selva Húmeda,0.91887236
-102.62055398682934,21.93010564934631,Centro,Pastizal,0.89933944
-101.72587046653062,24.266125337069294,Centro,Bosque Templado,0.8614353
-87.08691824844769,20.683578437768706,Sureste,Matorral Seco,0.82335174
-114.88938985842286,32.58815418965313,Noroeste,Pastizal,0.17597058
-108.17767907453712,26.307275363947895,Noroeste,Selva Húmeda,0.8703565
-111.45463709486638,24.456349269259306,Noroeste,Manglar,0.6669176
-90.75757878331487,18.079969649947824,Sureste,Matorral Seco,0.6468612
-89.12447940023533,19.559423397955314,Sureste,Selva Húmeda,0.68928057
-100.78260724065326,21.933114319714736,Centro,Matorral Seco,0.61962295
-106.75028828456709,28.28887156459119,Noreste,Bosque Templado,0.5875624
-98.49013775921762,20.60852294433081,Sureste,Bosque Templado,0.8792182
-103.59368996807495,20.923773985152554,Occidente,Matorral Seco,0.45131588
-109.30706842090365,29.29691902668118,Noroeste,Selva Húmeda,0.8198547
-94.96164384437319,18.452355457626794,Sureste,Pastizal,0.40252942
-103.56634640566693,27.556934309149646,Noreste,Matorral Seco,0.9683165
-86.87558910481289,21.153830368942668,Sureste,Bosque Templado,1.1764706e-05
-105.40225005990088,26.5305006389448,Noreste,Bosque Templado,0.40435293
-93.06065501481386,16.306263202484594,Sureste,Pastizal,0.8765894
-96.04896407531825,18.163743353520314,Noreste,Selva Húmeda,0.35624117
-108.8691990731755,28.133882949318235,Noreste,Pastizal,0.87843233
-107.95683583135806,25.828530997393067,Noroeste,Bosque Templado,0.97486025
-99.82290911928038,27.150569669678756,Sur,Pastizal,0.84596413
-99.56415985113874,23.52963847653556,Noreste,Manglar,0.80687
-102.22468035471738,29.290748289219156,Noreste,Matorral Seco,0.8309718
-107.61471889487704,28.534192331326814,Noreste,Bosque Templado,0.96970296
-103.66687756576444,21.05364796119413,Occidente,Matorral Seco,0.4738853
-104.97252159677453,20.560054393797103,Occidente,Matorral Seco,0.85948056
-108.20751070365476,29.504645526172748,Noreste,Pastizal,0.8936494
-100.49158804923835,24.021422711358806,Sur,Matorral Seco,0.83946645
-100.42669323826463,24.91785804240216,Sur,Selva Húmeda,0.39014706
-91.03452965231874,17.583444419567755,Sureste,Pastizal,0.37702942
-98.57931337179575,23.697966851864372,Noreste,Selva Húmeda,0.9968326
-97.11073694226779,17.676366164167902,Noreste,Bosque Templado,0.73269355
-106.01749834333452,23.92075248214709,Noroeste,Selva Húmeda,0.9182447
-107.60220688644853,30.85260475911172,Noreste,Matorral Seco,0.47196472
-91.16412711722701,17.328199891190348,Sureste,Matorral Seco,0.5678047
-93.43053834741606,16.72758821188126,Sureste,Pastizal,0.30044705
-106.99865450577009,30.29017943888328,Noreste,Manglar,0.8668906
-97.41082619108751,20.467466120963785,Sureste,Selva Húmeda,0.30934706
-98.35760461444032,24.901219476957117,Noreste,Selva Húmeda,0.69627
-100.4887470389669,21.363280669293577,Centro,Selva Húmeda,0.5230406
-100.68645878640265,20.65740433317193,Centro,Selva Húmeda,0.68865234
-109.3368014925962,27.795932877237494,Noroeste,Pastizal,0.7058953
-111.81666001101222,29.446197805552444,Noroeste,Matorral Seco,0.97696596
-99.30942822877618,24.208829893404125,Noreste,Manglar,0.96731764
-100.59234385865678,19.916401287595466,Occidente,Matorral Seco,0.40682352
-101.84535112876377,25.7535416534531,Noreste,Pastizal,0.95689
-90.60135792940433,18.787913627054557,Sureste,Selva Húmeda,0.70656586
-106.14734308998253,27.62216386726374,Noreste,Selva Húmeda,0.3304294
-104.16633037345821,29.28728400727671,Noreste,Selva Húmeda,0.96863884
-96.20902128999016,16.39036765829321,Noreste,Matorral Seco,0.9142718
-106.79424201821962,31.194968484458343,Noreste,Selva Húmeda,0.10164706
-99.58266850546222,25.119306984980167,Sur,Manglar,0.90109235
-99.8748735418398,17.115649932778506,Sur,Selva Húmeda,0.92671764
-100.14572765962156,24.772408488414595,Sur,Selva Húmeda,0.64485234
-99.24815303047815,24.157671980589743,Noreste,Bosque Templado,0.7250776
-97.29723789231345,16.26891015967781,Noreste,Selva Húmeda,0.81248
-106.102499834952,28.967739933455487,Noreste,Matorral Seco,0.81830764
-104.80109731520018,27.151557300848864,Noreste,Manglar,0.8542994
-95.00846263985288,16.46868579911557,Noreste,Selva Húmeda,0.26975882
-95.0241147976484,17.08849547003411,Noreste,Selva Húmeda,0.8701006
-93.3383630877265,16.559084971178432,Sureste,Matorral Seco,0.47671118
-99.46291028425726,23.774120947983306,Noreste,Matorral Seco,0.77183056
-104.09160132764111,27.857338091517935,Noreste,Selva Húmeda,0.91552293
-113.21342970507416,31.419815856488686,Noroeste,Bosque Templado,0.8771053
-102.91197266258439,25.170967257073706,Noreste,Pastizal,0.8992782
-104.56007345915444,26.568528308121127,Noreste,Manglar,0.8160553
-106.33096837230757,30.095919686360926,Noreste,Manglar,0.19592941
-99.74888390465546,23.027426305649072,Noreste,Selva Húmeda,0.68417174
-108.39642459476241,25.556018076249284,Noroeste,Matorral Seco,0.17697647
-100.26726939375784,24.4552389415387,Sur,Pastizal,0.96849
-97.70381384306683,25.73548891813994,Noreste,Manglar,0.18544118
-111.11070580917416,29.751384378535562,Noroeste,Matorral Seco,0.8738088
-105.28589350535752,20.75157229713968,Occidente,Selva Húmeda,0.19145294
-98.91586689902606,21.63277148981103,Centro,Manglar,0.36691177
-101.11691585657132,27.207002370686432,Noreste,Selva Húmeda,0.96094
-109.86074481933372,28.40364441047949,Noroeste,Pastizal,0.38771763
-99.98407538981492,21.693270163234338,Centro,Selva Húmeda,0.86716294
-107.70632275530984,27.79018002382157,Noreste,Bosque Templado,0.96091056
-98.49427628968508,18.77014461989238,Centro,Matorral Seco,0.28966472
-108.89359533325663,26.792253901197988,Noroeste,Matorral Seco,0.30322942
-106.77302089367635,23.6514288165289,Noroeste,Matorral Seco,0.41791764
-109.21681404960871,26.007808128536805,Noroeste,Pastizal,0.9469823
-98.99096249490798,21.631797580840146,Centro,Pastizal,0.29717648
-98.97020435974518,19.307464805153923,Centro,Bosque Templado,0.0
-103.3924657445545,24.290168861145766,Centro,Pastizal,1.1764706e-05
-92.94866263053594,15.676922322587231,Sureste,Matorral Seco,0.8571788
-111.60749472171454,25.402494956865873,Noroeste,Bosque Templado,0.9963009
-112.20812636612466,26.52896021196807,Noroeste,Matorral Seco,0.9701506
-105.34125672452065,22.989697371358904,Occidente,Selva Húmeda,0.9731038
-110.45526495315674,28.519080771325967,Noroeste,Manglar,0.89003295
-108.2118930249241,26.272254472208516,Noroeste,Bosque Templado,0.979384
-102.5036055796232,29.14309854822221,Noreste,Selva Húmeda,0.8507612
-109.35704859991608,29.772595764636844,Noroeste,Bosque Templado,0.88880175
-114.1858152910055,28.889980953023695,Noroeste,Selva Húmeda,0.9903753
-103.33918800024698,23.183694997226763,Centro,Matorral Seco,0.2811353
-98.91032743502304,20.657488245554788,Centro,Selva Húmeda,0.73098296
-88.5022306913926,20.771008133926337,Sureste,Pastizal,0.67544293
-103.36748171026616,19.896190110547135,Occidente,Pastizal,0.21837647
-99.50058330714054,23.526318615557447,Noreste,Pastizal,0.88137233
-87.52664236282564,19.52885718719754,Sureste,Pastizal,0.8080241
-92.82606730852851,16.10515727166955,Sureste,Bosque Templado,0.17732354
-101.96310318843535,25.40777955499874,Noreste,Pastizal,0.25022352
-110.12989666435784,29.862692979313003,Noroeste,Bosque Templado,0.9204741
-105.97223355584521,30.5890252225536,Noreste,Matorral Seco,0.96082115
-109.27915304095391,29.339423911015594,Noroeste,Pastizal,0.89925647
-98.15150302493903,24.731478421343947,Noreste,Selva Húmeda,0.3464059
-112.47762165254915,31.540165165699108,Noroeste,Pastizal,0.98485404
-107.66806933340501,27.874830605383774,Noreste,Pastizal,0.9306471
-91.21161264320754,17.67903511651456,Sureste,Manglar,0.4117588
-104.78666139251945,21.35970438128133,Occidente,Selva Húmeda,0.92863
-105.6173239166737,28.97329310138179,Noreste,Manglar,0.83872056
-113.86079047312676,29.38630062176014,Noroeste,Selva Húmeda,0.997308
-104.79950374666893,22.242088565488437,Occidente,Selva Húmeda,0.6782894
-103.3445886255185,28.672927024204977,Noreste,Bosque Templado,0.9637553
-98.77365748012795,18.28343227191272,Centro,Bosque Templado,0.58526415
-104.34952722979915,20.834669077264564,Occidente,Selva Húmeda,0.5225124
-98.09714014865916,19.979738073849386,Centro,Bosque Templado,0.47341707
-110.01325397979346,23.187346652761015,Noroeste,Matorral Seco,0.99999946
-100.63615626972432,24.021181844022212,Centro,Selva Húmeda,0.7656594
-102.27518610102061,19.650960685317273,Occidente,Bosque Templado,0.26794118
-100.64563344430405,27.731846095818256,Noreste,Pastizal,0.89429057
-102.39584781813228,23.24995600843156,Centro,Selva Húmeda,0.37918234
-100.94993620167878,24.179383073231342,Centro,Selva Húmeda,0.5011512
-97.4647773318264,16.075727562503978,Noreste,Pastizal,0.5754588
-101.13010737340039,20.31324805288856,Centro,Manglar,0.7037041
-92.24481045314519,15.19150484229221,Sureste,Pastizal,0.87870646
-93.15493900402097,18.01171914041016,Sureste,Pastizal,0.28424707
-111.41580088521609,28.379238639390604,Noroeste,Matorral Seco,0.45597
-110.00260881347025,27.206150857275194,Noroeste,Manglar,0.17681177
-90.21418315233295,20.8716292435003,Sureste,Pastizal,0.5781747
-94.07420683647607,16.674216411902123,Sureste,Bosque Templado,0.996013
-111.85678521922578,31.00776767374319,Noroeste,Matorral Seco,0.97132456
-109.38924284100074,30.725518983702866,Noroeste,Matorral Seco,0.88831
-109.80619524404594,29.17525774943505,Noroeste,Manglar,0.9910982
-107.48132027796842,24.9327240728424,Noroeste,Selva Húmeda,0.9972487
-99.67384556687264,23.652063132682425,Noreste,Matorral Seco,0.64539295
-105.79248794825243,29.456604972136862,Noreste,Selva Húmeda,0.9924568
-95.32557836409681,17.17676565417926,Noreste,Selva Húmeda,0.5329659
-110.19079095740335,27.289636093941507,Noroeste,Pastizal,0.1764
-104.00586998586154,28.69455742471694,Noreste,Bosque Templado,0.91356707
-98.84487008589514,22.67146383679783,Noreste,Selva Húmeda,0.21948823
-108.53230615668342,27.826343097697855,Noreste,Manglar,0.99346226
-101.77822921581095,22.149509719196306,Centro,Manglar,0.6300012
-94.35372349494067,17.371209257355986,Sureste,Selva Húmeda,0.58376414
-100.46418572435472,26.10336782881911,Sur,Pastizal,0.990752
-106.8530925397168,31.08096160365535,Noreste,Pastizal,0.8716059
-101.4962589680785,27.778996855499766,Noreste,Manglar,0.98516583
-98.12550156043964,19.159441611035668,Centro,Matorral Seco,0.3191294
-87.9859481328488,20.86165797393787,Sureste,Pastizal,0.47904295
-95.56013979535808,18.12365045101671,Sureste,Selva Húmeda,0.31935883
-110.02352544782946,23.68556972813851,Noroeste,Manglar,0.99064165
-106.80147405337705,24.234116976102346,Noroeste,Pastizal,0.95596296
-99.68005931233586,27.3579248890815,Noreste,Matorral Seco,0.94076824
-101.2680420859693,22.02065706926953,Centro,Pastizal,0.79938704
-104.01305483784274,20.38502515156999,Occidente,Matorral Seco,0.7811565
-97.69790532115265,20.930348980934113,Sureste,Pastizal,0.3203
-100.00241674626876,20.185627195920496,Centro,Matorral Seco,0.3083706
-110.87546339653224,28.647383461433883,Noroeste,Pastizal,0.9596165
-112.4711636714231,26.698754770508103,Noroeste,Matorral Seco,0.99989295
-105.2770170542402,20.197931559512536,Occidente,Matorral Seco,0.9510994
-96.15291689330653,19.12233046315778,Sureste,Matorral Seco,0.3329059
-108.80056100696203,30.57234657002679,Noroeste,Pastizal,0.88441414
-93.80137318481111,16.542569316126436,Sureste,Selva Húmeda,0.34432352
-108.33565048268025,27.667737104293135,Noreste,Selva Húmeda,0.9280565
-97.54996755718179,20.120313765259674,Centro,Manglar,0.32633528
-98.0027063080932,21.054929729098,Sureste,Bosque Templado,0.3110294
-105.92881225133463,23.36589796994715,Noroeste,Bosque Templado,0.9805125
-109.8849940193609,28.785567274778952,Noroeste,Matorral Seco,0.4739647
-88.64887248226799,19.681779386867156,Sureste,Bosque Templado,0.8961988
-103.2730891162964,19.566948209293113,Occidente,Bosque Templado,0.55743
-104.74524675148001,26.62960183831996,Noreste,Selva Húmeda,0.84170884
-95.32793653688954,16.398788571739615,Noreste,Selva Húmeda,0.97380656
-97.25847633619038,19.460441975626026,Sureste,Selva Húmeda,0.29510587
-89.32578824973163,19.335069018049147,Sureste,Bosque Templado,0.6855647
-98.74884363569865,18.30158957165502,Centro,Bosque Templado,0.41344118
-111.81131932392893,25.265466529068675,Noroeste,Manglar,0.30154118
-107.32872980332861,31.222601983220514,Noreste,Matorral Seco,0.5127665
-107.08604700047071,31.714709130084852,Noreste,Pastizal,0.98364013
-99.3537582718965,23.093467732685337,Noreste,Matorral Seco,0.9212041
-113.2935004622343,28.381941830459517,Noroeste,Manglar,0.9870529
-100.32204355461839,26.14372589851772,Sur,Matorral Seco,0.0024705883
-108.74901602855515,27.821848593492188,Noreste,Bosque Templado,0.96947646
-104.50370811507973,19.268812554290225,Occidente,Manglar,0.72710115
-102.54482272180759,18.584737773828515,Occidente,Bosque Templado,0.6051112
-109.81098403163202,28.071954242835126,Noroeste,Manglar,0.6044747
-99.01952025737631,17.73054379797962,Sur,Selva Húmeda,0.60289824
-104.23991881755951,21.566311586747524,Occidente,Bosque Templado,0.3859
-100.7151148971572,20.400779295015973,Centro,Matorral Seco,0.47468883
-99.22363357058313,26.31847583908767,Noreste,Manglar,0.45712587
-101.8303136775942,25.985529732645414,Noreste,Selva Húmeda,0.9689329
-89.20462221739723,19.55559928422559,Sureste,Selva Húmeda,0.7846447
-111.4481789105318,25.206831209778176,Noroeste,Selva Húmeda,0.99660474
-99.64759226322585,17.25031022075349,Sur,Manglar,0.6187276
-96.73966464318507,18.498027771539945,Sureste,Bosque Templado,0.33424118
-112.97460714086867,30.55184866966828,Noroeste,Matorral Seco,0.87803704
-92.66310953197606,18.30241657094038,Sureste,Manglar,0.46860352
-96.74255840413022,19.765471008053183,Sureste,Matorral Seco,0.9731132
-105.13429313478426,30.250639207758912,Noreste,Bosque Templado,0.7764235
-105.19098494088618,22.37553111625959,Occidente,Manglar,0.9310488
-102.85902099925254,29.204629705715867,Noreste,Matorral Seco,0.9946672
-97.81706565328707,25.623836468728733,Noreste,Manglar,0.21019411
-103.69857883510318,21.003493653739664,Occidente,Matorral Seco,0.037982352
-107.41112830538627,27.85742969874435,Noreste,Manglar,0.8018788
-110.25165386526406,23.896359674617987,Noroeste,Matorral Seco,0.91446763
-96.01483055299194,17.189546790642908,Noreste,Manglar,0.8287906
-98.96248540959905,20.467952937113516,Centro,Manglar,0.3696647
-92.13471153952975,16.171025219094528,Sureste,Bosque Templado,0.60751116
-100.95586401955254,26.807892369647888,Noreste,Pastizal,0.9773852
-107.55559290027448,30.52441018902992,Noreste,Bosque Templado,0.41855294
-108.01672527550961,30.84824971879464,Noreste,Pastizal,0.55203706
-97.80216235583835,21.07379236458328,Sureste,Bosque Templado,0.19865882
-90.86912504693842,16.159083252944427,Sureste,Selva Húmeda,0.41025883
-92.87033770811631,16.498730989959114,Sureste,Matorral Seco,0.28768235
-107.2410656441942,27.887954462215493,Noreste,Selva Húmeda,0.9614247
-98.91249757998193,23.8401100085284,Noreste,Pastizal,0.2998353
-102.77232269221675,22.58592366387823,Centro,Selva Húmeda,0.2609059
-109.75711379152992,28.866022150469167,Noroeste,Bosque Templado,0.7498647
-111.24639408731008,30.383820493056053,Noroeste,Pastizal,0.52047294
-103.76776188735681,19.03754084719651,Occidente,Matorral Seco,0.65487766
-107.87588982558248,24.71862150657292,Noroeste,Selva Húmeda,0.17676471
-112.32468986284306,30.577647327351524,Noroeste,Matorral Seco,0.95112294
-98.44830326891189,18.145839030626664,Centro,Bosque Templado,0.67798823
-101.99155613420997,27.455863094248052,Noreste,Matorral Seco,0.96092355
-100.06228777735953,25.66069734409159,Sur,Selva Húmeda,0.8227735
-102.42514426409355,24.30845307967244,Centro,Bosque Templado,0.76056296
-88.56941588850498,20.205941987219823,Sureste,Pastizal,0.5809847
-92.29908558802474,15.395657560872618,Sureste,Pastizal,0.2997
-99.87198222629586,17.52991221282906,Sur,Matorral Seco,0.8111818
-103.11799991590547,23.61148869522584,Centro,Pastizal,0.26217648
-101.98186050052034,24.345889557939074,Centro,Pastizal,0.9986027
-96.73185284983445,18.41564548417441,Noreste,Matorral Seco,0.30992353
-97.31507175106431,18.706522115826544,Centro,Bosque Templado,0.2763294
-94.7531319683295,18.41158850176441,Sureste,Matorral Seco,0.41234705
-108.77061012970901,25.553299406981985,Noroeste,Bosque Templado,0.120082356
-111.46941331993109,25.64365692476528,Noroeste,Matorral Seco,0.9983136
-101.55889520736713,29.615874768801877,Noreste,Matorral Seco,0.95907
-89.96826750841458,19.60933230393713,Sureste,Pastizal,0.6891624
-88.47770386422947,21.521604205471736,Sureste,Bosque Templado,0.83033234
-99.43054798708252,19.814935828042866,Centro,Manglar,0.4701353
-100.62494381205633,22.39379772018941,Centro,Selva Húmeda,0.5642147
-101.90218316635843,23.41648587185736,Centro,Selva Húmeda,0.67664236
-113.76160562507394,31.844741359980723,Noroeste,Selva Húmeda,0.50506
-101.72956127003683,22.662671010977785,Centro,Pastizal,0.9803353
-105.9458147114186,30.347996741431064,Noreste,Selva Húmeda,0.9559459
-93.82411031135584,17.88870096390175,Sureste,Selva Húmeda,0.43712354
-99.43177383193563,19.727893757830707,Centro,Selva Húmeda,0.58385587
-99.11506077605678,23.777953670721356,Noreste,Bosque Templado,0.027623529
-98.6315274819443,20.724495171499253,Centro,Matorral Seco,0.30192354
-111.78725132236981,26.578716009642402,Noroeste,Bosque Templado,0.9967659
-115.14921602894138,31.940535419962103,Noroeste,Pastizal,0.9869134
-112.61655312323383,26.36638849262983,Noroeste,Matorral Seco,0.9919132
-101.29824904991582,24.7043762969798,Centro,Matorral Seco,0.9583341
-99.47506782110527,22.96891736450219,Noreste,Pastizal,0.87664
-95.63378347368493,18.17988964207795,Sureste,Matorral Seco,0.36085293
-100.90959702943003,18.373546244479883,Sur,Bosque Templado,0.59139943
-111.81254335288763,26.537957690167744,Noroeste,Selva Húmeda,0.97987735
-94.53561422006888,17.87167521580557,Sureste,Pastizal,0.39417058
-114.66588522626135,30.49065858739926,Noroeste,Pastizal,0.98870534
-99.16670544653047,20.864253760748518,Centro,Bosque Templado,0.67637056
-105.00779160952808,27.458712738851993,Noreste,Pastizal,0.58082885
-99.15555387434026,20.800970439786546,Centro,Pastizal,0.53166413
-89.146548710884,19.862685601398045,Sureste,Matorral Seco,0.86233234
-106.16470391695731,30.584001287549217,Noreste,Selva Húmeda,0.90272355
-113.42093825115938,28.732760188385544,Noroeste,Matorral Seco,0.9870946
-101.7047178666546,22.59532564070013,Centro,Selva Húmeda,0.9038341
-111.91587302444836,30.453368053971964,Noroeste,Selva Húmeda,0.9909803
-100.94083784414141,17.895513155131926,Sur,Bosque Templado,0.81893
-106.58000274276921,23.96385286695282,Noroeste,Manglar,0.3705294
-89.9018894230898,18.277147479703945,Sureste,Pastizal,0.9797477
-97.89273176365407,17.061104445981787,Noreste,Manglar,0.86605704
-100.70790723600898,28.436722639063827,Noreste,Bosque Templado,0.8569106
-102.3835986907747,21.35746149002379,Occidente,Manglar,0.18402353
-114.2474207045342,28.729963805294513,Noroeste,Selva Húmeda,0.9812378
-106.65283302372158,28.7037168130195,Noreste,Matorral Seco,0.90042824
-103.33781881740214,19.92612877766486,Occidente,Pastizal,0.8697247
-102.65051287203259,20.69814200359432,Occidente,Selva Húmeda,0.3593059
-97.74429445857484,26.011899677295393,Noreste,Bosque Templado,0.28073528
-112.85454900943687,26.70150321438317,Noroeste,Matorral Seco,0.77004355
-105.37833144570445,28.344527420215673,Noreste,Matorral Seco,0.7663747
-105.38949206308443,30.140315771369252,Noreste,Selva Húmeda,0.9577647
-103.81345434351775,28.168189391611175,Noreste,Bosque Templado,0.94850296
-108.00498056502393,24.745805541214526,Noroeste,Bosque Templado,0.9364353
-97.33467851946077,19.3226918079903,Centro,Pastizal,0.6865365
-107.32834592988921,30.46818079182653,Noreste,Bosque Templado,0.8523912
-103.3807602878616,27.502750043035018,Noreste,Manglar,0.9459665
-116.0916263132238,32.27369648754523,Noroeste,Manglar,0.9379206
-115.18451088787579,30.79515131979565,Noroeste,Bosque Templado,0.99940264
-113.89429242938456,27.770649096408388,Noroeste,Manglar,0.9713541
-99.84048375250585,18.991302196971187,Centro,Manglar,0.47662234
-104.10696335544152,26.95282404950752,Noreste,Pastizal,0.91013825
-88.14329950973148,19.738641539589544,Sureste,Pastizal,0.7295935
-106.92834304290324,31.016693031838415,Noreste,Bosque Templado,0.88332766
-88.42151485614227,19.935110984624277,Sureste,Selva Húmeda,0.63152295
-100.84966722468138,25.332101578892587,Noreste,Selva Húmeda,0.9570553
-102.03784563910195,21.548920358873367,Occidente,Manglar,0.43691176
-93.19177624988671,16.947040602338387,Sureste,Manglar,0.2871706
-101.38339128339747,29.282117125235484,Noreste,Matorral Seco,0.89296585
-103.44688684163685,19.443353977582916,Occidente,Selva Húmeda,0.19758824
-110.95494843254717,27.94187553194256,Noroeste,Pastizal,0.998962
-93.69498356557826,16.749266886712963,Sureste,Manglar,0.36007646
-100.85644751237017,26.18899765784927,Sur,Bosque Templado,0.37818822
-99.3941646096129,20.897541041429353,Centro,Selva Húmeda,0.77824175
-106.69820058905132,31.39228365325267,Noreste,Selva Húmeda,0.7312188
-103.31178501281425,22.765505716201474,Centro,Matorral Seco,0.90544236
-110.37098256007901,30.75582251173478,Noroeste,Pastizal,0.94269645
-92.49215310880442,17.48276354151572,Sureste,Pastizal,0.4821653
-100.60299597402884,24.507935685711875,Sur,Pastizal,0.75177824
-116.04081433001723,31.045338848684494,Noroeste,Manglar,0.70643646
-99.56871954507791,25.778590340836374,Sur,Selva Húmeda,0.93892825
-115.48424907926166,32.20728398043536,Noroeste,Matorral Seco,0.9934541
-107.59257016376391,29.155730275073903,Noreste,Matorral Seco,0.9660453
-99.46316793818832,24.38455169057333,Noreste,Matorral Seco,0.95077646
-104.51006485505661,28.07364858578571,Noreste,Bosque Templado,0.8231988
-98.93520086237743,19.341604299145345,Centro,Manglar,0.0073
-98.45059521135965,23.149050469610856,Noreste,Matorral Seco,0.9842003
-108.69266821360647,30.416304011318328,Noroeste,Matorral Seco,0.98711276
-92.61516288210301,18.53014783173338,Sureste,Manglar,0.65107703
-98.16396786785958,23.57993350543674,Noreste,Selva Húmeda,0.4237647
-112.61339749911546,31.120629201491063,Noroeste,Selva Húmeda,0.9657635
-97.17100494047583,16.41234755406235,Noreste,Pastizal,0.4004647
-101.15116101655497,26.077121749753406,Noreste,Manglar,0.9580888
-110.96926231049802,28.919222896022262,Noroeste,Manglar,0.6317953
-101.42113926780901,24.367476670043562,Centro,Bosque Templado,0.98953825
-106.42307109411935,30.41533749648295,Noreste,Selva Húmeda,0.8481294
-89.98197474616003,18.06116321318704,Sureste,Matorral Seco,0.95204175
-98.03215111997291,21.595855213148063,Sureste,Bosque Templado,0.28538823
-89.93623927179465,18.009343428036388,Sureste,Manglar,0.76437175
-105.2964743981292,22.718687312156906,Occidente,Pastizal,0.5582559
-100.38972412906975,20.41642831070807,Centro,Matorral Seco,0.40458822
-106.10291198636806,23.420362731720257,Noroeste,Manglar,0.7929641
-105.03638177935983,20.56655062268523,Occidente,Bosque Templado,0.979727
-108.18074491286883,29.8352251117236,Noreste,Matorral Seco,0.95569056
-108.58051024769226,25.73895673432086,Noroeste,Manglar,0.17652941
-102.88110377168992,27.610174246319918,Noreste,Matorral Seco,0.9007494
-113.77836728737782,27.231774155426553,Noroeste,Bosque Templado,0.99999213
-108.31067604910169,26.203507991674357,Noroeste,Selva Húmeda,0.51419294
-101.31501139227151,22.938236091344997,Centro,Bosque Templado,0.8999259
-91.31269657779937,17.72388822094055,Sureste,Manglar,0.41633528
-95.99630604070897,17.33043911859319,Noreste,Selva Húmeda,0.81364
-114.16410392901524,27.240987799391664,Noroeste,Manglar,0.9904294
-98.01187990232451,25.36578134339153,Noreste,Bosque Templado,0.29394117
-104.80229957395925,26.656984511815384,Noreste,Bosque Templado,0.9819445
-93.43794048961973,18.181232770945677,Sureste,Bosque Templado,0.2828941
-89.00397136598187,19.596906916159874,Sureste,Matorral Seco,0.68281174
-114.49286952070969,29.57919142167182,Noroeste,Manglar,0.9903605
-106.25002459092659,24.07634709897005,Noroeste,Pastizal,0.9863736
-107.99205760662204,27.202299867139814,Noreste,Pastizal,0.7045894
-92.92923473005821,18.035523966417554,Sureste,Manglar,0.21125294
-105.2264178400123,22.716204587880934,Occidente,Matorral Seco,0.92996645
-102.61627397498238,29.625943431734715,Noreste,Matorral Seco,0.9941475
-98.85131495354997,17.648318693845155,Sur,Matorral Seco,0.78142
-93.7570410403934,16.47969603466255,Sureste,Bosque Templado,0.28323528
-103.46695176527611,21.890652487503804,Occidente,Matorral Seco,0.44763118
-96.66471717447264,18.228969431999033,Noreste,Bosque Templado,0.82082117
-102.93513760864737,27.204053156992327,Noreste,Pastizal,0.57140297
-102.4186649263811,29.385777551581114,Noreste,Bosque Templado,0.93264586
-97.8280599284828,16.74188814622545,Noreste,Matorral Seco,0.9421894
-103.49322147946968,28.649500414946335,Noreste,Pastizal,0.9612112
-100.47206802701098,17.78879771123568,Sur,Selva Húmeda,0.8527012
-98.42638233224643,17.773622731828382,Noreste,Pastizal,0.33778235
-95.26523001193023,17.21333406041127,Noreste,Pastizal,0.40138236
-105.67696115765571,29.280900215933112,Noreste,Bosque Templado,0.9161682
-101.86485220891801,17.992569542427145,Sur,Bosque Templado,0.5452447
-92.09588503210283,15.863013223299987,Sureste,Pastizal,0.37455884
-109.27328448636355,25.685443908270326,Noroeste,Pastizal,0.9997899
-106.72130279367678,28.744718477265167,Noreste,Manglar,0.5525706
-100.9522182076931,20.97600172688347,Centro,Pastizal,0.39501765
-108.31072967457298,30.125170517873872,Noreste,Pastizal,0.9529859
-108.84835936743727,27.368522980278925,Noroeste,Manglar,0.98545
-98.48051231344321,23.336225602887694,Noreste,Pastizal,0.8655177
-106.91931552249213,30.57803160878672,Noreste,Matorral Seco,0.84071
-102.97589475674417,19.104497356495532,Occidente,Selva Húmeda,0.6157506
-105.84144874123808,31.220920900518866,Noreste,Bosque Templado,0.17582352
-97.97285437220158,19.158820347656413,Centro,Matorral Seco,0.2701
-99.24886030762536,26.44487356093733,Noreste,Pastizal,0.93782234
-101.2488213301411,23.562947539718298,Centro,Pastizal,0.9777494
-106.60073058685322,29.392393102179042,Noreste,Selva Húmeda,0.91225237
-90.87937777589994,18.479058498890733,Sureste,Selva Húmeda,0.7216953
-91.39950933432233,17.08616629622862,Sureste,Pastizal,0.40305296
-110.60575534767239,29.77277392169383,Noroeste,Bosque Templado,0.6035771
-108.47208231298045,27.14784027714089,Noreste,Matorral Seco,0.9032759
-104.17778125358336,28.056327919611803,Noreste,Bosque Templado,0.89011884
-101.03876353951908,22.46274315794734,Centro,Selva Húmeda,0.9447018
-88.4220239990993,21.442113066296734,Sureste,Manglar,0.4109294
-109.97504630115775,23.61141354502538,Noroeste,Pastizal,0.9394447
-101.48026499046573,26.4688765819028,Noreste,Bosque Templado,0.7379394
-96.86069198263411,18.203381422435047,Noreste,Selva Húmeda,0.6138253
-99.55155048089172,17.61663215720447,Sur,Matorral Seco,0.65961236
-97.45328329008889,20.232542050536345,Centro,Matorral Seco,0.33729413
-105.67890680240629,26.6491820311637,Noreste,Selva Húmeda,0.8268447
-102.92566245033123,26.666156866171658,Noreste,Manglar,0.9765183
-106.89842271169044,26.603256352162294,Noreste,Selva Húmeda,0.96539706
-99.13327884970013,20.969365463806547,Centro,Selva Húmeda,0.41652352
-100.0054421873798,21.637257174836126,Centro,Bosque Templado,0.92044115
-103.61702493462862,19.59922966299736,Occidente,Manglar,0.49402
-93.41260187558738,17.384937217422316,Sureste,Manglar,0.40874705
-97.3295648293674,17.179097015454136,Noreste,Pastizal,0.75515884
-99.37794953234322,18.286300199320998,Sur,Selva Húmeda,0.45671704
-91.92120443650677,18.350809304924567,Sureste,Bosque Templado,0.97441906
-116.45279945111845,31.568708760159492,Noroeste,Bosque Templado,0.17665882
-107.55717900834748,25.227723009456987,Noroeste,Bosque Templado,0.97166556
-110.006119529917,30.427229112422804,Noroeste,Pastizal,0.57336235
-99.85755231720265,26.52738857853475,Sur,Pastizal,0.17788823
-91.87049088552965,16.26693062690266,Sureste,Pastizal,0.35842353
-99.38838376947629,21.897281687830215,Centro,Selva Húmeda,0.70780647
-100.31037485400576,19.59362283145319,Occidente,Pastizal,0.77820647
-86.94455873527042,21.037836806337147,Sureste,Pastizal,0.96145296
-99.2690095271183,21.332228075296765,Centro,Pastizal,0.46025178
-101.01041649270826,17.760568513049872,Sur,Selva Húmeda,0.95103884
-111.55812354187134,30.924450122077886,Noroeste,Pastizal,0.99374515
-104.06531507803112,26.90037242347413,Noreste,Pastizal,0.5498741
-107.61481417456595,30.12329474810477,Noreste,Manglar,0.64566296
-115.0384011711598,30.323241834889167,Noroeste,Bosque Templado,0.9920745
-87.68599567852287,20.42129541976224,Sureste,Pastizal,0.9474353
-112.31163350666732,31.297117247670645,Noroeste,Selva Húmeda,0.9190547
-101.31795342621942,23.639244028744027,Centro,Selva Húmeda,0.98787934
-99.8450996412667,22.325925904419496,Centro,Matorral Seco,0.33408824
-99.0176895524026,23.470708151353275,Noreste,Bosque Templado,0.8744218
-107.44018404077576,26.248842273223254,Noreste,Bosque Templado,0.96903354
-101.64672500733309,24.718201100802524,Centro,Selva Húmeda,0.68014115
-100.04858017807186,22.83312057244417,Noreste,Pastizal,0.9035188
-103.33864954675244,19.121601826207375,Occidente,Pastizal,0.5677671
-101.11482046942147,25.628842238853483,Noreste,Bosque Templado,0.9532965
-107.63271798614853,27.456732777070542,Noreste,Pastizal,0.9491335
-92.10299329457563,15.664256465736337,Sureste,Manglar,0.33362353
-113.20040984167612,26.932707682953904,Noroeste,Matorral Seco,0.9783306
-101.99752445234517,27.3432826132315,Noreste,Manglar,0.8609924
-93.58825450311805,17.58312569677995,Sureste,Matorral Seco,0.32784706
-98.3482969449808,21.39315706846821,Sureste,Selva Húmeda,0.34704706
-103.24429788220687,28.958781153033648,Noreste,Bosque Templado,0.9810324
-107.17792788850927,27.774255568183225,Noreste,Selva Húmeda,0.9596629
-111.86506939266931,30.57526135676597,Noroeste,Pastizal,0.19498824
-100.54900970911808,27.037770012856875,Noreste,Bosque Templado,0.28828824
-111.74922936595462,24.703114003395875,Noroeste,Selva Húmeda,0.9516241
-101.47127840074823,18.177457765754053,Sur,Pastizal,0.90226
-88.92181497580171,18.55296682034208,Sureste,Pastizal,0.6129294
-89.08739774777624,19.893647837997513,Sureste,Pastizal,0.72193414
-100.2633604636039,20.353510001374506,Centro,Matorral Seco,0.30921176
-99.89049565226988,25.4249422749617,Sur,Manglar,0.73136294
-99.08407594037708,20.1074123732425,Centro,Selva Húmeda,0.69876057
-92.39765350499387,15.255723231436562,Sureste,Bosque Templado,0.9372818
-101.06946252751305,19.21025400633369,Occidente,Manglar,0.54374236
-89.69039936486038,20.039242832219486,Sureste,Selva Húmeda,0.62633175
-100.40415676745155,23.08937748665576,Centro,Bosque Templado,0.52526236
-101.0209101687431,20.1492824374994,Centro,Manglar,0.48530707
-105.92825806225524,27.467644892340353,Noreste,Manglar,0.37947646
-98.58492398095909,22.21579646054923,Centro,Matorral Seco,0.3125412
-103.9191331195483,28.85785044306999,Noreste,Bosque Templado,0.8527853
-100.66126377675982,20.263847956981092,Centro,Bosque Templado,0.66781706
-89.13831543790582,21.27962160700039,Sureste,Matorral Seco,0.7007559
-98.5553103188117,23.8782884832149,Noreste,Pastizal,0.9557576
-98.78630287522478,24.21670940538713,Noreste,Selva Húmeda,0.6460676
-97.68330993346332,21.239276822314753,Sureste,Selva Húmeda,0.41490588
-102.41966072159762,21.998246952618434,Centro,Matorral Seco,0.27034706
-101.7649311346793,21.609580414646782,Occidente,Selva Húmeda,0.46366647
-102.82655632924616,27.938235118220955,Noreste,Selva Húmeda,0.981776
-107.43829932147761,29.508129598774815,Noreste,Manglar,0.37310588
-111.19837235508125,24.979533637393455,Noroeste,Manglar,0.9893342
-98.32478968591384,21.33547894551699,Sureste,Bosque Templado,0.7295394
-101.60520130688379,22.39476457390009,Centro,Bosque Templado,0.3295706
-110.19494791449479,27.650158666362643,Noroeste,Pastizal,0.99372095
-111.58203453720715,25.68619802010584,Noroeste,Manglar,0.9882524
-99.63462731999934,23.90289186496643,Sur,Pastizal,0.67809176
-97.77744093925037,25.009951390092837,Noreste,Bosque Templado,0.2981294
-107.30400473091152,27.389990574318947,Noreste,Selva Húmeda,0.9118994
-107.29648368126021,30.260029510120834,Noreste,Selva Húmeda,0.8927782
-99.41890254219109,17.5685798867675,Sur,Pastizal,0.5012894
-100.66130238389898,17.250737974447187,Sur,Manglar,0.47908118
-113.37286515605773,27.269503010484442,Noroeste,Selva Húmeda,0.9852303
-100.30150821458692,19.668080856728896,Occidente,Bosque Templado,0.94095236
-102.82034655386563,25.229561799997786,Noreste,Matorral Seco,0.9580853
-89.28753155949386,20.467979823405017,Sureste,Manglar,0.6437935
-105.65696357260362,22.77730208642541,Noroeste,Pastizal,0.33488235
-106.29953263822131,26.70631564269431,Noreste,Selva Húmeda,0.97497493
-95.25253809502576,17.480445480914245,Noreste,Selva Húmeda,0.27918234
-96.22823616581819,17.872290518731134,Noreste,Bosque Templado,0.9975866
-108.14990191405263,26.007240089270486,Noroeste,Manglar,0.98925555
-102.9656683682803,20.07089379290953,Occidente,Manglar,0.39525294
-99.87002571473722,22.999401979458806,Noreste,Manglar,0.32558236
-104.59942401773914,27.787136800398788,Noreste,Selva Húmeda,0.5022318
-106.73958165242351,25.901788701407117,Noreste,Manglar,0.5217671
-98.35690251509864,25.113371889280124,Noreste,Bosque Templado,0.29071766
-102.85095566589735,20.466156874992528,Occidente,Matorral Seco,0.2830294
-97.76978726643425,16.5731145519023,Noreste,Matorral Seco,0.8972006
-101.44908782609699,23.779644157177927,Centro,Pastizal,0.99236196
-102.67172653580829,19.17915837374522,Occidente,Manglar,0.1764706
-100.89711840817606,23.727640681258144,Centro,Pastizal,0.87305117
-108.45250705127879,25.43531407326481,Noroeste,Selva Húmeda,0.1764647
-101.82666508992082,24.949359959706076,Centro,Bosque Templado,0.89043057
-109.19073300366223,30.653175686259345,Noroeste,Selva Húmeda,0.99153155
-106.15075394988689,30.978516571901775,Noreste,Manglar,0.5016359
-95.64735404924433,17.862206211114447,Sureste,Pastizal,0.30455294
-109.023836195199,30.047025821621165,Noroeste,Selva Húmeda,0.979613
-100.2395916470977,27.917792404917105,Noreste,Matorral Seco,0.38662353
-101.31477534522556,21.230748088741958,Centro,Selva Húmeda,0.3372353
-98.21130687720837,21.640129907237277,Sureste,Bosque Templado,0.30419412
-104.03451018982173,20.59914880812205,Occidente,Bosque Templado,0.27597648
-92.56731599472745,15.199269761134161,Sureste,Bosque Templado,0.16801177
-107.57610497916131,24.848736533186887,Noroeste,Pastizal,0.17674705
-98.40611095461377,16.491790744834873,Sur,Bosque Templado,0.23509412
-108.80183145225739,26.81505651673066,Noroeste,Bosque Templado,0.9823051
-89.90755275819848,19.764079172940797,Sureste,Selva Húmeda,0.6246747
-109.33988535639752,31.315624127865146,Noroeste,Selva Húmeda,0.42170587
-105.94474363032487,29.397943436261908,Noreste,Bosque Templado,0.8863841
-93.7218748232972,16.398743156207054,Sureste,Matorral Seco,0.83288527
-109.35392621912135,29.24431511572428,Noroeste,Selva Húmeda,0.94602764
-101.49535055024006,18.766869484753194,Occidente,Manglar,0.7576553
-102.58855245589046,27.136165594397482,Noreste,Selva Húmeda,0.91860235
-101.06649767722658,27.602094853414442,Noreste,Bosque Templado,0.8963341
-99.16399314093934,18.221750380839282,Sur,Matorral Seco,0.5683035
-100.93688333435566,19.305627189907668,Occidente,Selva Húmeda,0.44333
-110.8125802128369,30.959312785223815,Noroeste,Selva Húmeda,0.9648882
-111.4760849572978,25.278042281908334,Noroeste,Manglar,0.98774195
-89.70245155488793,19.69169412457832,Sureste,Selva Húmeda,0.058923528
-103.19171405114535,25.20240905678161,Noreste,Selva Húmeda,0.97929573
-103.20710952619093,21.25254677783654,Centro,Bosque Templado,0.44624764
-102.55207467380872,25.583443323393432,Noreste,Matorral Seco,0.90807176
-97.92713290901858,16.29681989112684,Noreste,Selva Húmeda,0.41738236
-88.15778124860596,20.35333502533289,Sureste,Matorral Seco,0.6443935
-96.87867977457871,18.8454465362085,Sureste,Selva Húmeda,0.74309
-103.73808102375087,27.967084115897784,Noreste,Matorral Seco,0.7246835
-99.4346468574649,26.71955582506349,Noreste,Matorral Seco,0.80335647
-105.112322718385,22.62072991589636,Occidente,Bosque Templado,0.92796767
-109.1172049423901,28.998498418647387,Noroeste,Manglar,0.8577
-100.68367356723734,18.710999533179727,Sur,Selva Húmeda,0.6389235
-106.30560964327665,23.17009540718768,Noroeste,Selva Húmeda,0.13176471
-101.63753792776627,21.223969277144324,Centro,Selva Húmeda,0.35969412
-97.37095829537871,25.68563509989277,Noreste,Bosque Templado,0.98981464
-99.18622676276357,20.81091063808011,Centro,Selva Húmeda,0.8147994
-94.86244210988482,18.482275604499968,Sureste,Matorral Seco,0.41177058
-103.52436257891269,19.378277843804312,Occidente,Manglar,0.23797059
-99.21270169374586,19.97815285751574,Centro,Matorral Seco,0.39982942
-91.24900583606865,18.558200119865287,Sureste,Selva Húmeda,0.59701234
-112.62191019730041,26.99843874993518,Noroeste,Manglar,0.99662113
-98.5258646617153,23.123928566505203,Noreste,Bosque Templado,0.90367174
-99.0070834240447,19.953395969168305,Centro,Pastizal,0.2754588
-102.0041468346929,21.381802036830027,Occidente,Selva Húmeda,0.2846353
-102.15127369341997,21.26519610801586,Occidente,Manglar,0.38679412
-106.56672404302311,27.805956687790662,Noreste,Selva Húmeda,0.36251175
-98.53120837766316,19.46221174743513,Centro,Selva Húmeda,0.24588235
-92.23045548699933,14.62129281481086,Sureste,Pastizal,0.48339647
-103.34264121370617,19.640032777061727,Occidente,Bosque Templado,0.1765706
-110.1700506221393,24.228160412655043,Noroeste,Selva Húmeda,0.61523056
-109.00420461046495,30.944311328254077,Noroeste,Selva Húmeda,0.8832359
-100.35382068764697,25.492571061366323,Sur,Pastizal,0.7224341
-108.92798906500606,29.651738137680294,Noroeste,Selva Húmeda,0.8081153
-115.5480180382553,31.120035023440373,Noroeste,Pastizal,0.99488735
-101.73887479113583,24.75004349934543,Centro,Pastizal,0.8236653
-115.20990907019235,32.2610137127947,Noroeste,Pastizal,0.1764706
-90.52209569749942,19.53198499504599,Sureste,Pastizal,0.63919413
-106.87932250974627,29.93998362901959,Noreste,Bosque Templado,0.62232
-97.92296661630779,25.665638916560333,Noreste,Matorral Seco,0.19208823
-107.31188515965859,25.92278936894998,Noroeste,Bosque Templado,0.9875554
-115.22660399663577,32.56923826757851,Noroeste,Selva Húmeda,0.17645882
-110.56381169912952,30.40778088520131,Noroeste,Bosque Templado,0.8567141
-91.04523024865304,18.87982838209807,Sureste,Selva Húmeda,0.32015294
-105.65815504265038,30.77388132326517,Noreste,Bosque Templado,0.96025413
-106.48027633856414,30.805803256368762,Noreste,Bosque Templado,0.9860153
-100.5879127393306,22.033520394647184,Centro,Manglar,0.9390777
-107.5192486429657,31.34429677886328,Noreste,Bosque Templado,0.9815656
-112.07414902844329,26.680446203711465,Noroeste,Selva Húmeda,0.9233165
-109.88237219100594,28.685279867678865,Noroeste,Bosque Templado,0.9655494
-92.62449836415128,17.275386183153476,Sureste,Manglar,0.40998235
-104.48223878858343,28.302066686777653,Noreste,Bosque Templado,0.9705892
-111.88439376145206,24.491599953359135,Noroeste,Bosque Templado,0.88336647
-103.03911377664126,24.065492531432586,Centro,Bosque Templado,0.36738235
-107.47675605386586,28.891230523547964,Noreste,Matorral Seco,0.74888355
-101.36346314795686,24.818028289677926,Noreste,Matorral Seco,0.65380704
-91.38266867968899,18.266131249319333,Sureste,Bosque Templado,0.34356472
-87.79904356115951,20.458096744476563,Sureste,Bosque Templado,0.90267235
-107.67169374073526,26.419940779852983,Noreste,Pastizal,0.90228236
-102.63839929257185,20.88620012009052,Occidente,Matorral Seco,0.3507353
-108.01754318880857,27.122644438429052,Noreste,Selva Húmeda,0.9849399
-103.51246272588423,28.38117656648044,Noreste,Bosque Templado,0.9274947
-88.29771392531798,18.88827670110552,Sureste,Matorral Seco,0.7414353
-92.86077908462426,18.026566468333822,Sureste,Matorral Seco,0.015182353
-105.46939060838538,22.798488453354928,Occidente,Bosque Templado,0.8232906
-100.07987190582355,25.179060623403085,Sur,Matorral Seco,0.98465335
-103.44361865496239,27.224334244724517,Noreste,Matorral Seco,0.99358916
-102.65039008385753,20.493163752894414,Occidente,Manglar,0.29535294
-99.83456093222527,26.970669201917957,Sur,Pastizal,0.9178053
-95.66515879825711,17.969086434804574,Sureste,Matorral Seco,0.34615883
-96.8441965798131,16.461288338730196,Noreste,Bosque Templado,0.82394767
-101.15301808651711,26.95246846859582,Noreste,Selva Húmeda,0.6178847
-100.10545413143788,22.228410579765754,Centro,Pastizal,0.22552942
-108.45305322988662,25.77534671961548,Noroeste,Manglar,0.18358235
-100.04387515175064,22.172292610627732,Centro,Pastizal,0.9163435
-104.98079241020834,29.144858610654286,Noreste,Matorral Seco,0.8594676
-100.25612227113973,21.060093648035128,Centro,Pastizal,0.5932153
-100.61650020030054,17.736731033562336,Sur,Bosque Templado,0.7697953
-100.77084532505864,25.041606959377905,Sur,Bosque Templado,0.29067057
-106.66707572067493,29.23723864876243,Noreste,Pastizal,0.30704117
-104.82427321330368,27.32716285673767,Noreste,Bosque Templado,0.5999818
-106.06186074351291,30.615315642731,Noreste,Pastizal,0.61796296
-103.21294285727244,27.911946894329873,Noreste,Selva Húmeda,0.13197647
-97.15081159375399,17.372436353657687,Noreste,Bosque Templado,0.4341353
-102.8601530460713,27.02529813473671,Noreste,Manglar,0.5653659
-107.79118206248228,31.321710567582723,Noreste,Selva Húmeda,0.42938823
-110.30187123029152,27.589718042573626,Noroeste,Manglar,0.34061766
-101.7779588082581,23.004180668220563,Centro,Manglar,0.32635295
-107.62310067733783,29.251477484351025,Noreste,Manglar,0.96426356
-101.64488503604908,23.42105171993827,Centro,Pastizal,0.9986619
-96.43076717391698,17.999211170702154,Noreste,Manglar,0.3888
-100.90851264607674,18.437553194277186,Sur,Matorral Seco,0.684037
-103.37047753666931,18.910698456073888,Occidente,Pastizal,0.67737824
-99.78835376042909,21.370771613634226,Centro,Manglar,0.76621646
-102.18406975045899,27.250114716302356,Noreste,Manglar,0.95467293
-114.07846398335508,31.862530796172855,Noroeste,Manglar,0.9989274
-100.98083491927268,25.479930962848787,Noreste,Manglar,0.0
-88.96353192568584,19.07116883055338,Sureste,Pastizal,0.62818766
-101.3360338276095,27.012636062909507,Noreste,Matorral Seco,0.3782647
-100.35078968689076,23.93680266633776,Sur,Manglar,0.6450947
-105.82186314754013,27.32320152724168,Noreste,Manglar,0.4523353
-100.26097125902888,21.714835098764077,Centro,Selva Húmeda,0.8342612
-105.91731927745866,23.53014341046316,Noroeste,Manglar,0.9376724
-103.10335799158858,18.942667595004064,Occidente,Pastizal,0.6922812
-91.01425307209486,16.64471871940143,Sureste,Matorral Seco,0.9159553
-103.36105834597296,22.836437287710105,Centro,Manglar,0.54351
-111.9236170735744,25.222256502776375,Noroeste,Pastizal,0.88322115
-100.23968393949492,25.48749300921168,Sur,Matorral Seco,0.9406188
-103.1972215422119,27.94352794935575,Noreste,Manglar,0.6913571
-100.61537829287465,19.207461875651703,Occidente,Pastizal,0.9863397
-108.46008921156182,30.862137065867383,Noreste,Selva Húmeda,0.6516694
-114.85625580601844,31.985266224033015,Noroeste,Bosque Templado,0.39532942
-106.92153293740643,27.75861014442618,Noreste,Selva Húmeda,0.9602947
-101.85783165419195,18.806964657878982,Occidente,Manglar,0.6629306
-101.8043054261064,19.11603354638145,Occidente,Bosque Templado,0.94089824
-112.74917427098634,31.239119313343252,Noroeste,Manglar,0.96565056
-97.5200533171829,17.71785276450747,Noreste,Selva Húmeda,0.31342942
-97.9186358230477,22.96331081000651,Noreste,Selva Húmeda,0.38948235
-101.40606786563919,21.862715098051844,Centro,Manglar,0.3611
-95.55560121199467,17.420222991044554,Noreste,Selva Húmeda,0.512557
-110.887209324959,30.21507421445552,Noroeste,Manglar,0.71455115
-100.3614110015096,23.672248144486044,Sur,Manglar,0.71993
-106.554982851518,23.819442228510688,Noroeste,Matorral Seco,0.9954432
-101.7526907944019,20.102566856489073,Occidente,Selva Húmeda,0.3603
-112.03929884595355,29.801740454377757,Noroeste,Selva Húmeda,0.97789687
-104.42363256038027,22.279644530114503,Occidente,Pastizal,0.8708553
-106.19171996614101,28.902101339858007,Noreste,Selva Húmeda,0.5389718
-90.36107110439117,19.453834660871554,Sureste,Matorral Seco,0.3024941
-99.9553395580253,17.707352607861164,Sur,Matorral Seco,0.40992942
-112.27803961869358,30.866147374503065,Noroeste,Matorral Seco,0.98403853
-101.17015594497443,25.34559608723085,Noreste,Bosque Templado,0.9017312
-90.72188983174959,19.09844704898881,Sureste,Bosque Templado,0.2985647
-111.31701046063105,30.291063922720962,Noroeste,Selva Húmeda,0.96525174
-105.06325305539306,26.78464782985553,Noreste,Bosque Templado,0.65582705
-101.1580970947978,28.89472364917765,Noreste,Selva Húmeda,0.7987518
-109.2998507840111,28.329912983183174,Noroeste,Bosque Templado,0.995376
-88.87535702223111,20.10556880644629,Sureste,Bosque Templado,0.70341116
-103.35364498956554,21.52873356940074,Centro,Selva Húmeda,0.38045883
-102.59891500824826,27.866455882660752,Noreste,Selva Húmeda,0.99839914
-100.31594902641847,23.304413764434912,Sur,Matorral Seco,0.97233987
-103.01212165297375,28.08486386231208,Noreste,Bosque Templado,0.9627865
-101.80347423621204,19.502494750304415,Occidente,Selva Húmeda,0.67435116
-104.84102609090914,27.062023184111613,Noreste,Manglar,0.62279177
-97.54576768306592,17.372999684077136,Noreste,Pastizal,0.8332653
-110.50517515613656,28.036291170192047,Noroeste,Matorral Seco,0.8157076
-105.76156525174387,29.044101587962974,Noreste,Manglar,0.81273586
-100.79783538048927,22.357733984172313,Centro,Selva Húmeda,0.86369884
-103.30058007309016,18.558805940338615,Occidente,Pastizal,0.9084606
-92.60534798038337,17.31365530837726,Sureste,Matorral Seco,0.54166824
-105.13715687171269,22.540815422702803,Occidente,Pastizal,0.9425794
-101.92258790666133,27.602632922342046,Noreste,Selva Húmeda,0.9583959
-112.13260933218372,30.670815713481115,Noroeste,Matorral Seco,0.9569547
-109.61030027628668,30.088777062920858,Noroeste,Pastizal,0.99214244
-102.84754804711305,25.59333523976029,Noreste,Matorral Seco,0.86830765
-87.78764481344773,18.523068277578936,Sureste,Selva Húmeda,0.7614488
-99.5597040012046,24.019260279819296,Sur,Selva Húmeda,0.96688527
-97.5906928997955,25.83040170934955,Noreste,Matorral Seco,0.2588353
-107.60970518507119,27.529435083000276,Noreste,Matorral Seco,0.9684953
-102.46882577866556,22.548841122028325,Centro,Matorral Seco,0.38124117
-103.51744835298298,28.23085897900119,Noreste,Manglar,0.995255
-102.54240150595396,28.338204249682033,Noreste,Matorral Seco,0.7473206
-89.55286036116614,20.796041029623527,Sureste,Bosque Templado,0.6992653
-100.13273192090716,22.56724404276706,Centro,Pastizal,0.99576885
-107.51648213971804,30.702217766550017,Noreste,Matorral Seco,0.8440565
-103.14929315312045,18.61354239641267,Occidente,Selva Húmeda,0.48528823
-96.99856720432203,18.837477066454113,Sureste,Bosque Templado,0.28725293
-106.00994209553424,29.15271436576602,Noreste,Matorral Seco,0.8398812
-103.11042761579286,24.985349802986843,Noreste,Bosque Templado,0.997341
-93.80027991031918,17.165146876342614,Sureste,Pastizal,1.0
-98.6463413698073,24.977496630931416,Noreste,Matorral Seco,0.88630646
-95.31510809057973,17.919651577529496,Sureste,Bosque Templado,0.34238234
-109.04738964428877,25.945857842748822,Noroeste,Matorral Seco,6.4705884e-05
-96.99471103617347,17.84213776508098,Noreste,Bosque Templado,0.6038812
-103.25264175805229,25.305390990981778,Noreste,Bosque Templado,0.13211176
-101.12687123767388,19.647250885952072,Occidente,Bosque Templado,0.2284706
-89.45155878542786,19.716671857470747,Sureste,Selva Húmeda,0.63239473
-104.82826630669267,29.080837060339103,Noreste,Manglar,0.9073147
-98.2638298176549,19.907620499081574,Centro,Manglar,0.25933528
-101.80589452288359,24.777698744821844,Centro,Pastizal,0.9418359
-110.37889878979192,28.639041759519014,Noroeste,Manglar,0.81375647
-106.68272135847337,29.131507808897673,Noreste,Selva Húmeda,0.9782891
-108.32927751826065,25.607693237977255,Noroeste,Pastizal,0.1764706
-96.72954271919679,20.135799848505325,Sureste,Bosque Templado,0.39844707
-101.6965705518489,20.630685593707835,Centro,Manglar,0.27094707
-105.25112488783877,28.613160512535092,Noreste,Bosque Templado,0.96921587
-99.14855360767632,25.33337272867211,Sur,Bosque Templado,0.43498823
-104.19970591854398,19.932622961603926,Occidente,Matorral Seco,0.5843441
-89.14412676178824,18.7188672826417,Sureste,Manglar,0.5065
-92.17387746586982,14.959249754990875,Sureste,Pastizal,0.44194648
-96.92073948860008,19.285100841803413,Sureste,Matorral Seco,0.29082942
-101.69235192608276,23.396440109847205,Centro,Selva Húmeda,0.98642564
-108.2030169753066,27.900373629399482,Noreste,Pastizal,0.23501764
-102.0606979897435,23.644305266380766,Centro,Bosque Templado,0.68215823
-98.44403173533703,19.95305446032157,Centro,Matorral Seco,0.2877
-105.53585168243033,28.6782505588703,Noreste,Pastizal,0.8286524
-105.81225143628308,28.097190431699588,Noreste,Pastizal,0.17680588
-112.36766574258175,27.026213223486362,Noroeste,Manglar,0.9989428
-88.18207750082381,21.187060296601892,Sureste,Manglar,0.4118706
-113.6195181889426,27.28120959143774,Noroeste,Matorral Seco,0.9300806
-100.4717505717935,17.955248865108572,Sur,Selva Húmeda,0.66785645
-100.78995553785717,27.042135216053982,Noreste,Manglar,0.9463182
-102.05195025065291,28.027429233787267,Noreste,Selva Húmeda,0.92703235
-103.09297008824629,26.6191022941223,Noreste,Manglar,0.978637
-103.9531182006946,27.623074988271817,Noreste,Matorral Seco,0.76422
-104.30474525551138,19.836621924696736,Occidente,Matorral Seco,0.26234707
-111.66755667583794,28.670417852145718,Noroeste,Pastizal,0.36422354
-101.6387541499703,28.892864092038202,Noreste,Selva Húmeda,0.81163174
-97.80812833348422,24.597415287494997,Noreste,Manglar,0.29324704
-100.76333833631837,18.964485038936402,Occidente,Pastizal,0.6934694
-99.81840893833044,27.12916459560989,Sur,Selva Húmeda,0.7167053
-98.76072110875685,18.693079760901274,Sur,Pastizal,0.31455293
-99.35511403532672,18.89645417920004,Sur,Bosque Templado,0.40744707
-99.27181333349952,24.79935653845683,Noreste,Manglar,0.38582352
-99.04205765865584,19.9268703793884,Centro,Selva Húmeda,0.2923706
-102.51560953971291,24.016182567373534,Centro,Manglar,0.64446473
-107.27942794542894,25.801262302233862,Noroeste,Bosque Templado,0.9078406
-102.59613121643413,24.113317060643716,Centro,Manglar,0.64086354
-98.98020453760158,20.87558592001211,Centro,Bosque Templado,0.41815883
-101.6380775671009,27.628649406740077,Noreste,Bosque Templado,0.91922295
-97.96232370630047,24.69525881455583,Noreste,Bosque Templado,0.24349412
-110.1251912244862,28.697794079123447,Noroeste,Selva Húmeda,0.99897254
-101.90431042908772,20.080880418981348,Occidente,Matorral Seco,0.5234912
-91.51664945199323,16.171752373767653,Sureste,Selva Húmeda,0.47736293
-87.97948631427789,19.232981569662872,Sureste,Selva Húmeda,0.96688586
-108.02906068823366,31.62924466193197,Noreste,Selva Húmeda,0.94855237
-103.2287719381386,25.136464772099497,Noreste,Matorral Seco,0.84130704
-115.07135439005229,29.90098754147562,Noroeste,Pastizal,0.9759368
-102.06928494449396,20.94938276642773,Occidente,Bosque Templado,0.41134706
-96.02844398784237,16.671825868932803,Noreste,Pastizal,0.61779
-112.94306286347182,30.68846241786371,Noroeste,Selva Húmeda,0.9029459
-95.53972493571646,18.161872084050415,Sureste,Manglar,0.31608823
-100.95965870537047,25.248163601877557,Noreste,Bosque Templado,0.3947
-88.75820748237372,20.30064909376685,Sureste,Selva Húmeda,0.68703943
-101.42727832550618,26.040850389621518,Noreste,Manglar,0.9835096
-109.43950830684227,30.645831402966607,Noroeste,Bosque Templado,0.74321413
-90.2196125649259,20.2294292321218,Sureste,Bosque Templado,0.6505094
-111.54535752821523,31.214383426189297,Noroeste,Matorral Seco,0.8791229
-101.23543389052581,19.101260567479702,Occidente,Manglar,0.8384777
-108.59623892497088,30.306408698155668,Noroeste,Bosque Templado,0.98617136
-100.54470569344011,25.229413878937677,Sur,Manglar,0.3302706
-104.63056817870681,27.783826843526235,Noreste,Matorral Seco,0.5163265
-100.00110457446037,17.040864853864406,Sur,Matorral Seco,0.67737883
-101.4345473218723,28.074930918763684,Noreste,Bosque Templado,0.9974252
-107.8811992081142,25.497425086340716,Noroeste,Bosque Templado,0.86141175
-115.60610980340128,30.27469658473535,Noroeste,Pastizal,0.98999506
-102.51570290414622,22.7546708385396,Centro,Pastizal,1.7647058e-05
-100.19768181771218,22.85806183071239,Centro,Bosque Templado,0.9899667
-100.46632525888485,26.278279395629532,Sur,Selva Húmeda,0.9559788
-91.17460736587931,16.46170318910057,Sureste,Pastizal,0.97317296
-95.00943981835674,18.116399054460384,Sureste,Matorral Seco,0.2923706
-98.20920746155888,22.96635501576207,Noreste,Manglar,0.58007
-104.24580901982277,29.317812774311076,Noreste,Selva Húmeda,0.93650883
-99.13738408519451,19.360593786678844,Centro,Matorral Seco,0.0
-97.47031458028934,19.524756236750708,Centro,Matorral Seco,0.2932294
-114.99178341157761,31.199584449945313,Noroeste,Matorral Seco,0.9972252
-108.73581880956081,25.635895514088936,Noroeste,Pastizal,0.17661765
-102.44780350741853,26.3706719737149,Noreste,Manglar,0.99898446
-94.99874340418125,16.614086602258844,Noreste,Pastizal,0.32704705
-112.45495239645858,26.328546796504682,Noroeste,Selva Húmeda,0.97939956
-108.67360530750544,27.379270013859852,Noroeste,Matorral Seco,0.6206953
-112.73883321104607,26.7966281577134,Noroeste,Manglar,0.9997688
-101.77952977694937,19.719206661596075,Occidente,Manglar,0.8501241
-105.60223192518646,22.97142115066907,Noroeste,Bosque Templado,0.95986235
-98.67606540213258,24.9189553761113,Noreste,Pastizal,0.38847646
-116.73377961497565,32.3756572870505,Noroeste,Pastizal,0.20368235
-97.83997489271975,18.92981694077987,Centro,Selva Húmeda,0.1655353
-98.61097445599476,18.428998048485955,Centro,Bosque Templado,0.7648312
-95.56986873254739,18.707795314039284,Sureste,Bosque Templado,0.34637648
-106.23014648576282,29.09074787402095,Noreste,Matorral Seco,0.23707648
-100.22426242622144,17.890134009019654,Sur,Manglar,0.67456883
-102.56985572321436,24.204473685091703,Centro,Pastizal,0.9685406
-101.99034676584188,19.481705022801346,Occidente,Matorral Seco,0.88577765
-102.9154769083237,21.083017074615032,Occidente,Selva Húmeda,0.34277058
-88.70791710754688,21.22591181719681,Sureste,Manglar,0.3953706
-96.67369478247909,17.386851746530674,Noreste,Selva Húmeda,0.5649588
-105.66499986695233,26.62427442148533,Noreste,Bosque Templado,0.6959847
-105.94350382303959,23.327201070358115,Noroeste,Selva Húmeda,0.93462175
-103.56703361392309,21.036448936233185,Occidente,Selva Húmeda,0.8069224
-111.51718275964664,30.246242622024305,Noroeste,Manglar,0.43254706
-112.56109340453246,30.917310155944246,Noroeste,Bosque Templado,0.9479494
-112.4279964338183,29.09486880745404,Noroeste,Matorral Seco,0.96824884
-107.91325612762687,25.851109835562152,Noroeste,Manglar,0.39431176
-88.49162817111979,21.251047855389462,Sureste,Pastizal,0.3633059
-109.68287847799387,23.560959931986687,Noroeste,Bosque Templado,0.95288646
-105.01633132846413,29.917155763456314,Noreste,Manglar,0.9613841
-102.74544137857582,22.620620556471135,Centro,Manglar,0.6324706
-102.81405993075485,27.88576626416132,Noreste,Manglar,0.91838175
-113.80280696717205,28.670184337579585,Noroeste,Selva Húmeda,0.97759974
-105.32091622390472,30.241977563549195,Noreste,Bosque Templado,0.98915
-116.61766569832757,32.57034927031253,Noroeste,Pastizal,0.0
-101.77106753542103,24.77289132063881,Centro,Pastizal,0.89627177
-110.25786665666413,31.14653711371408,Noroeste,Matorral Seco,0.40015882
-99.21303435589921,19.116006389317608,Sur,Matorral Seco,0.6156924
-99.66997474237525,17.98778207315281,Sur,Manglar,0.45354706
-104.15305308551936,19.79353461142231,Occidente,Matorral Seco,0.84026355
-111.85563603955482,29.923844012841947,Noroeste,Pastizal,0.41525295
-89.44937185169334,17.98485494359614,Sureste,Selva Húmeda,0.9425065
-100.20854476249461,27.97051862501857,Noreste,Manglar,0.96719056
-99.06413900452176,17.98960244698692,Sur,Pastizal,0.58358413
-93.16841913937242,15.638920798763056,Sureste,Selva Húmeda,0.41172943
-104.50856240304373,27.38596905407666,Noreste,Pastizal,0.5764135
-98.20416710834576,16.329194939171646,Noreste,Bosque Templado,0.44613057
-99.81123616198349,18.29053033705155,Sur,Pastizal,0.117994115
-99.40356842278747,16.860012032726313,Sur,Selva Húmeda,0.38784707
-107.99945366300027,30.587872664453432,Noreste,Manglar,0.18015882
-100.26326626567096,26.70957325475279,Sur,Selva Húmeda,0.95437944
-97.05585499387819,19.184201389803654,Sureste,Pastizal,0.3629706
-106.6743229223463,26.751245750082408,Noreste,Pastizal,0.89446646
-104.21769105221931,20.327705410040554,Occidente,Bosque Templado,0.35775882
-104.84829398935241,22.449540910235612,Occidente,Pastizal,0.7537594
-100.54997393263368,20.412573758661644,Centro,Matorral Seco,0.38087648
-102.3140852926216,21.237296936793648,Occidente,Bosque Templado,0.3376
-99.07206390780678,20.740957022922885,Centro,Matorral Seco,0.5218576
-97.8443926645373,23.95439542478513,Noreste,Selva Húmeda,0.44345707
-95.33625700307043,17.17875425356602,Noreste,Manglar,0.6527294
-89.46807254910972,20.520116023959332,Sureste,Pastizal,0.67519057
-99.41786559519686,21.209177176957706,Centro,Manglar,0.96052766
-103.85759629568648,20.353227553766832,Occidente,Bosque Templado,0.35901177
-100.69908585509337,24.819001235728972,Sur,Matorral Seco,0.6213047
-102.32429468878969,21.992322129248556,Centro,Manglar,0.18018235
-102.72214352871039,26.427184667609303,Noreste,Pastizal,0.9863703
-108.1953523909204,27.711202516986305,Noreste,Selva Húmeda,0.9873244
-97.97349652096587,18.776429534842425,Centro,Pastizal,0.46637
-109.42740944757531,31.202084174755896,Noroeste,Selva Húmeda,0.8020924
-108.46062169592862,26.01634528331261,Noroeste,Manglar,0.9952307
-100.31144966684323,20.825753228869555,Centro,Bosque Templado,0.46266764
-108.96027444529929,27.898652904823916,Noroeste,Selva Húmeda,0.91210353
-106.38583192804859,23.923325063009617,Noroeste,Pastizal,0.9946106
-103.13173200594731,23.880815940145414,Centro,Manglar,0.42330587
-108.28087294245363,29.746171367608973,Noreste,Selva Húmeda,0.9473747
-105.22150905449507,20.00550301035728,Occidente,Matorral Seco,0.62624174
-96.86579431931331,17.649651294139844,Noreste,Matorral Seco,0.74498826
-113.38443372384276,28.621538655803853,Noroeste,Pastizal,0.9519947
-106.95669175683219,30.241200730427813,Noreste,Bosque Templado,0.9087812
-110.5172206212668,29.507174080636958,Noroeste,Manglar,0.8695659
-108.64461158867589,27.60942004269547,Noreste,Selva Húmeda,0.64051825
-112.45203946231653,30.91561562450479,Noroeste,Selva Húmeda,0.9657665
-103.71556463220284,22.729966722278434,Centro,Matorral Seco,0.9665612
-102.05413780267692,23.70807809281373,Centro,Bosque Templado,0.67304707
-98.41062577234428,21.60741977728839,Sureste,Manglar,0.36337647
-98.25669510223534,21.42444080226529,Sureste,Manglar,0.29162353
-90.72077077864627,19.32441624891836,Sureste,Pastizal,0.1888706
-112.81647288650898,27.293458151870713,Noroeste,Pastizal,0.8232412
-107.35046633051854,29.475370279842128,Noreste,Pastizal,0.36175883
-94.82564287900173,18.197725005705273,Sureste,Bosque Templado,0.4458
-97.92194267134067,25.746719289725842,Noreste,Bosque Templado,0.30478823
-88.99756889007378,21.354658712032045,Sureste,Manglar,0.8269694
-96.63647978461373,15.99350006783795,Noreste,Pastizal,0.91376233
-98.25867382938137,21.12663297546967,Centro,Matorral Seco,0.37037647
-99.80108197150322,21.8108855068754,Centro,Pastizal,0.76639175
-88.01560668703553,21.25717474438811,Sureste,Pastizal,0.9085435
-115.69376159852726,31.229518891957312,Noroeste,Matorral Seco,0.9971612
-97.92937278164038,23.45379969981391,Noreste,Bosque Templado,0.72298706
-99.20565999722324,17.74280262356858,Sur,Matorral Seco,0.57419
-94.23506189165556,16.480287066469995,Noreste,Matorral Seco,0.93821704
-100.56293780799928,20.948456935390205,Centro,Bosque Templado,0.56190884
-99.96842145608613,25.868440329318865,Sur,Manglar,0.9198994
-97.69940758447636,17.668994478042077,Noreste,Manglar,0.58762944
-108.47214253131398,27.302496852242463,Noreste,Manglar,0.97613025
-112.14798736262692,31.302944010664877,Noroeste,Selva Húmeda,0.98317564
-93.08260212754014,18.122255824220645,Sureste,Manglar,0.30524117
-100.70011746072585,27.97349619824345,Noreste,Pastizal,0.9829052
-100.25405164854617,25.37993982695707,Sur,Pastizal,0.8525453
-116.2261103588292,32.513045952481356,Noroeste,Pastizal,0.4134059
-93.750875211402,16.710774772640423,Sureste,Bosque Templado,0.19771177
-105.12405987406014,20.933333723029406,Occidente,Bosque Templado,0.97129714
-112.4197923256883,26.862261744078257,Noroeste,Matorral Seco,0.9989315
-97.03594135240945,18.571152750736726,Centro,Manglar,0.3503647
-100.04832499753789,18.680098790004685,Centro,Bosque Templado,0.9163953
-99.57523159410884,21.920330576131953,Centro,Bosque Templado,0.93598294
-96.44636080879405,16.449539418569483,Noreste,Matorral Seco,0.6968547
-109.29492571834005,26.671641859034267,Noroeste,Manglar,0.30178234
-103.95734590980457,27.535310771398454,Noreste,Matorral Seco,0.92365414
-112.87458157254494,31.67176981930586,Noroeste,Manglar,0.95007
-116.03713161308795,30.90961849318428,Noroeste,Manglar,0.992612
-100.46260482371306,26.75660404425546,Sur,Manglar,0.82407296
-108.15130111324538,27.77834317597532,Noreste,Manglar,0.8982541
-99.05888648750465,20.36088953984756,Centro,Matorral Seco,0.15243529
-99.9505695066049,27.944170521907484,Noreste,Matorral Seco,0.29548237
-113.72926271599385,29.196090480619922,Noroeste,Matorral Seco,0.99651295
-113.63665129602302,31.874586487484336,Noroeste,Manglar,0.9933178
-100.50025703714607,24.779069039498626,Sur,Pastizal,0.9433735
-99.91109613420001,24.811292422216955,Sur,Selva Húmeda,0.7334441
-98.56967065788056,18.576037635240464,Centro,Bosque Templado,0.1749
-109.14484455047345,30.824817354171962,Noroeste,Matorral Seco,0.8822935
-110.18501514719442,31.05695338119887,Noroeste,Pastizal,0.38164705
-100.92666048192567,27.361012611674415,Noreste,Selva Húmeda,0.7228235
-108.34024350933703,30.409187418502114,Noreste,Pastizal,0.94819826
-92.9588932608893,15.633433144362385,Sureste,Manglar,0.94647354
-113.9984292893165,28.534472163454218,Noroeste,Selva Húmeda,0.9922927
-99.74211965912039,27.064991270431417,Sur,Selva Húmeda,0.97319
-102.54940381886946,29.316182004620366,Noreste,Bosque Templado,0.8792588
-91.66869205986625,17.626702653873625,Sureste,Selva Húmeda,0.94129944
-107.7789185747127,26.822311458419456,Noreste,Selva Húmeda,0.89600885
-89.93100297757924,19.369755220293115,Sureste,Manglar,0.3822412
-103.63402970849256,21.813281352004275,Occidente,Bosque Templado,0.46539235
-87.06153750031024,21.003594279872438,Sureste,Matorral Seco,0.9779001
-109.95589629655638,27.65450152168773,Noroeste,Manglar,0.8293182
-101.05534464205292,19.12607712949425,Occidente,Bosque Templado,0.47657353
-99.49093294220161,19.790721709030777,Centro,Pastizal,0.50238705
-99.95850164826001,26.622215099788324,Sur,Pastizal,0.4993694
-91.99222382530041,17.273244290041564,Sureste,Matorral Seco,0.87536293
-102.55525577409193,25.322251037543598,Noreste,Selva Húmeda,0.8992224
-109.41582607643167,29.92791089577003,Noroeste,Manglar,0.6634877
-111.93358577295358,29.917373188935624,Noroeste,Manglar,0.8344082
-111.19307377720438,30.23933640381607,Noroeste,Pastizal,0.4826441
-100.98825507502238,27.308616598324676,Noreste,Selva Húmeda,0.78228587
-104.22471993730227,20.320943106218156,Occidente,Pastizal,0.39507648
-95.9729102218305,17.180185521813485,Noreste,Manglar,0.9733801
-101.44855306995379,23.39048368103862,Centro,Selva Húmeda,0.9989155
-88.02940210713561,20.881933988082363,Sureste,Manglar,0.76950175
-101.02987747120359,19.856275528700994,Occidente,Bosque Templado,0.1889353
-110.25076472175233,27.557091574240882,Noroeste,Manglar,0.57511765
-88.70354791003426,19.9949658766289,Sureste,Matorral Seco,0.8102176
-114.95366831085467,31.77216171665193,Noroeste,Matorral Seco,0.97186255
-114.17214389637937,28.834931276708666,Noroeste,Selva Húmeda,0.9569406
-111.3876024292039,30.98991113455204,Noroeste,Bosque Templado,0.9893506
-88.34183362407174,21.200391624983002,Sureste,Matorral Seco,0.40018237
-115.31924234611283,30.814382387264292,Noroeste,Pastizal,0.9949955
-112.09083713033776,31.555080239042876,Noroeste,Selva Húmeda,0.95327353
-100.92824730129679,20.295854523406167,Centro,Pastizal,0.18522353
-100.61481381829202,20.75815311063098,Centro,Pastizal,0.3241
-106.66372544047266,31.234408709293117,Noreste,Bosque Templado,0.5747606
-104.8676090558603,29.658773946259192,Noreste,Bosque Templado,0.81011
-108.76491677469826,30.84952881898484,Noreste,Bosque Templado,0.68174237
-113.05631105373534,31.424685277673255,Noroeste,Manglar,0.98352265
-107.18060933360566,30.425284211289707,Noreste,Pastizal,0.9201712
-88.151433345517,18.808978051012147,Sureste,Selva Húmeda,0.6118359
-106.1526425391932,29.096256413086614,Noreste,Bosque Templado,0.5703982
-99.85633593514194,25.32618779080248,Sur,Manglar,0.21471177
-116.39958876391727,32.575094802993654,Noroeste,Manglar,0.45787588
-91.33208723786201,16.646800548357522,Sureste,Matorral Seco,0.9624153
-92.1974751893457,17.782802699128933,Sureste,Matorral Seco,0.3441941
-102.10860709847339,23.013921525306277,Centro,Pastizal,0.33654118
-92.88377249271177,17.641688473508793,Sureste,Selva Húmeda,0.30983528
-104.60262648640409,19.232119006533654,Occidente,Manglar,0.6437947
-101.3916712568976,27.520550914505364,Noreste,Manglar,0.9527747
-106.37844912031088,30.303617543541993,Noreste,Pastizal,0.4590741
-100.05645340439845,21.678745850265795,Centro,Manglar,0.85220116
-89.66042183681331,18.38869938042449,Sureste,Manglar,0.7153388
-97.66753569016207,20.915492559651753,Sureste,Pastizal,0.072717644
-92.63073772474779,16.642047453762476,Sureste,Manglar,0.35955882
-105.69476446180576,28.47280491008671,Noreste,Manglar,0.53079176
-88.73921570072666,19.695499448349125,Sureste,Bosque Templado,0.95524
-109.57912765637703,27.66209664512147,Noroeste,Bosque Templado,0.9976621
-108.98582749490795,28.687662329980107,Noroeste,Bosque Templado,0.9305153
-108.08923750368226,27.200593143330128,Noreste,Pastizal,0.39687058
-102.88515742303022,21.20784926953851,Occidente,Selva Húmeda,0.33841765
-104.37745695878539,20.683260519644314,Occidente,Bosque Templado,0.81247115
-107.14095579596143,27.150941646846903,Noreste,Bosque Templado,0.91115296
-93.5971622272606,17.146556955875983,Sureste,Selva Húmeda,0.99999994
-106.45108672076474,24.203095417072205,Noroeste,Selva Húmeda,0.97611874
-93.39626608271018,17.557917824850403,Sureste,Selva Húmeda,0.37591177
-113.6303983034125,31.943836120405418,Noroeste,Manglar,0.9932893
-103.12457995376349,27.7333432153304,Noreste,Selva Húmeda,0.76346296
-103.45670947580584,23.33795010269585,Centro,Matorral Seco,0.8968441
-96.67370000014176,16.524863609089,Noreste,Bosque Templado,0.28698823
-106.9386705338449,28.7623537272439,Noreste,Selva Húmeda,0.1762647
-93.6251553926865,16.13725788901355,Sureste,Pastizal,0.7391906
-107.20323035421114,31.188608139219504,Noreste,Selva Húmeda,0.92962825
-108.8825856958698,26.616025858199926,Noroeste,Selva Húmeda,0.9800726
-109.15733441730238,27.5430521553577,Noroeste,Matorral Seco,0.9249441
-100.40519876289665,26.825074371718518,Sur,Manglar,0.98691344
-103.1999933563533,21.81510045500517,Centro,Selva Húmeda,0.8077347
-109.8553752664004,23.574955835953496,Noroeste,Pastizal,0.8277753
-99.45038614664678,17.00056769604956,Sur,Selva Húmeda,0.30694118
-105.52916454784946,29.9691607152958,Noreste,Manglar,0.97303647
-99.34097611408599,21.095694746638948,Centro,Matorral Seco,0.87888116
-88.46220386283845,20.22113696689711,Sureste,Bosque Templado,0.6401306
-109.37563363183246,30.603129443510685,Noroeste,Pastizal,0.8524359
-92.0033148267398,16.96669518019331,Sureste,Selva Húmeda,0.8760553
-102.71704141860847,29.095486422200185,Noreste,Manglar,0.95982766
-109.58716638282527,23.36710871718752,Noroeste,Manglar,0.99999297
-113.79767777652941,27.681822192970778,Noroeste,Matorral Seco,0.9901693
-89.0891083197653,20.458319977791643,Sureste,Bosque Templado,0.63177586
-114.25791546964035,32.235931501382176,Noroeste,Bosque Templado,0.9978658
-108.30679050167365,27.564836723602365,Noreste,Pastizal,0.6021906
-99.48884396126864,17.05894576929852,Sur,Selva Húmeda,0.33777648
-111.7048626537628,30.934763938744073,Noroeste,Bosque Templado,0.97109824
-111.29464435363597,24.531805756577388,Noroeste,Pastizal,0.97072756
-104.46965690597747,21.337552491751218,Occidente,Selva Húmeda,0.90461
-93.68968258922689,17.92588656438487,Sureste,Matorral Seco,0.53592587
-110.73798923089078,31.262748416153816,Noroeste,Pastizal,0.62923527
-89.43677290504765,20.69198084958122,Sureste,Matorral Seco,0.6720971
-102.99879625723108,18.60665408505736,Occidente,Matorral Seco,0.9241571
-94.92675194634714,18.01212843088272,Sureste,Matorral Seco,0.34901178
-107.202263013005,29.747824410733337,Noreste,Bosque Templado,0.6973347
-107.00342774309345,31.252488159238972,Noreste,Matorral Seco,0.07772941
-95.18216388349602,16.436300511125385,Noreste,Manglar,0.35740587
-115.5005698533285,30.791022651953128,Noroeste,Manglar,0.92707294
-103.61467161115657,23.996702896390072,Centro,Bosque Templado,0.28988823
-106.6272286332422,25.99074358708377,Noreste,Selva Húmeda,0.9432529
-105.59965621298838,27.994292662889873,Noreste,Pastizal,0.6814418
-100.92997425315065,22.83749917362605,Centro,Manglar,0.84649473
-106.26602783086012,23.537780723749343,Noroeste,Matorral Seco,0.9732949
-99.93639321448792,26.022172302271827,Sur,Matorral Seco,0.9999535
-101.0494018844404,22.576955701518187,Centro,Pastizal,0.59684944
-100.48473729934987,22.54663402383179,Centro,Bosque Templado,0.50655943
-101.36880577479891,19.931917715451238,Occidente,Manglar,0.58253765
-106.49729968887189,26.073307625339993,Noreste,Manglar,0.99034107
-97.11981410680686,16.9427705133111,Noreste,Manglar,0.71110296
-87.5592823328783,19.992071806956723,Sureste,Pastizal,0.96262705
-95.44715534079263,16.679915469580763,Noreste,Bosque Templado,0.76892823
-98.78331921486853,19.568956623969257,Centro,Pastizal,0.25097647
-107.31168198507183,27.509740089061136,Noreste,Matorral Seco,0.95486295
-100.16496252136196,26.99467789773466,Sur,Pastizal,0.77670646
-105.62839630606265,22.006215028975802,Occidente,Manglar,0.9002547
-104.64786251969045,21.319452622255067,Occidente,Selva Húmeda,0.42799413
-103.51304434406548,18.74170181986358,Occidente,Selva Húmeda,0.6627053
-100.97397917999092,24.60905320495219,Noreste,Selva Húmeda,0.9956874
-100.64159906611123,20.60351308423667,Centro,Manglar,0.35293528
-100.21825231314963,26.93017649576945,Sur,Matorral Seco,0.98575115
-100.57686680025482,24.389230234427387,Sur,Matorral Seco,0.7316659
-104.80815266390861,21.58058941922271,Occidente,Selva Húmeda,0.26695293
-103.1449091176959,18.725887888552307,Occidente,Bosque Templado,0.57186234
-115.41339154181878,31.527905987615682,Noroeste,Pastizal,0.9999391
-107.41804785877311,28.811559100269086,Noreste,Bosque Templado,0.95560354
-100.4648607191081,23.2883528451399,Sur,Selva Húmeda,0.9383318
-100.41130734422819,18.160986231593903,Sur,Selva Húmeda,0.29671764
-90.00688901801676,19.49521247968979,Sureste,Matorral Seco,0.24340588
-102.89859714421283,19.610292078204466,Occidente,Bosque Templado,0.5318276
-98.63584662826794,18.699057783122996,Centro,Bosque Templado,0.30639413
-102.27520700913468,21.111467148220544,Occidente,Matorral Seco,0.44861412
-105.0561162363102,29.259045426392788,Noreste,Pastizal,0.95569056
-99.57940055384084,18.12839127426121,Sur,Matorral Seco,0.57657117
-102.77354082548044,21.096890788991065,Occidente,Selva Húmeda,0.5815753
-99.65374120917411,25.889623086126093,Sur,Bosque Templado,0.9232647
-91.00821174439773,16.568722195454896,Sureste,Pastizal,0.9953893
-106.17438140645505,31.391214979293835,Noreste,Selva Húmeda,0.8125847
-97.33031097279004,19.498117164859778,Sureste,Matorral Seco,0.3532706
-97.03656000739663,18.320345993179203,Centro,Matorral Seco,0.09141765
-100.17117615644247,20.89599240906245,Centro,Matorral Seco,0.66219527
-104.43427805512131,21.660567903825267,Occidente,Pastizal,0.95231473
-101.58595145921993,19.42943933709085,Occidente,Pastizal,0.94015586
-102.550252175517,28.640516569724138,Noreste,Pastizal,0.80057645
-110.25396318369359,23.99674897842302,Noroeste,Matorral Seco,0.6162688
-109.05007035499932,28.4838909999287,Noroeste,Bosque Templado,0.9795939
-105.14853892427053,29.721107203293464,Noreste,Matorral Seco,0.85839
-100.29451509632086,20.00354643005964,Occidente,Matorral Seco,0.0032882353
-113.48638210775594,28.43557598275823,Noroeste,Bosque Templado,0.99747676
-109.21351344728274,29.69433658026404,Noroeste,Manglar,0.90218234
-99.56153286413199,25.134538394122874,Sur,Manglar,0.87239826
-98.69546953249491,18.838724687647737,Centro,Pastizal,0.2975059
-95.97328768952386,17.814183476900865,Noreste,Selva Húmeda,0.33118236
-99.47814798141992,25.007007737386687,Sur,Pastizal,0.49963352
-107.91291274906595,27.193508433363863,Noreste,Matorral Seco,0.28908235
-92.57360546085187,15.6936608404871,Sureste,Manglar,0.7859865
-99.4938525747082,24.894859189673493,Sur,Selva Húmeda,0.1754647
-101.20435737343291,22.33748931767004,Centro,Bosque Templado,0.6169747
-98.81865835164739,25.22338702899897,Sur,Selva Húmeda,0.36748236
-94.18241657965793,16.78112078714841,Noreste,Selva Húmeda,0.91504234
-100.52815347628736,18.31037456181443,Sur,Pastizal,0.9889919
-100.25763104944654,19.102080006758964,Centro,Bosque Templado,0.9088047
-95.26612467750515,18.239427246944594,Sureste,Selva Húmeda,0.3543647
-115.61238908422897,31.966532759111814,Noroeste,Matorral Seco,0.9399488
-97.06884708706322,17.995087981671713,Noreste,Bosque Templado,0.17972353
-110.58891758721656,23.76703339272571,Noroeste,Pastizal,0.98450106
-99.81690897868609,25.859030003109616,Sur,Matorral Seco,0.8490706
-99.04866081969789,19.23542913491196,Centro,Selva Húmeda,0.23149411
-87.59666036885508,21.380739774382285,Sureste,Matorral Seco,0.7324935
-98.68578762740309,17.134583317932385,Sur,Pastizal,0.8437894
-97.28633582006947,20.4659297864146,Sureste,Bosque Templado,0.41187647
-98.77441318390859,21.991536087869324,Centro,Selva Húmeda,0.37871176
-99.82486430700801,27.624568467764234,Sur,Manglar,0.73057353
-102.5986286810721,20.471558678882953,Occidente,Selva Húmeda,0.28852352
-101.4684823915379,29.33111794430282,Noreste,Bosque Templado,0.8857694
-104.2424646094856,20.0748577898267,Occidente,Manglar,0.17023529
-115.54668700591799,31.65563216944655,Noroeste,Bosque Templado,0.9882851
-109.11934279604479,29.70085811772594,Noroeste,Selva Húmeda,0.96614766
-101.92177683323492,22.800696883577125,Centro,Manglar,0.8830753
-113.87717958789078,28.194138481801083,Noroeste,Selva Húmeda,0.9722665
-105.00184820093885,30.477217304866617,Noreste,Bosque Templado,0.8972065
-111.58356268316047,29.521454733925676,Noroeste,Manglar,0.9388982
-101.6222858329987,26.45732802985956,Noreste,Manglar,0.8376988
-96.28152320835474,17.296734521727885,Noreste,Manglar,0.9288959
-93.73593093530134,17.19665113079917,Sureste,Bosque Templado,1.0
-102.06468622280177,27.960885235723833,Noreste,Pastizal,0.8514612
-100.62441535802336,24.677726509918326,Sur,Selva Húmeda,0.9347653
-113.00418695925016,26.749543165134945,Noroeste,Matorral Seco,0.9804205
-99.82756817178428,24.085977922917657,Sur,Manglar,0.9185012
-113.98191497120025,28.751113437771004,Noroeste,Bosque Templado,0.99700844
-115.95158665971839,32.59809131060477,Noroeste,Matorral Seco,0.9670706
-98.49270501122238,24.389009117098247,Noreste,Matorral Seco,0.78815293
-100.55399789456291,28.642869778119906,Noreste,Selva Húmeda,0.0
-99.78426912469959,20.706649760832374,Centro,Matorral Seco,0.22265883
-104.6309291204522,27.454657535872226,Noreste,Pastizal,0.6201318
-107.21963042982446,29.33815565736614,Noreste,Bosque Templado,0.4430347
-102.64102107218429,26.747981553619308,Noreste,Selva Húmeda,0.99738944
-99.08329419323998,25.41923667104279,Sur,Pastizal,0.41331178
-100.30092272542376,20.170245518259282,Occidente,Pastizal,0.3392059
-106.47391421046312,31.53883462245063,Noreste,Bosque Templado,0.0934
-98.3594232632995,17.49054972823611,Sur,Matorral Seco,0.85961473
-94.24590370413236,18.137182602763225,Sureste,Manglar,0.67724943
-111.08510797637067,24.634013047529674,Noroeste,Manglar,0.93866056
-91.13506143033341,18.502117964136026,Sureste,Matorral Seco,0.7381047
-98.8809266201634,18.260686494622064,Centro,Manglar,0.56525296
-115.01776523605004,30.5146786186125,Noroeste,Selva Húmeda,0.9938272
-107.51914764406372,25.77271168255377,Noroeste,Bosque Templado,0.9760118
-106.43002325525906,23.950000353160984,Noroeste,Pastizal,0.7138035
-107.79985860564248,26.552790973108156,Noreste,Matorral Seco,0.9555453
-109.59623765392487,30.551537522060258,Noroeste,Bosque Templado,0.8375176
-91.44538659428261,17.796836053117282,Sureste,Matorral Seco,0.40705884
-101.72620438719653,19.740285481414173,Occidente,Pastizal,0.5204253
-100.58868436435893,19.74102248955609,Occidente,Manglar,0.2808588
-98.2569205138872,19.51832348849343,Centro,Bosque Templado,0.23240589
-100.77696557305515,27.803139845109197,Noreste,Matorral Seco,0.92329353
-89.50015484848397,19.85076886017763,Sureste,Matorral Seco,0.85070884
-105.22661769511853,30.427230936310927,Noreste,Pastizal,0.82652056
-112.58850336034418,26.754477799775362,Noroeste,Manglar,0.9872008
-105.6565934709766,26.947024290870093,Noreste,Pastizal,0.54497
-97.63277810393848,19.017979078157364,Centro,Selva Húmeda,0.22957647
-112.04207036278487,31.61218316541637,Noroeste,Matorral Seco,0.9958993
-106.87242381274993,28.448954352281554,Noreste,Bosque Templado,0.18324117
-88.5087668818176,19.144358102786523,Sureste,Manglar,0.58557236
-101.10230568566624,27.165055932671383,Noreste,Pastizal,0.95674235
-105.60846085548998,27.348651444803032,Noreste,Pastizal,0.51629704
-109.43807562985484,29.39431671962589,Noroeste,Pastizal,0.7028988
-97.85769161692463,17.944761197673323,Noreste,Manglar,0.6659541
-108.7723172422182,27.473977413453387,Noroeste,Bosque Templado,0.97035414
-115.6228841806673,31.815653704771762,Noroeste,Manglar,0.9948971
-114.75625790011293,32.68368608063029,Noroeste,Matorral Seco,0.17637648
-103.90369846121469,20.45863086844394,Occidente,Matorral Seco,0.28717646
-99.85666064433967,24.587501945988006,Sur,Matorral Seco,0.6477747
-110.57140820178847,31.198302086547255,Noroeste,Bosque Templado,0.8410294
-115.21037505446253,28.219554070487717,Noroeste,Manglar,0.9971791
-110.0796078666445,30.100191124028495,Noroeste,Matorral Seco,0.8622682
-103.2499685520716,25.942904034553507,Noreste,Selva Húmeda,0.1922
-94.59918092185329,17.05669317345596,Noreste,Pastizal,0.99940664
-88.63075278844971,21.111950635340897,Sureste,Matorral Seco,0.47780588
-109.06774362069928,29.17084389878074,Noroeste,Manglar,0.9531947
-106.52440617357998,30.022934128081054,Noreste,Bosque Templado,0.8198265
-103.05730111455411,27.14029295863352,Noreste,Pastizal,0.9278959
-98.52941684139286,24.31454819322471,Noreste,Matorral Seco,0.64814943
-102.2903376867424,27.33312753295135,Noreste,Matorral Seco,0.90894413
-96.60743936735899,19.137663234807082,Sureste,Matorral Seco,0.4007412
-92.9787861452077,16.63703146460422,Sureste,Manglar,0.23535295
-98.05535367041465,16.39561900371529,Noreste,Selva Húmeda,0.49010646
-92.6521427591425,15.109989273808008,Sureste,Selva Húmeda,0.28327647
-113.76956017126638,27.702457087073757,Noroeste,Pastizal,0.9925277
-110.72090911307966,28.171329061520876,Noroeste,Manglar,0.87191707
-100.20456771978023,22.103579444959017,Centro,Bosque Templado,0.99529445
-110.2572897342304,27.294606271950272,Noroeste,Matorral Seco,0.17647646
-105.3168120137492,22.714125907327748,Occidente,Matorral Seco,0.6982941
-104.9304894829622,29.057792838001138,Noreste,Manglar,0.6541835
-98.32418830637081,19.6276708639031,Centro,Pastizal,0.29295883
-99.5985364516518,26.507005081269277,Sur,Bosque Templado,0.6416788
-97.41984644506417,18.26900312077848,Centro,Manglar,0.69644177
-101.06750884346256,22.501936308651686,Centro,Pastizal,0.96565235
-106.81783998754739,26.930446565024788,Noreste,Pastizal,0.8555094
-112.77115752662178,27.421623706337225,Noroeste,Matorral Seco,0.89218414
-107.50480812104651,29.266419050141437,Noreste,Manglar,0.90513706
-101.57396724400239,29.518723358704328,Noreste,Matorral Seco,0.93137825
-113.08402454343721,31.26730440238738,Noroeste,Manglar,0.5012282
-97.92279002347969,23.302713039282533,Noreste,Matorral Seco,0.6346406
-104.02461890706726,22.183970346831515,Occidente,Pastizal,0.73864883
-106.44013202745278,30.414632967536292,Noreste,Bosque Templado,0.9284559
-89.5888893202301,19.923580349764528,Sureste,Bosque Templado,0.8809841
-108.89249841138151,29.68808706085137,Noroeste,Pastizal,0.97585213
-102.12260386448591,20.600891934995083,Occidente,Pastizal,0.5669647
-100.95041366713107,18.03129455842231,Sur,Selva Húmeda,0.59061885
-104.70668296487935,30.0972074246335,Noreste,Pastizal,0.9412218
-92.49394770285382,15.885725462912205,Sureste,Manglar,0.66341233
-102.91326025716059,18.885451989735515,Occidente,Selva Húmeda,0.93401587
-90.90066011566647,16.526458766186632,Sureste,Pastizal,0.99852514
-106.65713850024049,27.001589639078407,Noreste,Pastizal,0.73189414
-101.93907474966798,19.89934057450757,Occidente,Matorral Seco,0.2984294
-103.1110954666222,25.389037153750667,Noreste,Matorral Seco,0.48404118
-115.65688816185862,30.745458227891312,Noroeste,Manglar,0.8714512
-95.70284295271732,16.075917028901,Noreste,Pastizal,0.5683206
-110.75649308033033,29.333356304080024,Noroeste,Bosque Templado,0.86831707
-111.32463343571231,29.963337523038028,Noroeste,Manglar,0.5012159
-99.09569698254526,25.356424796259663,Sur,Bosque Templado,0.4159941
-90.33188708582061,19.1314558054011,Sureste,Manglar,0.29354116
-104.24682853987291,19.731955721424796,Occidente,Pastizal,0.45916
-98.50145538111022,19.398898937735964,Centro,Bosque Templado,0.3122647
-110.830593192952,28.360531238899934,Noroeste,Bosque Templado,0.9373741
-97.22649236187928,17.740997229046634,Noreste,Bosque Templado,0.38020587
-102.26269800980809,28.733025287558913,Noreste,Matorral Seco,0.8494582
-107.71860617906898,31.001583691958544,Noreste,Pastizal,0.6788959
-101.03645372732537,18.702763885827835,Occidente,Manglar,0.6321
-99.66690430053735,18.538812887415784,Sur,Matorral Seco,0.41472352
-101.22254982891347,28.701834233644878,Noreste,Matorral Seco,0.87318236
-97.92891626895282,21.089259836601357,Sureste,Bosque Templado,0.29724705
-113.88016826506816,27.80358415663071,Noroeste,Bosque Templado,0.9686047
-88.57789914754616,20.28096559885263,Sureste,Selva Húmeda,0.85802
-100.98072615228706,21.41743330202469,Centro,Pastizal,0.54728234
-105.85445128558068,31.17661370699073,Noreste,Selva Húmeda,0.8411988
-103.44334881125933,21.08492743120294,Occidente,Selva Húmeda,0.6388841
-101.4776030507621,24.675081850788594,Centro,Bosque Templado,0.99317217
-104.54626937779219,27.006468541292683,Noreste,Selva Húmeda,0.9633088
-106.36040641000147,24.130406973844934,Noroeste,Matorral Seco,0.87069297
-110.19227081574228,27.837423997897343,Noroeste,Selva Húmeda,0.8195635
-100.57264918834497,18.998205428411303,Occidente,Pastizal,0.7250235
-108.52935161033597,29.64206903001784,Noreste,Bosque Templado,0.9884683
-100.97491217109004,20.168435101711484,Centro,Manglar,0.58942235
-108.65137386477252,28.728209651589314,Noroeste,Bosque Templado,0.96834767
-105.9390874016217,22.97995211878712,Noroeste,Bosque Templado,0.2939
-106.91162851048828,29.816925672865192,Noreste,Matorral Seco,0.22477059
-113.21530617534638,27.556353075913304,Noroeste,Pastizal,0.9874257
-108.28887302036651,27.883131684258284,Noreste,Pastizal,0.70823413
-113.38248818922777,27.808185936091007,Noroeste,Selva Húmeda,0.9655747
-104.15630690158814,21.289585504162797,Occidente,Pastizal,0.89968824
-107.81429255507831,25.302524086782785,Noroeste,Manglar,0.29424706
-94.3572756288269,16.810403643800324,Noreste,Matorral Seco,0.99280196
-100.84946418202418,18.522253189155318,Sur,Bosque Templado,0.26147646
-116.3294300445589,31.78281938896534,Noroeste,Pastizal,0.9823958
-99.50964671968718,19.821604334661757,Centro,Selva Húmeda,0.7756847
-87.73551030548632,20.129521814527347,Sureste,Bosque Templado,0.95375234
-100.43463390529362,28.554487984948647,Noreste,Pastizal,0.99109715
-109.12398190684993,27.852444835165244,Noroeste,Manglar,0.78847706
-88.43299706947407,20.30552492157591,Sureste,Pastizal,0.66766
-99.96066367379663,23.882180432564127,Sur,Matorral Seco,0.7537894
-102.529918610858,20.67259722160053,Occidente,Bosque Templado,0.33065882
-95.51228726155787,16.788597821752578,Noreste,Pastizal,0.58462
-114.0327427842191,31.75418084367159,Noroeste,Manglar,0.9987139
-88.18084800396517,19.20998995398018,Sureste,Bosque Templado,0.99250764
-98.46273968842087,24.925446092314615,Noreste,Selva Húmeda,0.46709588
-111.62845072710745,30.02038003895984,Noroeste,Pastizal,0.99714524
-105.49184668035228,22.88446884577537,Noroeste,Matorral Seco,0.9679088
-100.61488205928788,25.520361966650107,Noreste,Matorral Seco,0.86166
-104.4096773284644,19.331451767463676,Occidente,Matorral Seco,0.8827359
-93.67782269539276,17.862280080349933,Sureste,Manglar,0.4234706
-104.78056386660101,29.992207532763416,Noreste,Matorral Seco,0.9751674
-100.60554050593531,25.90846881303937,Sur,Matorral Seco,0.9497847
-113.78189590344192,31.780036489789865,Noroeste,Bosque Templado,0.6613835
-100.46614583428436,26.838018031074736,Sur,Bosque Templado,0.25994706
-100.02812927655421,26.468687621564786,Sur,Matorral Seco,0.3493941
-90.78321357099246,17.949205968117912,Sureste,Pastizal,0.45988706
-102.34229960636753,24.6723325731188,Centro,Selva Húmeda,0.89418703
-102.12674619449982,22.977908418781613,Centro,Selva Húmeda,0.5150394
-97.57010229482736,25.35734891047752,Noreste,Manglar,0.9969568
-107.76265814590866,28.88021787745793,Noreste,Manglar,0.5950565
-104.15546911751642,21.633053429819316,Occidente,Matorral Seco,0.48956764
-116.08176812947417,32.04398156353678,Noroeste,Bosque Templado,0.9967656
-99.73557908575354,19.785338533129636,Centro,Selva Húmeda,0.33770588
-98.70209190890291,21.2905332148677,Centro,Manglar,0.29992354
-104.70324987991181,19.409633507399572,Occidente,Bosque Templado,0.56077176
-94.34926184123655,16.961748583229113,Noreste,Manglar,0.99990296
-103.29291742996766,21.376441309840054,Centro,Pastizal,0.8346
-106.94301192718731,24.462216486530522,Noroeste,Bosque Templado,0.49851236
-103.72593038738869,28.228390950641433,Noreste,Bosque Templado,0.9748793
-103.29222528033155,25.829753195448685,Noreste,Pastizal,0.1764706
-109.01596676000467,29.419516641073496,Noroeste,Manglar,0.93625295
-111.21944494051844,24.764643007749786,Noroeste,Selva Húmeda,0.9576859
-101.55775172515871,28.517361813587044,Noreste,Pastizal,0.83605295
-109.30355181029049,28.132698249958963,Noroeste,Bosque Templado,0.48578823
-105.6968306492003,27.33743894716751,Noreste,Selva Húmeda,0.5700806
-102.97803099395311,23.40609174644031,Centro,Manglar,0.47281942
-112.4419682075671,30.553783464703503,Noroeste,Matorral Seco,0.94814765
-102.33026413086198,18.817700117057427,Occidente,Selva Húmeda,0.4965053
-107.88889159972572,27.624399193663145,Noreste,Matorral Seco,0.55505705
-95.43661918816896,17.55320909092064,Noreste,Bosque Templado,0.4881912
-101.32847692906931,24.64817691368489,Centro,Matorral Seco,0.8376159
-96.7595581687406,19.45276046670691,Sureste,Matorral Seco,0.6215953
-107.0379868891815,30.93896929459981,Noreste,Selva Húmeda,0.86650884
-99.72354025061072,19.62064333338717,Centro,Selva Húmeda,0.2082353
-105.68895411738738,30.48718346992249,Noreste,Manglar,0.89956707
-106.92103321371249,30.588976472146634,Noreste,Pastizal,0.9071665
-115.96143282945393,31.80924178972876,Noroeste,Manglar,0.94577
-95.53998854043311,16.224094371436788,Noreste,Manglar,0.94405645
-98.89071981738311,17.02760358369995,Sur,Selva Húmeda,0.94073707
-100.11959816441774,20.855150219504687,Centro,Matorral Seco,0.65117884
-92.2019801942047,17.56523138926431,Sureste,Bosque Templado,0.42137647
-111.8567649639638,30.88878068798718,Noroeste,Manglar,0.5384029
-98.91362770106683,22.245916433807984,Centro,Matorral Seco,0.99745846
-107.72314679822212,25.716539000879823,Noroeste,Pastizal,0.8233835
-97.63791234709919,19.970374704912587,Centro,Bosque Templado,0.2319294
-106.45036844271289,31.505723009517443,Noreste,Manglar,0.8756682
-103.97809506805615,19.855090011465133,Occidente,Matorral Seco,0.40051764
-110.4150393544947,28.116766639338845,Noroeste,Manglar,0.99997467
-104.13968362152103,27.33022902478526,Noreste,Bosque Templado,0.9615594
-97.80143419611905,20.379687292497476,Centro,Matorral Seco,0.31205884
-109.48430415117045,29.055012021758348,Noroeste,Manglar,0.9879696
-102.23784306405092,19.9123878083029,Occidente,Matorral Seco,0.5972235
-97.00620310627463,20.47458194618754,Sureste,Manglar,0.022135295
-103.5671119317519,22.46990377503429,Occidente,Bosque Templado,0.65939355
-100.54487248218344,20.27697400417229,Centro,Pastizal,0.8584394
-107.54290547322029,27.097681856091835,Noreste,Pastizal,0.9857758
-100.46778110496986,17.916170670028485,Sur,Manglar,0.7810341
-104.07305193302415,20.487005906621583,Occidente,Manglar,0.30999413
-96.54739350342194,18.723879480116565,Sureste,Bosque Templado,0.3128
-106.08076994486966,23.817677849638166,Noroeste,Bosque Templado,0.9687135
-102.12356620356228,25.947344108046547,Noreste,Pastizal,0.99840534
-100.99026801569731,28.412686263462163,Noreste,Bosque Templado,0.64648116
-100.46244105973192,20.579458280392434,Centro,Selva Húmeda,0.20211177
-102.28043244632161,24.866311335055535,Centro,Bosque Templado,0.99185055
-100.95196658962159,25.222179192648987,Noreste,Matorral Seco,0.80291
-114.3628883215921,29.04419588941695,Noroeste,Manglar,0.99460506
-91.95569260305759,18.486089357160015,Sureste,Pastizal,0.99971896
-99.32815239248241,22.09602336399831,Centro,Selva Húmeda,0.9220523
-103.8776639067048,22.86480346729698,Centro,Bosque Templado,0.92887473
-103.25422632870593,20.31674158766342,Occidente,Pastizal,0.6064271
-95.25112308893625,16.800585953576856,Noreste,Pastizal,0.90614
-103.22488496862405,25.59108169542484,Noreste,Selva Húmeda,0.17677058
-88.25650260668188,20.113896918833856,Sureste,Manglar,0.9759202
-89.67533394703943,19.735777249045107,Sureste,Manglar,0.61602175
-114.76136945090491,30.736431705502827,Noroeste,Manglar,0.994603
-100.01802841482143,25.859011583716423,Sur,Bosque Templado,0.26085293
-114.9043908741573,30.89847322657184,Noroeste,Matorral Seco,0.9999634
-98.17404481381509,20.464436345729165,Centro,Manglar,0.66607237
-98.50557278942361,19.78908858500071,Centro,Manglar,0.2119
-108.92211066030167,30.135773287850107,Noroeste,Matorral Seco,0.98190945
-115.28313153236526,30.50747077591898,Noroeste,Manglar,0.99142665
-97.63477297874016,20.525796971646756,Centro,Matorral Seco,0.3319
-100.82329682705806,22.593930512473115,Centro,Matorral Seco,0.95129764
-110.36717726132068,28.185986938489716,Noroeste,Selva Húmeda,0.8013194
-109.4339874543822,29.191309729458336,Noroeste,Bosque Templado,0.95617354
-104.45577335900161,28.409822032170307,Noreste,Manglar,0.85907704
-103.76794442985764,19.08248627222218,Occidente,Matorral Seco,0.6718718
-107.43220850450449,30.344480797714468,Noreste,Matorral Seco,0.85685176
-97.40685647041785,19.668486494448942,Sureste,Manglar,0.35745883
-107.11628081891473,30.926600966088333,Noreste,Manglar,0.8921176
-106.61695495326613,27.111896776612085,Noreste,Selva Húmeda,0.8162682
-87.25492735978807,20.978438501366362,Sureste,Selva Húmeda,0.9218753
-105.07429562051522,22.088510140605106,Occidente,Bosque Templado,0.45905882
-105.04846488700649,22.467284993334424,Occidente,Selva Húmeda,0.8289206
-110.64862823476888,29.761771163081885,Noroeste,Pastizal,0.81246704
-101.73880058267372,28.290754561721865,Noreste,Bosque Templado,0.87485236
-106.03737822361448,30.493304308626858,Noreste,Pastizal,0.9191059
-107.07705126273106,28.992032077697335,Noreste,Matorral Seco,0.4221647
-101.54951325566458,20.695408996820994,Centro,Pastizal,0.68084824
-100.66711881065203,25.376962112081845,Noreste,Matorral Seco,0.9336847
-93.17400796686114,15.80171285360573,Sureste,Matorral Seco,0.6796047
-93.34605011884771,16.21022737715649,Sureste,Manglar,0.33232942
-106.62274095036213,24.11967552246764,Noroeste,Matorral Seco,0.9863933
-104.83636140286208,22.554134358503795,Occidente,Matorral Seco,0.81178176
-113.13282155270272,27.5506362859326,Noroeste,Bosque Templado,0.9946535
-103.9265554120447,27.727263345224454,Noreste,Pastizal,0.8174559
-106.53081182868955,23.792364220294864,Noroeste,Pastizal,0.9516947
-116.16156324706989,31.808357111194535,Noroeste,Manglar,0.98073465
-97.97775073397875,18.278133128844296,Centro,Selva Húmeda,0.7923406
-100.07212159264041,27.652816760280405,Sur,Selva Húmeda,0.9954591
-110.78940622264727,29.396692045317906,Noroeste,Bosque Templado,0.87923056
-109.59986546769862,27.96510876520069,Noroeste,Manglar,0.8141241
-108.62663309792536,28.12577258681972,Noreste,Bosque Templado,0.71956706
-101.65269609449122,24.91543870196267,Noreste,Matorral Seco,0.93935704
-100.66060477754499,22.76351674583229,Centro,Matorral Seco,0.96377414
-104.46633092112968,27.74418172341733,Noreste,Selva Húmeda,0.50951
-99.1294673240889,20.63152579583121,Centro,Selva Húmeda,0.3619647
-96.86993226735656,16.26621238827057,Noreste,Matorral Seco,0.82036
-112.63333066484167,30.962313986023513,Noroeste,Selva Húmeda,0.9200218
-104.45876208114584,21.749922212362776,Occidente,Bosque Templado,0.93879473
-109.03838409656673,26.518990179682433,Noroeste,Selva Húmeda,0.89467704
-102.65064679980529,20.46292917560924,Occidente,Selva Húmeda,0.26481175
-114.99992997234345,31.853878354159534,Noroeste,Manglar,0.9869134
-87.6961569706038,18.805913718047005,Sureste,Selva Húmeda,0.8111712
-98.5939961015272,22.062352690015754,Centro,Selva Húmeda,0.25092354
-98.55983024119944,24.198586473398304,Noreste,Matorral Seco,0.6346159
-101.74922088401371,21.428149059827422,Occidente,Manglar,0.3359353
-99.34742440233723,20.26222938368359,Centro,Manglar,0.37655294
-106.94396224464617,24.266505623251472,Noroeste,Selva Húmeda,0.9619553
-100.43656176160727,20.578609460397438,Centro,Bosque Templado,0.14090589
-102.18580688134305,25.004572198559814,Centro,Pastizal,0.9373212
-110.21158112596626,31.157000032208853,Noroeste,Selva Húmeda,0.5874265
-96.26182009514366,18.64496173216066,Sureste,Bosque Templado,0.40514117
-109.99751802520645,29.200289906562922,Noroeste,Selva Húmeda,0.99899864
-99.63816070136289,20.943986753951453,Centro,Matorral Seco,0.75792885
-114.92089889953945,31.149700860288352,Noroeste,Selva Húmeda,0.99109006
-99.39931878212487,17.220245189167123,Sur,Pastizal,0.9596571
-102.31506674858663,19.367540130055012,Occidente,Pastizal,0.93303174
-111.4272773107333,30.019626965126417,Noroeste,Manglar,0.7123353
-100.17565829135252,19.215516645404175,Centro,Manglar,0.40617648
-115.33919829829527,29.713811111814042,Noroeste,Manglar,0.9917194
-102.8042455220164,19.47694954295163,Occidente,Pastizal,0.48214236
-96.08338914246654,16.245381586032856,Noreste,Selva Húmeda,0.67040706
-107.09906961853002,30.675368644809364,Noreste,Matorral Seco,0.7867418
-102.11013274687876,20.98170379626812,Occidente,Bosque Templado,0.31152353
-102.14469809217614,21.424255158646556,Occidente,Pastizal,0.49740884
-104.2106772661594,28.525041815685782,Noreste,Selva Húmeda,0.8660541
-98.70917072576054,20.909951164053815,Centro,Manglar,0.32647058
-112.3273060200423,31.418417047963455,Noroeste,Manglar,0.99139565
-110.95736143807567,28.50202774059367,Noroeste,Selva Húmeda,0.9702082
-102.98807304225505,28.13673353009525,Noreste,Manglar,0.94793
-99.66568914708222,21.724961488466953,Centro,Pastizal,0.33341175
-107.64537411350078,24.789353682127125,Noroeste,Matorral Seco,0.17648235
-103.18609262754987,28.705097953464417,Noreste,Selva Húmeda,0.99115455
-100.14611704108307,20.2106851155224,Centro,Pastizal,0.22330588
-108.75276794570962,29.420102383368686,Noroeste,Pastizal,0.70460176
-97.70690711440159,20.493080136404398,Sureste,Manglar,0.30514118
-100.04142360132857,20.965368536445663,Centro,Selva Húmeda,0.8490094
-109.11409855283465,26.516072695199,Noroeste,Manglar,0.5728547
-101.56074212820296,27.60154309320786,Noreste,Manglar,0.95675
-99.05597748751116,19.647377637079156,Centro,Bosque Templado,0.33192942
-112.4192136752844,31.606319938686408,Noroeste,Pastizal,0.9854193
-103.04467670254051,24.415388982694374,Centro,Bosque Templado,0.49908412
-100.07578422891486,20.31258270966521,Centro,Matorral Seco,0.31261766
-104.08948621829542,29.155902406516002,Noreste,Selva Húmeda,0.8678747
-109.1799497471284,27.865400624712578,Noroeste,Matorral Seco,0.84952587
-100.80847194027781,24.914373411553203,Noreste,Bosque Templado,0.95739883
-87.78139799512611,19.53281620322242,Sureste,Manglar,0.91323
-113.17059522151976,31.641571369186646,Noroeste,Pastizal,0.9761406
-101.07866684197191,24.28262358322382,Centro,Bosque Templado,0.6610706
-100.21953553191824,22.09119338699114,Centro,Pastizal,0.8692547
-110.5674805752316,30.45276592140129,Noroeste,Pastizal,0.9272847
-103.46208477001299,18.478961323894534,Occidente,Bosque Templado,0.6550694
-101.43552953723774,20.174606416289542,Occidente,Matorral Seco,0.0047470587
-116.0727374699969,32.405009741931146,Noroeste,Bosque Templado,0.96960586
-110.6883684611088,30.512922162951003,Noroeste,Matorral Seco,0.51196355
-100.47440515748796,22.88852340869629,Centro,Bosque Templado,0.2951647
-104.3596256786947,27.83905356523754,Noreste,Manglar,0.6153941
-113.85042781773853,29.070874433520775,Noroeste,Manglar,0.9871904
-111.61437566825698,28.52471921487517,Noroeste,Selva Húmeda,0.32578236
-97.92263563479253,18.31491044465742,Centro,Pastizal,0.7056323
-93.56910400564902,16.025303922360855,Sureste,Pastizal,0.793
-102.28950586232001,23.372371058843086,Centro,Selva Húmeda,0.8553782
-111.76690692605149,31.314043980228494,Noroeste,Bosque Templado,0.98564506
-103.00415556603649,18.432047899453934,Occidente,Selva Húmeda,0.9029171
-100.65308379221707,23.526125775286214,Centro,Bosque Templado,0.8409435
-110.59354908337554,29.049340093138934,Noroeste,Selva Húmeda,0.99959403
-100.32854777787503,20.25861232784835,Occidente,Manglar,0.3098941
-114.87833521587439,29.87898753900361,Noroeste,Bosque Templado,0.97480404
-92.70533516363378,18.301355134980692,Sureste,Pastizal,0.9995669
-95.99552221069725,18.431283838374075,Sureste,Selva Húmeda,0.38287646
-110.27079160403726,28.907847697990416,Noroeste,Pastizal,0.76607233
-106.29887578161751,30.770586294352164,Noreste,Manglar,0.837
-105.39977361544625,28.06485640185079,Noreste,Matorral Seco,0.6138641
-116.4760524690695,32.171993046644744,Noroeste,Bosque Templado,0.9950976
-99.80468957270797,24.141917901341323,Sur,Selva Húmeda,0.29471177
-106.42166426936757,26.882443402712386,Noreste,Pastizal,0.6833782
-100.29495437540277,27.403742141517018,Sur,Pastizal,0.6096435
-109.28615356404329,30.274385823288313,Noroeste,Manglar,0.89209056
-109.09867012138379,30.64730642019506,Noroeste,Pastizal,0.94493353
-100.3532609466573,19.263989012137277,Centro,Pastizal,0.79316413
-104.16246791329974,19.355086752980238,Occidente,Selva Húmeda,0.5810047
-105.55813949994702,22.923072942933768,Noroeste,Bosque Templado,0.93681175
-98.96827682371118,17.000327988352936,Sur,Matorral Seco,0.8807035
-102.82746924687964,22.308228735519002,Centro,Pastizal,0.4729253
-97.96799701670906,23.10463591722455,Noreste,Bosque Templado,0.3982647
-105.03315660067176,29.078175996932114,Noreste,Bosque Templado,0.9413229
-88.58197783417327,21.181238406006944,Sureste,Matorral Seco,0.17667647
-95.41708800733703,18.19154693682462,Sureste,Manglar,0.33554706
-107.16134697254972,28.464067871270565,Noreste,Manglar,0.29095295
-97.29978281132252,18.650930399740357,Centro,Pastizal,0.55882174
-102.22915391905617,21.660204723698183,Occidente,Pastizal,0.41874117
-105.49797422305076,29.11065770902945,Noreste,Pastizal,0.86022353
-101.32547886384144,21.084220331349673,Centro,Matorral Seco,0.6325094
-101.7925818212234,21.386889463935752,Occidente,Bosque Templado,0.6497
-110.99134221612331,30.547597551359164,Noroeste,Selva Húmeda,0.99711984
-102.31632168056754,25.970352268878777,Noreste,Selva Húmeda,0.74177414
-101.32722143007057,21.37831723129163,Centro,Matorral Seco,0.75363356
-99.99584331819071,20.85520054185018,Centro,Selva Húmeda,0.33444706
-96.35763893835717,18.478862269482352,Sureste,Selva Húmeda,0.3335706
-90.16980798507913,20.628232384681006,Sureste,Pastizal,0.33623528
-99.01205685868669,19.06418190444546,Sur,Bosque Templado,0.60995764
-100.48675893909527,19.215217211560365,Occidente,Pastizal,0.37048236
-107.31063316865426,30.15935937018788,Noreste,Selva Húmeda,0.17257647
-115.39284010676728,31.249770005617357,Noroeste,Manglar,0.99838644
-99.80660605390366,17.340059392199933,Sur,Pastizal,0.92501175
-88.40523944069068,21.374773044265805,Sureste,Bosque Templado,0.40898824
-104.53012287368436,20.058270643731618,Occidente,Pastizal,0.4375
-102.64882254756736,28.518923109002,Noreste,Pastizal,0.7043959
-91.29135587495522,16.971269252327716,Sureste,Matorral Seco,0.7760547
-90.67283985419367,18.286688555084677,Sureste,Pastizal,0.68628705
-102.46508820752076,26.151452259689098,Noreste,Pastizal,0.9988319
-110.12511006113496,29.520153662470822,Noroeste,Selva Húmeda,0.6142476
-110.05071428439602,23.36468372241808,Noroeste,Pastizal,0.9998863
-98.63287545271716,16.952449487385906,Sur,Pastizal,0.93862295
-90.57848837351115,18.159017575887177,Sureste,Bosque Templado,0.83388823
-91.85436257775198,17.53142451705939,Sureste,Manglar,0.50580704
-89.02730622719226,18.975402136169727,Sureste,Selva Húmeda,0.6624247
-98.55199060498342,19.871845480460642,Centro,Pastizal,0.28839412
-91.84907843148514,17.828962121346297,Sureste,Pastizal,0.42538825
-97.02459134069889,18.582310226036068,Sureste,Manglar,0.6504112
-116.42266527449435,31.618469011275174,Noroeste,Pastizal,0.98011285
-99.45291240469957,26.994344814513276,Noreste,Selva Húmeda,0.9691365
-95.94562959301341,18.29512913439027,Sureste,Pastizal,0.32672942
-110.38247328935522,28.56085200513771,Noroeste,Matorral Seco,0.82644767
-102.12799323324421,24.3956334754381,Centro,Bosque Templado,0.9353018
-96.7969844021712,16.21170477418652,Noreste,Selva Húmeda,0.90824234
-101.25826895913566,19.32121889826688,Occidente,Manglar,0.95896703
-103.27532378865352,23.464881559184782,Centro,Selva Húmeda,0.83473057
-101.02193917351764,17.407418362280414,Sur,Pastizal,0.9315688
-113.69413651254091,28.095805061383,Noroeste,Pastizal,0.99732065
-100.77230355263218,21.001200081545935,Centro,Bosque Templado,0.33944118
-99.35373861377703,26.898254822981624,Noreste,Pastizal,0.6683159
-113.02953529323894,27.062638913559432,Noroeste,Manglar,0.9673953
-102.51446129511385,26.580226572112487,Noreste,Bosque Templado,0.8020006
-113.60616621898437,27.489483122097234,Noroeste,Bosque Templado,0.95638704
-112.53246784208666,30.191494191299107,Noroeste,Pastizal,0.9742498
-115.72005694260147,30.28738590264095,Noroeste,Manglar,0.7258506
-95.92949306447824,16.50645632763417,Noreste,Pastizal,0.43915883
-101.85923370548923,28.507395264313146,Noreste,Manglar,0.47106943
-98.9821912392729,20.307015748501314,Centro,Selva Húmeda,0.08335294
-105.47438408922933,27.65949396429436,Noreste,Matorral Seco,0.42988825
-104.81001161295035,28.063184410699943,Noreste,Manglar,0.6974065
-114.90575625998176,32.4533278875813,Noroeste,Selva Húmeda,0.1764706
-102.17789720029613,22.46893444150715,Centro,Selva Húmeda,0.43794706
-114.3027463592482,29.12806193905994,Noroeste,Bosque Templado,0.9816091
-101.48914365018103,20.522160307378503,Centro,Bosque Templado,0.17872353
-100.63199647988723,26.17999833866665,Sur,Pastizal,0.9882803
-101.22043851471534,21.811124241334035,Centro,Pastizal,0.52740115
-99.84220586469077,24.579814799756548,Sur,Bosque Templado,0.9452694
-107.61045817699399,28.771178920494126,Noreste,Manglar,0.69177645
-96.71715694433384,19.425248496569452,Sureste,Matorral Seco,0.30254117
-98.14506277182637,22.605134776362632,Noreste,Selva Húmeda,0.37455884
-98.057344765471,21.017792573372983,Sureste,Bosque Templado,0.32704118
-101.19877540361446,29.44381562005137,Noreste,Selva Húmeda,0.9096335
-110.20434457072506,24.1723272111876,Noroeste,Selva Húmeda,0.98683923
-99.09862346793668,19.385092175917926,Centro,Selva Húmeda,0.0
-101.74094311337456,28.964024840195407,Noreste,Selva Húmeda,0.7040441
-90.59296654687417,16.355332829380956,Sureste,Manglar,0.8327376
-100.72331183260702,20.504764963462534,Centro,Bosque Templado,0.1767
-93.09831382162551,17.0685095505444,Sureste,Bosque Templado,0.5489959
-101.5369302550935,25.239479449721678,Noreste,Manglar,0.8576118
-97.86370676246976,19.657899046340354,Centro,Manglar,0.30292353
-99.9736377862085,25.19989378790402,Sur,Bosque Templado,0.3974059
-98.6368381036686,17.0213673036037,Sur,Pastizal,0.92606115
-97.29653628996697,25.570440651399338,Noreste,Bosque Templado,0.98715085
-107.65699877765759,29.058132244184964,Noreste,Manglar,0.9757878
-100.65301241377475,23.260814279812426,Centro,Selva Húmeda,0.17867059
-113.57742716656382,31.877303539329436,Noroeste,Pastizal,0.9853686
-105.2073419210115,29.36057073622325,Noreste,Bosque Templado,0.8842994
-102.14973601846526,22.35116771899087,Centro,Pastizal,0.64091235
-106.47908554411516,28.90054962610313,Noreste,Manglar,0.91457766
-89.4498690651641,17.939003076374124,Sureste,Bosque Templado,0.94937706
-104.01688603138071,19.93449693467153,Occidente,Pastizal,0.6958147
-98.56951292778373,16.900598611114262,Sur,Selva Húmeda,0.7607012
-102.17086904352787,19.197109889994458,Occidente,Manglar,0.37545884
-101.64821729822926,26.82387596950812,Noreste,Matorral Seco,0.40778825
-89.52952440137192,18.57463123295232,Sureste,Pastizal,0.7378318
-108.04585170775356,29.013236468656405,Noreste,Selva Húmeda,0.9837892
-114.02326727110162,32.08821638825872,Noroeste,Bosque Templado,0.9565812
-105.47939162864215,30.1141300828645,Noreste,Bosque Templado,0.81994885
-91.0375825055612,16.83630062601004,Sureste,Selva Húmeda,0.7776206
-111.59907559757558,29.304363657968747,Noroeste,Bosque Templado,0.9657665
-116.05915072112154,31.955934809818306,Noroeste,Selva Húmeda,0.7295053
-100.87167752900007,27.57684158822673,Noreste,Bosque Templado,0.9367912
-103.03393287339607,23.443431490433245,Centro,Matorral Seco,0.3965
-100.43210658562192,24.073913166585783,Sur,Manglar,0.9710723
-115.57883848313863,32.48928899524086,Noroeste,Matorral Seco,0.98647827
-88.61246575715715,20.756184719221665,Sureste,Matorral Seco,0.65017885
-100.41290886752722,22.22941520642263,Centro,Matorral Seco,0.99911416
-101.48385666048193,19.98364231531796,Occidente,Bosque Templado,0.3451294
-114.5143609663328,32.03755161066815,Noroeste,Manglar,0.9979963
-98.14158611855072,19.943981684238477,Centro,Bosque Templado,0.91949
-110.13782389939591,30.165896651863378,Noroeste,Matorral Seco,0.75709414
-114.80489754784519,29.963653553115837,Noroeste,Manglar,0.9893761
-101.0644696901139,26.390356379925603,Sur,Matorral Seco,0.5482659
-107.72360757925995,24.804411737480873,Noroeste,Bosque Templado,0.9586059
-106.84135107652875,28.99679197617387,Noreste,Pastizal,0.9414029
-107.80074338423354,27.72968097550854,Noreste,Selva Húmeda,0.56893057
-102.05604656145402,26.921386440934523,Noreste,Bosque Templado,0.8967682
-109.395589880671,30.55042736990406,Noroeste,Matorral Seco,0.88476944
-107.22443485005513,30.612438237565154,Noreste,Selva Húmeda,0.8438459
-101.81720636301038,28.55011474247455,Noreste,Bosque Templado,0.8180853
-111.93280073161651,30.337880581677503,Noroeste,Bosque Templado,0.9966906
-107.16606004507608,25.00452040462032,Noroeste,Bosque Templado,0.9924301
-100.94619484489822,26.676248099094373,Noreste,Matorral Seco,0.9453924
-104.78023258866625,21.683992317797443,Occidente,Bosque Templado,0.82845825
-109.84621393296553,23.590065174490082,Noroeste,Pastizal,0.6758212
-109.02157630796887,30.481218264821468,Noroeste,Bosque Templado,0.6404
-111.65051802238273,31.31616348657385,Noroeste,Selva Húmeda,0.88507587
-103.3176247654395,20.49667663975951,Occidente,Manglar,0.2863647
-100.97414631734308,21.01283225036178,Centro,Matorral Seco,0.4932194
-97.70346631568775,20.0608947491667,Centro,Pastizal,0.66522115
-107.98774659682289,29.320195775072406,Noreste,Matorral Seco,0.78591174
-103.01510881646865,20.5288100133832,Occidente,Manglar,0.6215047
-107.86009640944182,25.686288590422784,Noroeste,Matorral Seco,0.94300413
-100.91012208833197,19.160840669055904,Occidente,Selva Húmeda,0.59027296
-92.6415466502207,16.417054345713684,Sureste,Bosque Templado,0.33637646
-110.59160387251349,30.68910786631557,Noroeste,Manglar,0.9305959
-97.75432911716078,18.635017417062596,Centro,Manglar,0.23364118
-108.01216414939478,25.820948702288764,Noroeste,Manglar,0.9742608
-99.09193039645207,17.339608692965527,Sur,Selva Húmeda,0.51199
-101.17184444395276,27.011778685196816,Noreste,Pastizal,0.8572218
-110.3089610612682,29.726677408739224,Noroeste,Manglar,0.8644665
-97.60951997049001,17.186267784436563,Noreste,Pastizal,0.89934355
-98.63270891203439,19.550606470634847,Centro,Pastizal,0.31244707
-100.97598382977957,28.540153606890435,Noreste,Selva Húmeda,0.5433624
-99.98095920797368,25.1746254156648,Sur,Selva Húmeda,0.6774947
-102.19865491277469,22.676090897488326,Centro,Pastizal,0.3175941
-112.26246533992982,30.26451418488172,Noroeste,Matorral Seco,0.95451295
-98.25794103483187,19.094910508643213,Centro,Pastizal,0.049694117
-108.57245269453517,28.610609244382122,Noreste,Bosque Templado,0.9898228
-108.3123275688037,27.59894055318385,Noreste,Pastizal,0.9744187
-98.92609069612057,23.748412535710155,Noreste,Matorral Seco,0.40705884
-107.7059791092671,31.49294570958849,Noreste,Selva Húmeda,0.17642353
-101.69882059919468,26.70231584934921,Noreste,Matorral Seco,0.9311394
-99.7270507714509,27.087942282661682,Sur,Matorral Seco,0.76289
-108.94169498665323,26.081038446894773,Noroeste,Pastizal,0.7819541
-95.85716452752924,17.31982113203669,Noreste,Selva Húmeda,0.90724295
-93.60766641471815,17.717841292298584,Sureste,Matorral Seco,0.30867058
-106.39262167938679,27.0633506005982,Noreste,Matorral Seco,0.34421176
-97.63263492351538,16.567991427526085,Noreste,Manglar,0.42301175
-105.40100445192246,27.01096244517109,Noreste,Pastizal,0.9214659
-99.18637193729057,17.220407403180545,Sur,Selva Húmeda,0.3831647
-112.51198043146529,31.283969760892305,Noroeste,Bosque Templado,0.94093823
-101.11178420623327,27.74864595479499,Noreste,Manglar,0.69713116
-87.69971167441072,19.144649663062502,Sureste,Manglar,0.91675645
-102.43123280877906,20.578533695383324,Occidente,Matorral Seco,0.52635413
-102.01143516294778,28.401885809773876,Noreste,Manglar,0.8379906
-89.06120942377693,21.293865637338378,Sureste,Matorral Seco,0.51752764
-103.96187609007288,28.93325024476745,Noreste,Selva Húmeda,0.7665912
-96.90619929977228,18.421978641161108,Centro,Selva Húmeda,0.6205794
-109.21989307479377,28.406575998574638,Noroeste,Bosque Templado,0.9954584
-102.29302493906842,28.457613118416862,Noreste,Manglar,0.8499888
-102.41725859826911,22.936748433696735,Centro,Manglar,0.17559412
-106.05745605462312,31.326948609160784,Noreste,Manglar,0.4315059
-97.47157822185959,18.717420295760828,Centro,Pastizal,0.3282588
-102.17383535709116,25.542458748293438,Noreste,Pastizal,0.9299924
-106.49649540151762,23.787784911037786,Noroeste,Manglar,0.9279306
-105.97367703208398,23.374278403818273,Noroeste,Matorral Seco,0.92956
-103.20020610098688,21.025849012720556,Occidente,Manglar,0.3057412
-111.3378329639855,24.70118165143091,Noroeste,Matorral Seco,0.9402624
-99.8713527041478,16.881176502633267,Sur,Manglar,0.013094118
-113.5784494733826,27.184411077567095,Noroeste,Bosque Templado,0.9933999
-113.49341986784273,27.71945185130269,Noroeste,Pastizal,0.9698929
-101.88917973836244,27.660034332539976,Noreste,Bosque Templado,0.97080743
-110.71697899395032,30.414452820889554,Noroeste,Manglar,0.69515413
-111.93014721300916,29.853213313871773,Noroeste,Bosque Templado,0.85575473
-99.51614326924755,25.166790439457923,Sur,Bosque Templado,0.7756277
-101.03226682813946,27.074327943297092,Noreste,Manglar,0.94336826
-100.04896887477462,19.935804666631192,Centro,Matorral Seco,0.42120588
-100.23109534894253,22.71133735862988,Centro,Manglar,0.8293947
-103.88678102826405,19.26311234613609,Occidente,Bosque Templado,0.6718947
-100.39469081244346,25.158369148125566,Sur,Manglar,0.32507646
-109.7277774921596,29.062269512179537,Noroeste,Selva Húmeda,0.7065135
-89.48348636472784,18.044894787448897,Sureste,Manglar,0.8240929
-101.56118588317626,24.201791354140205,Centro,Manglar,0.91219825
-94.51253290622806,17.78438456062717,Sureste,Manglar,0.42621765
-103.32050620164038,19.02514789985947,Occidente,Pastizal,0.5064018
-102.38598685680381,24.70266570599754,Centro,Selva Húmeda,0.86803585
-100.43646458126733,17.56763172923166,Sur,Manglar,0.75523174
-106.53211771968397,28.773225769491997,Noreste,Manglar,0.98950756
-101.42978580396023,21.874046580931378,Centro,Manglar,0.32127059
-109.63697089399467,27.7001789511152,Noroeste,Manglar,0.46178472
-107.41486916212185,31.44058162092316,Noreste,Bosque Templado,0.9359676
-103.22446173587367,28.448663915414905,Noreste,Bosque Templado,0.99809504
-106.7059274834584,27.460052596597748,Noreste,Pastizal,0.3074941
-110.51983623795239,30.155894097063893,Noroeste,Selva Húmeda,0.95333296
-112.05671013525962,29.611155482376354,Noroeste,Matorral Seco,0.9172718
-105.74137284455522,29.447974482520223,Noreste,Pastizal,0.8615335
-98.67857022683887,20.455778230032518,Centro,Bosque Templado,0.56779826
-100.82074224782144,20.2072720252766,Centro,Manglar,0.22072352
-100.27602135929483,23.98486961366293,Sur,Pastizal,0.98606527
-106.40861570092929,24.231434429082555,Noroeste,Bosque Templado,0.99452037
-101.36061771150544,23.850396456215943,Centro,Pastizal,0.9918565
-102.07342625202705,29.091596570213472,Noreste,Pastizal,0.6185982
-109.23327228277537,28.08081591658088,Noroeste,Bosque Templado,0.9956544
-96.6916551474661,17.785631547881643,Noreste,Pastizal,0.93260235
-95.55907887262696,18.34365620485897,Sureste,Selva Húmeda,0.30819413
-99.86513326026814,21.35153820158238,Centro,Pastizal,0.8307212
-102.41372579884808,28.095523367377425,Noreste,Selva Húmeda,0.99137
-97.7513173523462,21.5446000462343,Sureste,Matorral Seco,0.3771941
-108.93971399448762,30.314132505679417,Noroeste,Bosque Templado,0.88558
-99.25358490096889,25.425689376896063,Sur,Matorral Seco,0.41005296
-91.25166943542284,17.031404469320364,Sureste,Manglar,0.98556674
-97.07984262071581,16.958187389790247,Noreste,Bosque Templado,0.7881006
-95.51643897159836,17.795245693092447,Sureste,Selva Húmeda,0.36624706
-103.07405689078371,21.444222415467294,Centro,Pastizal,0.70274293
-103.31592518320461,22.20834691573824,Occidente,Bosque Templado,0.30978236
-109.41084030620937,27.8505322235162,Noroeste,Selva Húmeda,0.30048823
-105.53081853753864,28.705311151056627,Noreste,Pastizal,0.61721766
-114.74688101892768,29.951119968346937,Noroeste,Manglar,0.9910728
-108.15119868091183,25.222751619448825,Noroeste,Pastizal,0.3191
-104.52011213575585,20.171790648311035,Occidente,Bosque Templado,0.9757532
-116.74577270436393,32.00505225433744,Noroeste,Pastizal,0.5798506
-101.91937097758377,23.739378767730315,Centro,Matorral Seco,0.44266823
-112.45999113172881,26.65892100957997,Noroeste,Selva Húmeda,0.9825923
-115.01754747457358,31.236712199824566,Noroeste,Pastizal,0.99999994
-97.19977188635636,17.3252476100432,Noreste,Selva Húmeda,0.35907647
-91.33098031400438,17.046505489556814,Sureste,Selva Húmeda,0.57506645
-97.92976634096763,17.36584671804377,Noreste,Pastizal,0.69269764
-102.45166555717665,23.812237354009444,Centro,Pastizal,0.54082704
-99.59982582747425,23.100074847683487,Noreste,Manglar,0.9155529
-89.24964733139277,20.117501906836807,Sureste,Selva Húmeda,0.6574388
-113.22951350188818,31.712859264138338,Noroeste,Pastizal,0.9985148
-90.85542801378479,17.956822854691797,Sureste,Pastizal,0.74383235
-100.30951769301896,23.030042440019667,Centro,Pastizal,0.97588754
-96.64125453504921,19.720396680521887,Sureste,Bosque Templado,0.37245294
-105.59607428077891,28.941543686798546,Noreste,Bosque Templado,0.90884
-112.611742418273,30.393697306846143,Noroeste,Manglar,0.9842256
-107.76962597209292,30.741686300768794,Noreste,Bosque Templado,0.83103704
-98.62069072346084,19.55209552471534,Centro,Selva Húmeda,0.29844117
-100.28526601599341,24.231143556687336,Sur,Bosque Templado,0.9862941
-90.21554343238334,20.841690020881273,Sureste,Matorral Seco,0.62643236
-89.44075326026265,21.285133365431154,Sureste,Bosque Templado,0.65912294
-89.13753035381254,19.3718943974168,Sureste,Matorral Seco,0.8343588
-99.32469447281935,17.652561017448445,Sur,Matorral Seco,0.33521175
-101.4180061179286,28.719148334168562,Noreste,Matorral Seco,0.96245706
-111.31079548103088,25.48631030287108,Noroeste,Bosque Templado,0.9973725
-113.8076601660263,28.692844546405485,Noroeste,Matorral Seco,0.9669982
-97.54380190766163,19.156953071492435,Centro,Pastizal,0.34475884
-95.80938654947168,16.78632125561076,Noreste,Matorral Seco,0.5418718
-109.933036198269,27.81641230711619,Noroeste,Manglar,0.5760582
-97.4533613822661,16.04088974831826,Noreste,Manglar,0.75921
-107.04387995871868,26.16377780100766,Noreste,Matorral Seco,0.9377177
-99.43188657770801,26.962206813641416,Noreste,Manglar,0.9949211
-97.96760596586326,17.53626915379387,Noreste,Selva Húmeda,0.77816176
-104.2721146787522,20.255974060095603,Occidente,Matorral Seco,0.3001294
-88.92207765794475,18.855602624326743,Sureste,Pastizal,0.59963
-109.69699904063505,26.87414180749018,Noroeste,Selva Húmeda,0.12185882
-107.0992349740394,25.952876573665886,Noreste,Pastizal,0.9692947
-101.64091617766671,28.496169112770694,Noreste,Selva Húmeda,0.7986306
-92.16623889089412,15.691026117050127,Sureste,Selva Húmeda,0.40188235
-100.69490855715,17.51922596761279,Sur,Selva Húmeda,0.8818947
-102.08946692444482,20.476349164860334,Occidente,Manglar,0.36698234
-99.6386541865398,20.752449051278276,Centro,Bosque Templado,0.47736412
-99.3701059294869,22.700284611418972,Noreste,Bosque Templado,0.99998385
-108.94790911577681,27.116657417459272,Noroeste,Bosque Templado,0.9948497
-100.22576984175929,25.56037889202074,Sur,Manglar,0.0022588235
-99.02111719571016,18.19281849975789,Sur,Manglar,0.58701175
-92.59618885324969,16.892406180634655,Sureste,Manglar,0.5358453
-102.7671327412993,18.16513111205212,Occidente,Matorral Seco,0.51046
-93.23746879944937,15.751672150296143,Sureste,Matorral Seco,0.42531765
-103.89279972823577,23.019430271625,Centro,Pastizal,0.98690224
-112.87490550701669,26.710585611258217,Noroeste,Pastizal,0.97262645
-99.4362036764177,22.59478688644715,Centro,Pastizal,0.62686473
-108.80750112073527,30.505082684947997,Noroeste,Manglar,0.9623759
-103.34345239125015,27.06462464444958,Noreste,Matorral Seco,0.9218653
-102.83803041826712,28.053835648969905,Noreste,Selva Húmeda,0.9456741
-103.46354231725701,28.207839075899287,Noreste,Manglar,0.9961601
-100.10203048952036,25.108729744048183,Sur,Bosque Templado,0.91622233
-109.19663695906137,25.679840908630915,Noroeste,Manglar,0.99999493
-111.84502901738169,25.187757258377523,Noroeste,Selva Húmeda,0.17775883
-107.69571143718244,29.750884262444185,Noreste,Matorral Seco,0.96385944
-110.2610234690775,30.63594093008466,Noroeste,Matorral Seco,0.8696535
-109.78417624102538,31.169415489002965,Noroeste,Pastizal,0.5850247
-91.12159704376862,17.715092029024554,Sureste,Pastizal,0.37671176
-102.25402376421441,26.63460034302828,Noreste,Selva Húmeda,0.54457057
-104.4242171704287,28.54633532236745,Noreste,Selva Húmeda,0.95289296
-107.55475801995489,24.928719239853578,Noroeste,Matorral Seco,0.23314705
-108.82930954464886,30.890512538689084,Noreste,Bosque Templado,0.7335912
-100.8204296557395,24.588773118528255,Noreste,Bosque Templado,0.94225705
-103.19739450073702,26.575460739613845,Noreste,Bosque Templado,0.9939133
-106.18437410455692,24.196708440249473,Noroeste,Pastizal,0.9577812
-102.02131933182334,23.125520689603025,Centro,Matorral Seco,0.58521646
-99.59558769187463,23.84324804427962,Sur,Matorral Seco,0.6238659
-112.08631772676944,29.676604952654444,Noroeste,Manglar,0.92892826
-106.57467474880613,31.689072546704438,Noreste,Bosque Templado,0.8417894
-102.66356097232502,22.881433923055237,Centro,Bosque Templado,0.31292352
-112.79127144304687,27.758745234135986,Noroeste,Selva Húmeda,0.8196453
-102.39501966578128,20.076293767722042,Occidente,Manglar,0.30065882
-95.43903992889966,18.191807737811697,Sureste,Matorral Seco,0.31527647
-108.03101924459231,30.920407011288976,Noreste,Bosque Templado,0.1087
-111.23977742089433,30.58105777714666,Noroeste,Selva Húmeda,0.6875894
-101.93537765930922,24.174764801999373,Centro,Manglar,0.9502318
-106.86320233532614,29.11532058991594,Noreste,Selva Húmeda,0.25325882
-100.40851367908645,21.124272321895685,Centro,Bosque Templado,0.084882356
-89.8400050496101,20.412317694721185,Sureste,Bosque Templado,0.60110885
-97.5755361715855,17.920479894416967,Noreste,Bosque Templado,0.6126194
-90.22943310910912,19.884711713733942,Sureste,Bosque Templado,0.68107116
-108.16743480738862,27.194675008335185,Noreste,Pastizal,0.9803783
-106.1462563808724,27.14256475989722,Noreste,Manglar,0.44785705
-109.92185533453106,29.752193796544603,Noroeste,Matorral Seco,0.9155071
-105.30092591360224,28.086258933236085,Noreste,Bosque Templado,0.17644706
-101.3672418708715,27.43607106819782,Noreste,Selva Húmeda,0.39635882
-101.7366466199272,19.38946435114075,Occidente,Manglar,0.2911
-98.71244641606869,18.960267738741212,Sur,Matorral Seco,0.2278
-98.45949447790778,19.65317949895577,Centro,Pastizal,0.29519412
-102.81521394069732,23.59454947912793,Centro,Pastizal,0.3469
-103.56064995617676,21.01648157338319,Occidente,Pastizal,0.8092
-101.3968655437482,18.214691384926493,Sur,Selva Húmeda,0.9285877
-103.89682142751155,21.49294552760392,Occidente,Manglar,0.8229059
-98.75968544739881,25.39119871098013,Sur,Manglar,0.84373415
-103.28286964577482,21.460751614467224,Centro,Manglar,0.7354335
-101.76279631996726,25.217800199312236,Noreste,Pastizal,0.99096423
-106.36193621689742,26.401718572110315,Noreste,Pastizal,0.9861124
-105.89384619670719,30.03049811020776,Noreste,Matorral Seco,0.65855414
-105.30756001042808,29.708129049427516,Noreste,Matorral Seco,0.8850653
-91.44270005502923,18.17865281705331,Sureste,Bosque Templado,0.40351176
-99.68202787450372,27.084174963508136,Sur,Pastizal,0.5366047
-105.69988635438415,28.946655235312395,Noreste,Matorral Seco,0.96332824
-99.56148695310085,27.340657249199086,Noreste,Selva Húmeda,0.70568764
-100.70266304145056,22.514588777482565,Centro,Selva Húmeda,0.8308041
-102.5108184134135,21.43545701855282,Occidente,Selva Húmeda,0.29234707
-99.95140100249354,20.299043796222733,Centro,Pastizal,0.13109411
-89.82066478964754,18.046593864720656,Sureste,Selva Húmeda,0.6482159
-100.35103343411683,19.251235055131453,Centro,Selva Húmeda,0.72938
-91.57427199128576,16.653077369752403,Sureste,Pastizal,0.9909115
-108.63301831870511,27.073870262890605,Noroeste,Selva Húmeda,0.9791427
-106.30563912481217,31.12717121075169,Noreste,Bosque Templado,0.9627694
-107.83286027470726,25.872874956276828,Noroeste,Manglar,0.975745
-103.34429943115862,21.465401648304322,Centro,Pastizal,0.4588547
-97.95926899603482,23.87649753258897,Noreste,Bosque Templado,0.7419229
-104.91364448639602,19.999385997591396,Occidente,Pastizal,0.75773233
-102.49769966185433,27.248123597381277,Noreste,Bosque Templado,0.9934909
-108.76080617569042,27.729025396899868,Noreste,Manglar,0.9778199
-97.93592403266564,16.738156876076374,Noreste,Pastizal,0.61738646
-98.70177278557752,21.028566671031374,Centro,Matorral Seco,0.35272354
-115.9210962151088,32.48131452422047,Noroeste,Matorral Seco,0.9876601
-103.44989836021567,20.147414790746932,Occidente,Manglar,0.2081
-88.14893450891634,21.610940012561855,Sureste,Matorral Seco,0.98762256
-107.0344681322136,28.485653999504034,Noreste,Pastizal,0.7903265
-100.18647603917697,28.061196189146383,Noreste,Pastizal,0.9505265
-88.68011889236585,18.51601875971799,Sureste,Pastizal,0.7059765
-100.05308059607843,17.353578585333707,Sur,Bosque Templado,0.8820094
-102.85056874445172,26.593496158371728,Noreste,Selva Húmeda,0.9941029
-100.61862018215896,28.30821032869715,Noreste,Pastizal,0.9073435
-102.86840203343633,19.19737090187777,Occidente,Bosque Templado,0.012635294
-101.87386490954079,25.477337566493443,Noreste,Pastizal,0.99161404
-106.84243592786498,28.436356575842836,Noreste,Manglar,0.1666
-88.34682407610192,20.812122370211117,Sureste,Matorral Seco,0.69806
-99.42550688027404,23.35724953647293,Noreste,Bosque Templado,0.5327424
-99.89971984546904,17.943862422397267,Sur,Matorral Seco,0.4666212
-102.2487656245526,22.793941951313037,Centro,Bosque Templado,0.33598235
-109.5813454901219,27.932251905651825,Noroeste,Bosque Templado,0.99840146
-104.29096127912025,28.42025191460264,Noreste,Manglar,0.8657859
-98.7248742944032,16.641440918096972,Sur,Matorral Seco,0.4045353
-99.47988514203387,24.367280215088805,Noreste,Pastizal,0.8952271
-106.22877204259521,27.70484829646411,Noreste,Selva Húmeda,0.35795295
-106.40059928518772,30.2403838299613,Noreste,Bosque Templado,0.4748512
-90.3314520188629,19.57443774348513,Sureste,Matorral Seco,0.73645175
-94.01406918024021,16.991968393502223,Noreste,Selva Húmeda,0.8624106
-98.18211325367363,24.10294962533709,Noreste,Matorral Seco,0.76451
-93.0439206802613,17.028348444446735,Sureste,Selva Húmeda,0.36831176
-109.34259912013842,28.82205868858286,Noroeste,Manglar,0.83090943
-99.77497957464308,18.189254802599507,Sur,Bosque Templado,0.34560588
-106.21107162343138,23.803960600673765,Noroeste,Matorral Seco,0.9350418
-103.5420472489827,24.23002927071851,Centro,Manglar,0.31362352
-101.55986311164371,24.59148416544296,Centro,Matorral Seco,0.9628294
-104.54232425144704,20.690960058580334,Occidente,Bosque Templado,0.97370166
-88.47310586059217,20.686336964148285,Sureste,Selva Húmeda,0.6078465
-99.84873690356278,25.43953517150991,Sur,Selva Húmeda,0.8927788
-104.12303579759094,23.055381934799243,Centro,Selva Húmeda,0.65688175
-103.73594735577947,19.632720741393147,Occidente,Matorral Seco,0.25775295
-113.69171096668832,27.738506392258884,Noroeste,Matorral Seco,0.9950363
-110.95992806301132,28.87836381619685,Noroeste,Pastizal,0.5272006
-112.37250001933671,31.15124826389944,Noroeste,Manglar,0.9619494
-107.07962223939703,29.336996048014377,Noreste,Manglar,0.3508
-105.08096995404226,22.203510381307122,Occidente,Matorral Seco,0.8911394
-89.31877697437956,18.18324146161429,Sureste,Selva Húmeda,0.40622354
-110.78112047434793,24.75203868348965,Noroeste,Pastizal,0.9994678
-98.79571445380674,24.720806799627237,Noreste,Pastizal,0.7901965
-113.18387226996758,31.449684240625228,Noroeste,Manglar,0.99615884
-102.82359106086417,25.027569392589083,Noreste,Matorral Seco,0.9749327
-92.27702118499927,17.685269512778095,Sureste,Bosque Templado,0.39528823
-110.88978842299424,29.87668230603768,Noroeste,Pastizal,0.4131
-99.84098514600154,18.961985967957386,Centro,Selva Húmeda,0.84327704
-101.21517576792795,23.033175002434866,Centro,Pastizal,0.3456
-106.29394730208661,27.006429938895028,Noreste,Selva Húmeda,0.45366704
-98.26247297216412,18.55635765969194,Centro,Bosque Templado,0.33532354
-101.89087605082318,22.768998747342444,Centro,Manglar,0.98146176
-116.8320099433982,32.33757047290365,Noroeste,Selva Húmeda,0.60830057
-95.43090772423376,16.960797137416034,Noreste,Selva Húmeda,0.7715094
-103.71651187573664,29.0902332164743,Noreste,Pastizal,0.7913094
-110.78630187103315,28.27168943301174,Noroeste,Selva Húmeda,0.5187906
-108.29174620501519,28.788112087343496,Noreste,Matorral Seco,0.83987236
-99.72676925785682,26.58756477793761,Sur,Pastizal,0.29455882
-103.18657617534205,25.916352313482694,Noreste,Matorral Seco,0.22211765
-113.09915137985197,31.337862540693987,Noroeste,Manglar,0.72109
-108.3755884320904,29.706859172717795,Noreste,Bosque Templado,0.92658
-105.8851964297446,29.616380000860826,Noreste,Manglar,0.7951676
-98.98995420822165,17.689680780567944,Sur,Manglar,0.65671
-111.25484244850377,29.948915244668644,Noroeste,Selva Húmeda,0.4295353
-116.17214773682645,31.71926143847515,Noroeste,Manglar,0.29521763
-98.99176068372158,21.431902358452223,Centro,Matorral Seco,0.5938865
-97.25760872476886,19.940814406803614,Sureste,Matorral Seco,0.37181765
-105.16977865782717,21.29415681447486,Occidente,Manglar,0.28781176
-102.87241212831844,18.657959820078034,Occidente,Bosque Templado,0.4563288
-107.15176470234029,30.700996382780467,Noreste,Bosque Templado,0.8901406
-89.32727012822612,19.97537173846651,Sureste,Matorral Seco,0.71913826
-100.46127590091363,21.69397743555759,Centro,Matorral Seco,0.7411659
-115.31091272108604,32.044852039716325,Noroeste,Matorral Seco,0.99819916
-109.77870463382645,23.50349950607807,Noroeste,Selva Húmeda,0.93545645
-99.39722650750026,25.95816004485535,Sur,Matorral Seco,0.21631765
-108.23230969407426,26.742606626707506,Noroeste,Manglar,0.9861882
-101.38895256176497,28.48972614221223,Noreste,Manglar,0.8684894
-97.90062099377505,20.094860828620696,Centro,Pastizal,0.36851764
-111.4565560071306,30.03398460910274,Noroeste,Manglar,0.83837885
-98.11322874233807,20.71473305960647,Sureste,Matorral Seco,0.3911
-102.409740758792,25.276761988967948,Noreste,Manglar,0.92654234
-88.8761488638785,18.080248311950626,Sureste,Bosque Templado,0.5320253
-99.80620315684554,17.807169095274126,Sur,Pastizal,0.8821924
-105.3353671905889,27.80844687013558,Noreste,Matorral Seco,0.7711847
-100.64494128725791,21.776921225766365,Centro,Manglar,0.62983
-99.79531104135785,23.01311248200364,Noreste,Manglar,0.3978706
-101.29270590257788,24.404898596343635,Centro,Bosque Templado,0.6917194
-100.31368236454159,27.66897712132247,Sur,Pastizal,0.9588047
-106.0695689571686,26.992439628675708,Noreste,Selva Húmeda,0.24561177
-99.50141603043691,23.87375143678009,Noreste,Bosque Templado,0.80607116
-109.50012307684779,28.301708521927566,Noroeste,Matorral Seco,0.97360295
-101.28938383446409,19.298288056032067,Occidente,Matorral Seco,0.86839354
-98.5260087450495,25.70367726313126,Noreste,Bosque Templado,0.96990645
-100.66368886396258,28.53345103951486,Noreste,Bosque Templado,0.90108293
-102.47541376768083,27.119149981711082,Noreste,Manglar,0.59487236
-93.46016727875205,17.91659013588492,Sureste,Selva Húmeda,0.38225293
-92.20023622339616,17.34632335535247,Sureste,Bosque Templado,0.45214352
-100.84328080203493,19.651486456676192,Occidente,Bosque Templado,0.8923771
-102.20032965988152,23.62274156934526,Centro,Matorral Seco,0.64179295
-105.09949827170145,28.759260275222115,Noreste,Matorral Seco,0.90609413
-89.71423957072284,18.202351457437732,Sureste,Matorral Seco,0.71877176
-110.96610497775586,31.123013781265662,Noroeste,Pastizal,0.58521825
-104.52255239921398,20.174748599398107,Occidente,Manglar,0.95529824
-98.95742545848405,21.17338869123417,Centro,Selva Húmeda,0.61435115
-102.9522188624233,23.86281906381297,Centro,Manglar,0.5744777
-96.13007712203606,15.955156476924918,Noreste,Bosque Templado,0.87571824
-91.38279570926697,18.26512548593733,Sureste,Manglar,0.34356472
-98.17830045154734,22.528829968495376,Noreste,Pastizal,0.4103706
-102.26660910710987,21.675724017744646,Occidente,Selva Húmeda,0.36122942
-97.37206370102268,19.370351309276987,Centro,Manglar,0.23760588
-104.673455898894,22.251901867182806,Occidente,Selva Húmeda,0.76965237
-97.0020098416983,17.499703166584418,Noreste,Matorral Seco,0.71592295
-105.77754001377907,30.296849051681516,Noreste,Selva Húmeda,0.96275175
-99.5137969210869,23.559677164552838,Noreste,Selva Húmeda,0.8233771
-102.65452474635669,22.583472885509174,Centro,Manglar,0.36074117
-92.48633747849878,18.443333117327736,Sureste,Matorral Seco,0.9987879
-108.13899365368442,29.03931959647771,Noreste,Selva Húmeda,0.8916818
-112.2815715020548,31.654736355966488,Noroeste,Pastizal,0.96578586
-101.45180621032651,22.407406941644975,Centro,Selva Húmeda,0.5011741
-99.71430248898615,22.954894037292267,Noreste,Manglar,0.29877648
-86.98895549071284,21.117784754515377,Sureste,Pastizal,0.9118547
-99.8406139679852,17.6391804290135,Sur,Bosque Templado,0.6636229
-100.96828871610946,20.239985136097584,Centro,Matorral Seco,0.18054117
-105.8832945234079,28.099000819131433,Noreste,Matorral Seco,0.5018441
-101.7306260819997,27.114430665302592,Noreste,Bosque Templado,0.78759766
-105.28806088903703,28.736323136844952,Noreste,Pastizal,0.91614115
-100.06150849931296,22.25331687022219,Centro,Matorral Seco,0.63797647
-99.56076167517224,22.424562270597686,Centro,Matorral Seco,0.3861706
-100.83669696060966,17.76506561006329,Sur,Bosque Templado,0.9325506
-100.44926502644375,17.59493961205579,Sur,Manglar,0.81879354
-104.67424045696119,19.34571014190884,Occidente,Pastizal,0.7520688
-111.15582796156433,29.68143982513556,Noroeste,Selva Húmeda,0.42350587
-99.11065179599962,19.75644119254804,Centro,Manglar,0.19498824
-99.20333934866167,24.879001007132565,Sur,Bosque Templado,0.6575853
-98.65348187283047,19.815688862747074,Centro,Selva Húmeda,0.28651765
-100.2751289202568,22.876589305516244,Centro,Matorral Seco,0.95120233
-102.87136054546407,27.523964761255815,Noreste,Bosque Templado,0.9072953
-95.92818056876766,16.812574958083033,Noreste,Selva Húmeda,0.6090741
-93.09645507789122,16.59977707917479,Sureste,Bosque Templado,0.27955294
-101.78127391566633,21.503413678070117,Occidente,Selva Húmeda,0.14647648
-98.05697126569858,24.727991368456106,Noreste,Bosque Templado,0.6049929
-112.22137837762216,30.583088881746374,Noroeste,Matorral Seco,0.9789129
-101.28406215593533,27.83654032449608,Noreste,Selva Húmeda,0.6123188
-113.50847914592272,29.071002601379696,Noroeste,Pastizal,0.9998849
-92.89644661564272,16.36039605154888,Sureste,Pastizal,0.36988235
-90.95007905371106,18.622544344175157,Sureste,Manglar,0.32688823
-108.71696231703937,30.077798058965456,Noroeste,Bosque Templado,0.9850961
-89.30767823510266,20.52412998473363,Sureste,Selva Húmeda,0.67316234
-103.01486150344343,27.381099970476146,Noreste,Bosque Templado,0.9849623
-95.86878659988369,18.5268922484399,Sureste,Bosque Templado,0.35572353
-105.22812425980307,22.180174034955236,Occidente,Manglar,0.2896
-104.41032293991,20.534486542586865,Occidente,Matorral Seco,0.4570806
-102.62321713021495,21.65851150232404,Occidente,Selva Húmeda,0.46816117
-107.1756050831632,30.49287745455756,Noreste,Matorral Seco,0.8980741
-99.74502928921557,21.260962804902753,Centro,Manglar,0.7865559
-101.03281923764507,23.018707740457227,Centro,Selva Húmeda,0.7151123
-105.54207236247704,28.892009578982215,Noreste,Manglar,0.9496171
-92.66469567311619,15.08218679575846,Sureste,Bosque Templado,0.34732354
-98.46029396410881,22.925689637312406,Noreste,Bosque Templado,0.34961176
-110.05004565912401,24.02127233360381,Noroeste,Pastizal,0.6313947
-92.99039104390236,17.426091788215107,Sureste,Bosque Templado,0.4117647
-96.23297305774054,18.46247952413009,Sureste,Pastizal,0.38374117
-98.83896107753137,18.26692097632625,Centro,Manglar,0.599013
-98.63342282267759,23.5839326357711,Noreste,Pastizal,0.9205447
-103.85247927195857,29.027103978981895,Noreste,Pastizal,0.95188767
-111.43485293492398,29.916957366597977,Noroeste,Selva Húmeda,0.72758234
-102.75772748046946,27.12162974783176,Noreste,Bosque Templado,0.9975803
-111.16515487504294,28.039827844354374,Noroeste,Selva Húmeda,0.9996981
-114.36243299727805,29.309124064893766,Noroeste,Selva Húmeda,0.9912516
-99.88788354711065,19.399546080862315,Centro,Manglar,0.21581765
-104.06146567297777,28.36956158904078,Noreste,Matorral Seco,0.64060056
-101.6972510033711,24.398893378721713,Centro,Matorral Seco,0.9517194
-98.37569200802709,25.64024098344987,Noreste,Bosque Templado,0.42870587
-105.38191431038469,27.670301109951527,Noreste,Bosque Templado,0.83253944
-99.25672881570964,24.791811062312803,Noreste,Selva Húmeda,0.9198559
-100.71113026236668,18.450601761208592,Sur,Selva Húmeda,0.67966586
-98.67611175172868,20.889304116172397,Centro,Selva Húmeda,0.39141765
-101.49893465970378,21.700705308068837,Centro,Manglar,0.41081175
-99.04910859917375,26.181639068975507,Noreste,Selva Húmeda,0.31452942
-108.7588779611096,28.820342748371825,Noroeste,Selva Húmeda,0.8253623
-107.35601615160547,24.415583555106508,Noroeste,Selva Húmeda,0.18234706
-88.19731845491067,20.474091095333485,Sureste,Manglar,0.6343547
-110.971742514797,24.10160560827113,Noroeste,Matorral Seco,0.9846371
-112.55629881206305,27.581079167467404,Noroeste,Bosque Templado,0.9989468
-110.11976879476514,24.12398218274079,Noroeste,Pastizal,0.99515325
-110.63247000288715,31.1680857107211,Noroeste,Matorral Seco,0.95916176
-101.2851137933281,24.89946333669251,Noreste,Matorral Seco,0.79154587
-115.09582786712335,29.713487902066838,Noroeste,Selva Húmeda,0.9706699
-87.59124987581609,20.711590791304154,Sureste,Matorral Seco,0.95235354
-108.36339980872212,29.087582545238917,Noreste,Bosque Templado,0.8089465
-98.59976219045741,19.446818580296508,Centro,Bosque Templado,0.90565294
-103.06487661178551,19.965573741270475,Occidente,Bosque Templado,0.5625865
-97.38477854512549,16.585336171982497,Noreste,Matorral Seco,0.51696354
-108.61736251524279,27.936020703757414,Noreste,Manglar,0.7553088
-96.14190703642976,16.744814776659858,Noreste,Matorral Seco,0.69569
-101.82988335740473,22.68429245817334,Centro,Manglar,0.31534117
-108.61015783047806,30.844440029762136,Noreste,Pastizal,0.17677058
-95.58621310898188,16.469269654510565,Noreste,Pastizal,0.8861877
-108.63714236838642,28.821497228117305,Noreste,Matorral Seco,0.97519976
-109.88812369344544,29.16803204188317,Noroeste,Manglar,0.83358413
-100.09899115803998,18.37962114978391,Sur,Selva Húmeda,0.31247646
-99.39953676718413,23.97925161444578,Noreste,Selva Húmeda,0.8061053
-111.21919177176954,30.751665403656872,Noroeste,Bosque Templado,0.9225823
-108.00465785092995,30.044112026381068,Noreste,Pastizal,0.75699
-99.76003596003021,24.414589901641506,Sur,Manglar,0.87656116
-89.55686939179962,18.26084010674742,Sureste,Pastizal,0.69686353
-89.6792097052744,20.285827430862664,Sureste,Manglar,0.75994056
-107.3026758575184,26.189009964801887,Noreste,Pastizal,0.8972194
-98.24701837058191,25.452116033133986,Noreste,Selva Húmeda,0.37118822
-113.63506285795607,27.632705499250683,Noroeste,Manglar,0.9918684
-113.01532985083598,28.37319778578024,Noroeste,Bosque Templado,0.98743737
-101.5739618352241,27.495269758571183,Noreste,Matorral Seco,0.84430647
-104.0979775819994,21.934334994791442,Occidente,Matorral Seco,0.86712885
-104.77369419803554,28.3137411762695,Noreste,Pastizal,0.5954706
-104.03670536274956,19.875069557494573,Occidente,Bosque Templado,0.6709582
-106.70163612289143,31.458896913412133,Noreste,Manglar,0.81310177
-107.99157156045685,28.91849369290587,Noreste,Manglar,0.94024825
-102.72914461038668,23.746522600320468,Centro,Pastizal,0.5802641
-99.43113946482111,23.92836223462356,Noreste,Matorral Seco,0.9831317
-90.48915267394963,16.431478741757445,Sureste,Selva Húmeda,0.3801353
-97.78411252677292,20.163085324685998,Centro,Manglar,0.40139413
-100.83824295364032,18.81031882776228,Occidente,Matorral Seco,0.2898706
-100.1721297239294,21.54278890373511,Centro,Selva Húmeda,0.97558624
-102.48443650409725,20.368020416981604,Occidente,Manglar,0.23068236
-98.98257123668749,22.92793321136268,Noreste,Bosque Templado,0.17655882
-93.70369192901624,16.14291439066141,Sureste,Pastizal,0.5055606
-108.77691394637434,28.23973429785696,Noreste,Matorral Seco,0.8308988
-96.96749177860256,17.69690715253701,Noreste,Selva Húmeda,0.8814953
-89.74386030594529,20.947381208012363,Sureste,Manglar,0.7035265
-108.49904322374927,25.381119424793113,Noroeste,Pastizal,0.17641765
-102.99110846717997,21.748374775613083,Centro,Bosque Templado,0.50501
-103.50381986300036,21.76579570713194,Centro,Pastizal,0.658
-101.73368645834935,22.28568031192125,Centro,Matorral Seco,0.4607347
-104.29256031149254,22.161817708541307,Occidente,Bosque Templado,0.84744704
-100.74899442480688,27.414382970783123,Noreste,Pastizal,0.33698234
-105.53567696031314,30.56587879863268,Noreste,Manglar,0.9209241
-102.81181808103501,26.143902706587806,Noreste,Manglar,0.9968257
-110.98907246073053,24.780939859417632,Noroeste,Manglar,0.9964218
-100.02101798584465,23.058355340385532,Noreste,Selva Húmeda,0.94634885
-91.2517791181337,16.629203073452903,Sureste,Pastizal,0.985318
-115.85404562517996,30.606044204163357,Noroeste,Bosque Templado,0.6212612
-98.48292473255306,19.43791679884105,Centro,Manglar,0.2825706
-94.47451667148319,17.212530409866893,Noreste,Pastizal,0.59364176
-100.22493597799571,20.134910808111183,Occidente,Pastizal,0.79768175
-108.17886493798166,26.48689280561072,Noroeste,Pastizal,0.9710919
-91.35749381391697,18.418306282312873,Sureste,Manglar,0.34168234
-104.08212649924043,28.035272979749966,Noreste,Pastizal,0.8305012
-103.22080398218925,24.42004382427248,Centro,Pastizal,0.4204
-91.61880754856955,18.063843191287084,Sureste,Selva Húmeda,0.46341178
-101.76561826135074,21.667862988105814,Occidente,Selva Húmeda,0.71691763
-92.4971030318545,15.207336520143878,Sureste,Bosque Templado,0.96745825
-98.90493972072657,22.71172019177773,Noreste,Manglar,0.31265882
-100.59994246061743,18.929257241161217,Sur,Matorral Seco,0.45025295
-106.7428526481222,26.261951165535443,Noreste,Manglar,0.9143853
-88.11760660311037,21.242742716009687,Sureste,Manglar,0.48028705
-110.82882175550027,29.961016265860756,Noroeste,Selva Húmeda,0.6359329
-89.74526405957462,19.8071071983094,Sureste,Selva Húmeda,0.7334971
-106.41811927301194,27.039487159603098,Noreste,Matorral Seco,0.3771647
-113.70436038451477,28.13190998421697,Noroeste,Manglar,0.9911511
-98.93225934253576,24.764580947463823,Noreste,Pastizal,0.9722519
-99.35796525254398,23.77040799232321,Noreste,Manglar,0.6657306
-102.53192114921661,20.735196111639816,Occidente,Manglar,0.26408234
-98.20249282868521,19.440786935399327,Centro,Selva Húmeda,0.2726706
-98.70930953770679,25.524177713199858,Sur,Bosque Templado,0.46127295
-111.45737243180089,24.740537557439726,Noroeste,Matorral Seco,0.92229885
-103.37018455884373,20.514246981051567,Occidente,Bosque Templado,0.0006294118
-100.34337052697094,26.607617332902425,Sur,Selva Húmeda,0.9498776
-100.16710670939585,20.05496748081695,Occidente,Selva Húmeda,0.31124118
-90.7214915199986,19.216323832263143,Sureste,Bosque Templado,0.4004588
-100.18377413282018,27.787429227055295,Noreste,Manglar,0.8679823
-99.4791046693875,21.748418768981534,Centro,Matorral Seco,0.7330559
-102.4439327447444,28.758071206928246,Noreste,Selva Húmeda,0.65289295
-108.10864016841508,31.33710803167597,Noreste,Manglar,0.52627355
-115.23672675754165,30.862740488223942,Noroeste,Matorral Seco,0.99864286
-111.29989309041618,24.90493791591071,Noroeste,Matorral Seco,0.99246854
-100.68880830688927,25.815078363238655,Sur,Matorral Seco,0.94336766
-90.62273745181693,16.21171532127548,Sureste,Pastizal,0.49818942
-112.6866280001313,26.850961617785288,Noroeste,Selva Húmeda,0.9953755
-110.55435487118675,28.381222332430518,Noroeste,Matorral Seco,0.9076965
-105.44239651906938,20.45559664875049,Occidente,Manglar,0.99611646
-92.2296273300815,18.555653467453773,Sureste,Bosque Templado,0.99410844
-108.5336885789706,28.806727320838966,Noreste,Pastizal,0.98724675
-103.5083704913015,26.87654712889507,Noreste,Matorral Seco,0.8188253
-107.575957776117,30.730078471605403,Noreste,Bosque Templado,0.8674653
-100.56925308886731,24.904298973185345,Sur,Matorral Seco,0.7713688
-101.20157411709758,24.813106010328166,Noreste,Manglar,0.81998354
-100.76851832438702,24.282465821520457,Centro,Bosque Templado,0.35949412
-112.4037891931606,31.578080690741725,Noroeste,Selva Húmeda,0.9684447
-105.26164602872159,30.756817272753956,Noreste,Selva Húmeda,0.8974282
-110.02862567902494,31.051330279464864,Noroeste,Matorral Seco,0.4581853
-115.87146087644639,31.221921799550536,Noroeste,Bosque Templado,0.9492959
-88.3611128421917,19.324603659252375,Sureste,Manglar,0.8477847
-115.74364279179449,31.06642038732368,Noroeste,Matorral Seco,0.9908718
-104.28785942636229,20.826197449184168,Occidente,Matorral Seco,0.7813818
-99.85058763487699,25.318238903486254,Sur,Selva Húmeda,0.20989412
-109.1170704798009,26.728461351838664,Noroeste,Bosque Templado,0.7503565
-87.9956425904672,21.548648405731267,Sureste,Bosque Templado,0.50165176
-102.97506899441952,27.602250581160092,Noreste,Bosque Templado,0.88835233
-100.82978744063429,20.17797704348546,Centro,Selva Húmeda,0.6941159
-101.58761140883794,22.637972549694375,Centro,Selva Húmeda,0.99211615
-105.58432061667324,26.813616394165017,Noreste,Pastizal,0.3205059
-89.58263406283817,18.748373002832672,Sureste,Manglar,0.7788412
-114.76942293995351,29.378310740692793,Noroeste,Manglar,0.9892656
-98.81894259946995,24.507502864662207,Noreste,Manglar,0.7622106
-97.39071246363258,20.441417662691222,Sureste,Selva Húmeda,0.30871764
-102.66727963673509,26.795808916411204,Noreste,Selva Húmeda,0.9880726
-99.06412566885457,18.543818557446727,Sur,Matorral Seco,0.18435882
-110.99205200172133,24.364351422769882,Noroeste,Pastizal,0.9428035
-104.8319538849025,27.961979959575135,Noreste,Selva Húmeda,0.93154234
-111.51713456891257,26.263921598278735,Noroeste,Manglar,0.68329
-99.91627166088628,18.46947422528638,Sur,Matorral Seco,0.68998176
-112.34761575862113,30.065996631081685,Noroeste,Selva Húmeda,0.98660195
-95.65801289474025,18.020250876605,Sureste,Selva Húmeda,0.3135941
-104.9423108896493,20.9604037414707,Occidente,Pastizal,0.7716659
-108.12159420022573,30.696359355967562,Noreste,Manglar,0.4971688
-100.55489258866949,25.960264339190836,Sur,Bosque Templado,0.9941216
-100.40816801176173,21.782130305756333,Centro,Matorral Seco,0.5455894
-96.67260346224546,16.528750666139615,Noreste,Pastizal,0.25902942
-99.79716665341435,27.570970366933196,Noreste,Matorral Seco,0.9556188
-99.38875273395806,17.335595932787562,Sur,Manglar,0.975759
-101.81127814002099,29.102656020315184,Noreste,Bosque Templado,0.94652057
-105.68091252155133,28.976007684086273,Noreste,Bosque Templado,0.88169354
-103.32640883459881,20.339656553300724,Occidente,Manglar,0.28424707
-109.01255835200391,26.158639210045596,Noroeste,Pastizal,0.17704117
-107.29725363474759,27.885319770305276,Noreste,Selva Húmeda,0.9710473
-97.5296371918024,19.607892669629475,Centro,Matorral Seco,0.5870312
-104.2101749643381,20.733520090528714,Occidente,Bosque Templado,0.58036
-87.82506851894333,20.76494273975357,Sureste,Matorral Seco,0.7198582
-103.40355852873324,27.49712533090482,Noreste,Matorral Seco,0.8488994
-96.66669581468857,19.221553281903446,Sureste,Manglar,0.38098824
-103.0438650118032,22.139304616969763,Centro,Manglar,0.40619412
-90.36072979848939,19.372567872507233,Sureste,Bosque Templado,0.4950647
-97.878338952879,21.636820045095533,Sureste,Manglar,0.36064118
-92.29460287953148,17.432761413621467,Sureste,Matorral Seco,0.38441765
-98.40617452041889,25.620030940500726,Noreste,Bosque Templado,0.40452942
-97.23374503901796,18.44380997011163,Centro,Selva Húmeda,0.95661056
-103.28158281251,20.830783873168947,Occidente,Selva Húmeda,0.27105293
-93.17331110140259,18.289833374067747,Sureste,Manglar,0.3426353
-98.9538625073164,19.55639858290508,Centro,Pastizal,0.2706706
-101.66683925778038,23.622933758288177,Centro,Selva Húmeda,0.811
-115.36488430423756,30.30637941093564,Noroeste,Bosque Templado,0.9802018
-103.02856137642786,24.82069942458841,Noreste,Bosque Templado,0.92974764
-100.74427961996963,21.458246320592234,Centro,Matorral Seco,0.35069412
-114.5282076463507,32.00253075422286,Noroeste,Manglar,0.9990197
-107.90261226128236,29.317030578666138,Noreste,Pastizal,0.5492912
-107.20951225587564,25.462607863659453,Noroeste,Pastizal,0.9889243
-100.85592541253169,21.396561581128754,Centro,Selva Húmeda,0.2927941
-110.23339305290868,23.941861410317838,Noroeste,Manglar,0.94379646
-90.1917116463636,19.311683252731246,Sureste,Bosque Templado,0.61664706
-97.89510833883098,19.842736479586755,Centro,Manglar,0.34259412
-108.32863239834346,29.34889792381928,Noreste,Matorral Seco,0.98469406
-98.98148433395787,17.19206514568273,Sur,Pastizal,0.69712645
-101.9237300203031,21.099899112955885,Occidente,Pastizal,0.37055883
-105.98216962293228,23.39026061598799,Noroeste,Matorral Seco,0.98644334
-99.37168735874444,26.681245230118666,Noreste,Bosque Templado,0.41756472
-100.87539617522968,28.64869491905831,Noreste,Pastizal,0.9231988
-106.88959712329574,29.81246640701627,Noreste,Selva Húmeda,0.46421707
-103.45093447806654,20.186770447950725,Occidente,Bosque Templado,0.5822024
-101.12306107409334,20.718068823766867,Centro,Selva Húmeda,0.65246236
-110.16341822679804,27.25928184807822,Noroeste,Matorral Seco,0.14197059
-114.44402896412913,32.29283746242681,Noroeste,Bosque Templado,0.9928933
-109.88811114003884,29.087268786131048,Noroeste,Manglar,0.71193117
-102.14980315936461,26.651280559319847,Noreste,Bosque Templado,0.9658806
-102.2802005347143,24.1997116315571,Centro,Matorral Seco,0.93386
-109.26939314952779,28.079521301659046,Noroeste,Pastizal,0.98952127
-98.05299408980817,21.87560932673621,Sureste,Manglar,0.3206412
-106.82822132325178,25.81410466514912,Noreste,Manglar,0.9173123
-101.98806797632108,22.64436977936116,Centro,Matorral Seco,0.93813527
-88.97799378963512,18.9263237552559,Sureste,Bosque Templado,0.93910176
-102.49409046940224,23.00443481164798,Centro,Selva Húmeda,0.26282942
-109.27586047557381,27.2188034588491,Noroeste,Pastizal,0.55808
-107.6359440119741,27.43748425859525,Noreste,Bosque Templado,0.42164117
-100.49127878781356,18.461926370488396,Sur,Pastizal,0.48787177
-100.2881055746472,25.752852035958504,Sur,Manglar,0.0
-99.75556297314716,25.160348052933564,Sur,Matorral Seco,0.62370414
-113.65556964057788,28.26893977893441,Noroeste,Selva Húmeda,0.9891742
-102.1853218134111,22.943365595351562,Centro,Pastizal,0.31535295
-87.01002687237924,21.428126289657154,Sureste,Matorral Seco,0.97663754
-101.22073166697842,24.467364428074735,Centro,Manglar,0.87954646
-109.06100157997672,30.01907908175367,Noroeste,Bosque Templado,0.9379094
-109.4020004205735,29.746949530531193,Noroeste,Bosque Templado,0.88158
-102.41033988174952,24.20990546419482,Centro,Selva Húmeda,0.9392518
-92.48936933428327,16.427104303779654,Sureste,Manglar,0.17204706
-112.39484600850696,31.50466631560531,Noroeste,Selva Húmeda,0.98996145
-112.44999876282508,29.888708271291833,Noroeste,Matorral Seco,0.9958742
-107.79845530544057,24.976657320033773,Noroeste,Manglar,0.9612147
-97.120141930658,17.968935064346514,Noreste,Pastizal,0.81940645
-91.27969994084522,17.667555311204612,Sureste,Bosque Templado,0.39814705
-103.07642874883709,19.55755227454607,Occidente,Pastizal,0.55943763
-105.11856679058606,22.140004954060693,Occidente,Manglar,0.975838
-101.13989112815601,24.00487025854478,Centro,Matorral Seco,0.9348753
-110.49267767829647,29.515453562319067,Noroeste,Bosque Templado,0.7642612
-101.6252109902122,22.38374715851632,Centro,Manglar,0.5697106
-108.81092221544097,26.562064157732813,Noroeste,Bosque Templado,0.9277129
-111.26040553032239,25.298118353053994,Noroeste,Manglar,0.9982239
-91.444279683761,16.695578199886114,Sureste,Manglar,0.9739728
-111.40670235726985,26.071664412050648,Noroeste,Pastizal,0.9975856
-99.2007854578121,19.611453381485287,Centro,Bosque Templado,0.0006117647
-88.77657403262857,19.22835900403615,Sureste,Pastizal,0.92242706
-99.2096583166629,21.455008768152354,Centro,Matorral Seco,0.7496106
-98.76086549832024,17.683253162533518,Sur,Pastizal,0.81498706
-103.33910438898435,28.873226039881313,Noreste,Bosque Templado,0.9750142
-99.08275310228585,20.726763332659253,Centro,Matorral Seco,0.67542297
-115.01620601661237,32.0439055846296,Noroeste,Manglar,0.5921388
-104.3798853471978,29.06691969653293,Noreste,Selva Húmeda,0.8103153
-106.1875647757769,28.16594086572258,Noreste,Manglar,0.2956294
-111.51371056132939,31.341516918792454,Noroeste,Matorral Seco,0.95596826
-89.0545420787366,18.525575250983902,Sureste,Bosque Templado,0.6489353
-102.54089732432952,19.20369437507875,Occidente,Selva Húmeda,0.61343706
-88.22771295837717,20.9929173193447,Sureste,Selva Húmeda,0.31912354
-101.9024101438809,20.040512868929422,Occidente,Bosque Templado,0.35748234
-107.9657589605096,29.723979891366387,Noreste,Manglar,0.9762971
-97.98575098253902,22.717307571975496,Noreste,Matorral Seco,0.3936353
-100.92267314483232,28.64591738227017,Noreste,Bosque Templado,0.8496688
-108.05664697089657,28.91038380698154,Noreste,Pastizal,0.93163943
-100.34206071156262,19.27901117126379,Centro,Matorral Seco,0.2617647
-91.81157074657769,18.661022999854058,Sureste,Selva Húmeda,0.0006117647
-103.40992954782955,27.047364425448944,Noreste,Matorral Seco,0.062252942
-110.62864515317011,29.54229560391439,Noroeste,Bosque Templado,0.9996977
-97.99902670232152,25.508677807152505,Noreste,Manglar,0.23552354
-89.81449219361411,20.202967773623044,Sureste,Bosque Templado,0.5996606
-102.26472815565171,26.4227521947885,Noreste,Manglar,0.9814317
-112.88611373474271,26.55579977190607,Noroeste,Manglar,0.95138943
-91.63912633476795,18.396051101034818,Sureste,Selva Húmeda,0.44912413
-113.03221596294439,30.89169132160626,Noroeste,Bosque Templado,0.6439623
-94.18303343879359,18.050325679711083,Sureste,Matorral Seco,0.3634353
-102.74276825997686,21.201478465354562,Occidente,Selva Húmeda,0.49458295
-100.59251107086416,25.151622946617195,Sur,Bosque Templado,0.84421355
-97.98276647207983,21.550238599582862,Sureste,Pastizal,0.3730941
-103.21869754629857,20.297790534852908,Occidente,Pastizal,0.49233353
-89.39552574179162,20.87370428307228,Sureste,Manglar,0.6866059
-103.16637004616364,21.159640096918995,Centro,Matorral Seco,0.64671
-106.83623070998176,31.614082361982867,Noreste,Manglar,0.9043447
-104.11583404462263,27.360473157349663,Noreste,Matorral Seco,0.8952053
-88.19340515690901,19.502239960235386,Sureste,Manglar,0.9607988
-97.65920423868224,21.183936794941665,Sureste,Pastizal,0.32380587
-102.56191911871731,18.418590199619267,Occidente,Pastizal,0.8999277
-101.96799224008984,29.171661753426335,Noreste,Pastizal,0.81787765
-100.75739400989218,21.774307486773388,Centro,Selva Húmeda,0.6072306
-107.08155422921492,27.38852115317017,Noreste,Selva Húmeda,0.83801585
-93.48288649438297,17.13968549917686,Sureste,Pastizal,0.41065884
-101.71232961795427,25.416492859744377,Noreste,Pastizal,0.94624645
-98.40107284017957,23.020041785261363,Noreste,Manglar,0.6264435
-99.92339266026465,26.72539215719634,Sur,Manglar,0.31799412
-100.62310390564555,20.14470571666492,Centro,Manglar,0.35409412
-102.1089419927483,21.91029165891432,Centro,Manglar,0.23598236
-111.30563300552683,28.16100079194202,Noroeste,Matorral Seco,0.9873714
-96.57106840613056,19.63245790659599,Sureste,Manglar,0.32725295
-97.70225158368238,16.956831566668445,Noreste,Matorral Seco,0.42651764
-94.16729718404942,16.236172246346825,Noreste,Pastizal,0.3611294
-107.3701447700513,25.62207527825214,Noroeste,Selva Húmeda,0.9799302
-101.88317875624851,22.734719182721015,Centro,Matorral Seco,0.28196472
-102.02186956293652,22.565533862682415,Centro,Manglar,0.35361177
-108.93638370388537,29.110871849480098,Noroeste,Matorral Seco,0.8989112
-96.49893927255492,15.770324122398216,Noreste,Pastizal,0.6367794
-107.79894148757887,28.240052468856593,Noreste,Matorral Seco,0.9547188
-102.65656079678816,23.477171398442795,Centro,Selva Húmeda,0.42824116
-108.19606596502857,30.85476723458501,Noreste,Matorral Seco,0.95730174
-112.377046725766,27.286157564067953,Noroeste,Pastizal,0.7577612
-98.44677651482577,19.772188618305876,Centro,Matorral Seco,0.30642352
-97.63551314204241,16.336984795155658,Noreste,Matorral Seco,0.63560295
-114.73330327416083,32.08647952917449,Noroeste,Manglar,0.99018514
-90.13645526424422,20.894411666354763,Sureste,Matorral Seco,0.69025
-97.1268780852073,19.841381340426835,Sureste,Manglar,0.4058588
-104.91478409229825,21.26545017124103,Occidente,Selva Húmeda,0.29514706
-99.52751180785589,20.48331392261463,Centro,Pastizal,0.68730646
-104.89549966056256,21.47260299357958,Occidente,Matorral Seco,0.0040705884
-107.4719095235173,28.564796883098825,Noreste,Selva Húmeda,0.2794353
-96.7884715333288,19.269724575045785,Sureste,Pastizal,0.4353059
-99.932267336361,18.99848130083445,Centro,Matorral Seco,0.46025354
-98.09971543429342,17.65230919294763,Noreste,Manglar,0.19935882
-99.62470875458114,21.956163236709685,Centro,Bosque Templado,0.31964117
-104.453487098314,19.91048591983221,Occidente,Bosque Templado,0.5919129
-101.77666525873951,26.399201234598305,Noreste,Selva Húmeda,0.9968545
-100.3813940679404,19.620809242998376,Occidente,Bosque Templado,0.23001176
-107.49666533330424,31.399509448286675,Noreste,Selva Húmeda,0.9675641
-108.15328187490977,30.446122788325283,Noreste,Bosque Templado,0.5518335
-99.65881109716983,25.12329975983263,Sur,Bosque Templado,0.56940174
-107.751447634447,25.973275668997566,Noroeste,Bosque Templado,0.80361354
-101.10738320865786,24.986866075637572,Noreste,Bosque Templado,0.64692765
-91.04202216457573,19.034424787401015,Sureste,Matorral Seco,0.4914147
-109.5121376664923,28.489193362530667,Noroeste,Bosque Templado,0.8845694
-111.72005598427705,25.206952691537882,Noroeste,Manglar,0.17649412
-111.33459135454369,29.920434615418127,Noroeste,Manglar,0.48107883
-101.56191042549216,28.232892465204237,Noreste,Matorral Seco,0.96077293
-101.68039121038443,24.18697065594972,Centro,Selva Húmeda,0.9754129
-105.10834887656465,30.605894102789716,Noreste,Bosque Templado,0.61426824
-99.40496726442268,22.023501447508863,Centro,Bosque Templado,0.91790473
-114.61093244499448,31.86863851952986,Noroeste,Selva Húmeda,0.9966489
-107.05286725285022,28.653327569899155,Noreste,Matorral Seco,0.1762647
-110.83443100827554,24.10464799808709,Noroeste,Selva Húmeda,0.98162854
-108.93274967726013,27.223837468568355,Noroeste,Matorral Seco,0.9967183
-100.17930391357416,24.904715509951565,Sur,Bosque Templado,0.8601553
-106.36383873207592,28.269762522748863,Noreste,Bosque Templado,0.7862018
-102.85254353262503,22.27505159494658,Centro,Bosque Templado,0.39381763
-88.64159729479667,19.33935959506149,Sureste,Pastizal,0.64865
-94.03599685892473,18.116979120828592,Sureste,Pastizal,0.40014118
-98.370844975485,25.47773354085888,Noreste,Pastizal,0.29305294
-113.62287932412313,26.766453753937775,Noroeste,Selva Húmeda,0.9925965
-108.91188391628761,30.75522629689579,Noreste,Matorral Seco,0.98721397
-107.90080539579462,28.212676906679572,Noreste,Selva Húmeda,0.98197603
-108.0479280667692,28.673360732188808,Noreste,Selva Húmeda,0.9857957
-98.01084358260334,22.511014517677708,Noreste,Pastizal,0.31388235
-101.55520176997321,28.67253185067392,Noreste,Matorral Seco,0.79540056
-102.37528057724731,18.340994573120142,Occidente,Bosque Templado,0.59418297
-108.64454803219185,27.96405928484944,Noreste,Bosque Templado,0.9925212
-101.06911381409422,21.49337324726375,Centro,Pastizal,0.73386115
-103.72888609094797,18.89048591805269,Occidente,Manglar,0.69906056
-103.83895223335134,22.660905859485062,Occidente,Pastizal,0.3889
-111.57975794251166,30.642137137560553,Noroeste,Manglar,0.96597177
-108.82438078692792,30.087659964861476,Noroeste,Pastizal,0.9541441
-100.87036310159515,23.900443083177358,Centro,Bosque Templado,0.2275294
-97.59040361397716,17.68504557505528,Noreste,Bosque Templado,0.34968823
-105.66905551919004,27.659276409625555,Noreste,Matorral Seco,0.23292352
-115.07788234750151,29.540061163701445,Noroeste,Pastizal,0.9771923
-105.09534799518804,21.59483024577486,Occidente,Selva Húmeda,0.5955159
-108.95557353261694,25.710044517737536,Noroeste,Matorral Seco,0.17647646
-108.7707171838771,31.185537525147478,Noreste,Selva Húmeda,0.65934473
-98.4605400490723,18.330518709636614,Centro,Selva Húmeda,0.6887347
-105.82005448082374,31.17133466095474,Noreste,Bosque Templado,0.9096859
-94.88121256672252,18.248473047510135,Sureste,Pastizal,0.39342353
-97.92521056576464,21.19199884852274,Sureste,Matorral Seco,0.34174705
-98.67860497515622,17.82632762129543,Sur,Bosque Templado,0.63380766
-102.38188015305292,29.217362327123475,Noreste,Selva Húmeda,0.82256174
-107.47215777775385,30.329592749530356,Noreste,Manglar,0.9081388
-102.55771690002919,26.688879088686566,Noreste,Matorral Seco,0.9787707
-109.14887213553048,29.3908673173644,Noroeste,Manglar,0.6556388
-113.21437463255145,27.180845944940263,Noroeste,Bosque Templado,0.9759968
-101.51456597059631,26.18981604945859,Noreste,Manglar,0.81593823
-98.84905935721845,24.290264669627653,Noreste,Selva Húmeda,0.48466
-98.79388013992404,26.115890279377957,Noreste,Manglar,0.5085618
-97.57295378897048,18.62791588563436,Centro,Matorral Seco,0.16619411
-106.04058595626682,29.837927426981295,Noreste,Selva Húmeda,0.72281295
-110.11038783810613,28.408791419114443,Noroeste,Pastizal,0.40991765
-107.73940141452871,30.252606368862004,Noreste,Selva Húmeda,0.5892382
-107.54885039185797,27.7651776589931,Noreste,Manglar,0.31075883
-90.28450763157899,20.611267205299825,Sureste,Manglar,0.4307353
-98.33111930564405,25.23483266554332,Noreste,Matorral Seco,0.41957647
-100.03206109562933,24.986139333022575,Sur,Pastizal,0.77020943
-102.48142621712142,22.825724869721526,Centro,Selva Húmeda,0.40724707
-97.04468138550061,17.574300655959473,Noreste,Selva Húmeda,0.6626112
-107.38954926825726,27.916530840097224,Noreste,Pastizal,0.2945706
-104.34888765019792,21.237183347959018,Occidente,Bosque Templado,0.87238294
-111.72544046904021,29.425897433520518,Noroeste,Pastizal,0.96789885
-96.94734941167077,18.241490277615316,Noreste,Matorral Seco,0.47730294
-108.15256275926544,31.438646606333826,Noreste,Matorral Seco,0.17645882
-100.58011804861273,18.92193593966937,Sur,Bosque Templado,0.59727
-101.8149465492756,28.43727927160419,Noreste,Pastizal,0.9436906
-111.8625226127128,31.399089383040096,Noroeste,Matorral Seco,0.7450312
-107.59952748346072,30.71169831091887,Noreste,Bosque Templado,0.55579
-103.47821334990898,21.75737258117284,Centro,Pastizal,0.35022354
-107.31788074013622,24.51925318829874,Noroeste,Bosque Templado,0.1774
-90.61107892451247,19.66618550794795,Sureste,Pastizal,0.71234703
-105.01505876557309,21.54986276886985,Occidente,Matorral Seco,0.6009518
-95.90897945351956,18.425058543963246,Sureste,Pastizal,0.3349
-100.57715428471825,18.685911626979262,Sur,Selva Húmeda,0.6909288
-106.21441368478824,30.850349682470068,Noreste,Selva Húmeda,0.9247606
-100.0986800755972,23.529581207767357,Sur,Pastizal,0.68437237
-100.30039438714081,27.9871431309403,Noreste,Selva Húmeda,0.63678294
-99.57293731742232,21.01692886697967,Centro,Bosque Templado,0.6092359
-107.40765828201646,30.625040229456335,Noreste,Pastizal,0.8886435
-95.56303507119411,17.914658641606128,Sureste,Matorral Seco,0.3401647
-105.5863890055452,28.944056781898297,Noreste,Matorral Seco,0.8280376
-97.6776040089627,21.449903233117496,Sureste,Manglar,0.41067648
-112.62143760186864,29.951051906792515,Noroeste,Pastizal,0.9711169
-109.30994456502502,26.031162273481,Noroeste,Selva Húmeda,0.17748824
-102.77962132374614,22.71176325111084,Centro,Selva Húmeda,0.37930587
-106.39547297530397,30.759166945960438,Noreste,Manglar,0.95055944
-114.81822997098156,29.893371688150612,Noroeste,Manglar,0.9809608
-103.15743135988629,20.03878903340947,Occidente,Selva Húmeda,0.37082353
-103.94259010180053,28.523375749727006,Noreste,Selva Húmeda,0.87186
-107.79036750273757,27.699313600021966,Noreste,Matorral Seco,0.9937478
-91.66124249156707,16.665639042673085,Sureste,Bosque Templado,0.5693541
-108.8720946470232,29.09769765997691,Noroeste,Manglar,0.67611647
-100.17684749818868,17.254565201332195,Sur,Manglar,0.9333759
-90.54910317088834,18.99211038510668,Sureste,Manglar,0.33254707
-92.23840750872891,17.85505239238435,Sureste,Matorral Seco,0.73049116
-104.62846484634596,28.780505888058787,Noreste,Selva Húmeda,0.8196065
-109.2524671561525,28.808000119752116,Noroeste,Pastizal,0.7185706
-91.46362847053653,16.595334477352477,Sureste,Manglar,0.7202765
-98.80052240330136,16.72768605949166,Sur,Pastizal,0.5332565
-109.72545678985816,29.827051267577083,Noroeste,Selva Húmeda,0.59789
-107.99461595155039,30.059250731787873,Noreste,Matorral Seco,0.74022764
-101.53059913391643,21.500249572562346,Centro,Matorral Seco,0.29818824
-105.12130771321986,20.32572986541456,Occidente,Selva Húmeda,0.8761424
-101.4680022514511,21.349153492708798,Centro,Pastizal,0.36901766
-98.69234982285295,24.800113025088468,Noreste,Manglar,0.9011541
-98.85894100677936,21.541903291935625,Centro,Bosque Templado,0.89691174
-102.83726934580855,24.94600830584017,Noreste,Matorral Seco,0.9881634
-110.3498696009196,27.61132047477376,Noroeste,Manglar,0.5905747
-105.70226747164523,22.577030471987545,Noroeste,Selva Húmeda,0.44110587
-102.09665094456642,21.96929378897244,Centro,Matorral Seco,0.24420588
-104.66963370570043,20.814882492700228,Occidente,Selva Húmeda,0.7313453
-92.17949917281139,16.702603465684295,Sureste,Manglar,0.3183588
-103.270654951703,25.95252754939321,Noreste,Bosque Templado,0.7286759
-100.46374268756999,18.60479104438406,Sur,Pastizal,0.6576994
-93.23927103554476,17.585844093431845,Sureste,Matorral Seco,0.37454116
-101.67463194795467,26.971869994967182,Noreste,Matorral Seco,0.9986614
-101.27147664428864,24.275110352162887,Centro,Matorral Seco,0.97916585
-89.14323290849113,19.8813221667344,Sureste,Bosque Templado,0.97767186
-112.68843717257766,26.92039924899787,Noroeste,Manglar,0.984658
-98.52396436208866,25.08505467942781,Noreste,Manglar,0.5436147
-93.25592897593239,16.514483395625916,Sureste,Bosque Templado,0.57467294
-97.47238925882222,20.729940114374486,Sureste,Manglar,0.2867647
-107.95136129785821,25.977498108209314,Noroeste,Manglar,0.97448015
-99.75690801339246,24.965131767079914,Sur,Bosque Templado,0.4904047
-96.79084466183926,18.67718012863744,Sureste,Pastizal,0.97526634
-95.31233138802256,17.705790877792023,Noreste,Matorral Seco,0.3837294
-93.00488295526614,15.76065586976004,Sureste,Manglar,0.7039147
-105.35811596391183,30.444425200443426,Noreste,Selva Húmeda,0.9199371
-98.76678188311587,18.06898796311107,Centro,Manglar,0.79348236
-104.89641802793933,27.653791655761466,Noreste,Selva Húmeda,0.97317165
-111.95201227583463,30.328336143269443,Noroeste,Bosque Templado,0.99435115
-101.28298620326409,21.600431208820435,Centro,Manglar,0.5107453
-100.02277496743889,27.788197878301055,Noreste,Matorral Seco,0.82717115
-93.8404009993812,16.333525172476126,Sureste,Matorral Seco,0.4970141
-89.09629240019554,20.537476881624006,Sureste,Pastizal,0.6362653
-99.70541768141752,23.374172928396593,Noreste,Pastizal,0.94326824
-98.3862496004662,20.803041607260077,Sureste,Pastizal,0.36142942
-116.10719400990374,30.93535524483285,Noroeste,Manglar,0.4430706
-106.27929975171745,28.481143393460872,Noreste,Pastizal,0.7779171
-100.01577739037128,18.461084349241503,Sur,Pastizal,0.38451764
-98.52683753897468,23.900642934586614,Noreste,Selva Húmeda,0.8533206
-100.11063836243967,20.310557334403516,Centro,Manglar,0.34134707
-106.05871589892773,27.0349669535008,Noreste,Bosque Templado,0.34951177
-90.95654730191274,18.445235486728503,Sureste,Manglar,0.35580587
-88.90223800629754,19.891663716298417,Sureste,Pastizal,0.59951353
-97.86333619556598,17.41270193706032,Noreste,Selva Húmeda,0.7032129
-102.11431248295752,25.075140658354815,Centro,Manglar,0.9795273
-102.47994673290077,18.956611953120248,Occidente,Bosque Templado,0.5873935
-112.55792847553874,31.359164078636905,Noroeste,Pastizal,0.9860926
-96.80803907509483,16.048251583699866,Noreste,Matorral Seco,0.95776355
-94.44849425777949,17.604193369810442,Sureste,Selva Húmeda,0.41161764
-104.99681307277555,22.111248660682037,Occidente,Bosque Templado,0.75485885
-108.02526061012388,26.881704954703316,Noreste,Bosque Templado,0.93968356
-97.84523922194059,16.39192605798915,Noreste,Bosque Templado,0.4567047
-111.87636082346651,25.370552956514196,Noroeste,Manglar,0.7904247
-106.14047605972216,29.27445527983548,Noreste,Bosque Templado,0.51081705
-103.52307203700208,27.018039847467726,Noreste,Matorral Seco,0.8772841
-96.0196928665044,16.638621989297036,Noreste,Bosque Templado,0.29748234
-100.04503176141257,21.548435642904103,Centro,Matorral Seco,0.58908767
-100.77108515657592,21.60366514600865,Centro,Pastizal,0.28718823
-105.25134186632229,27.910751917512826,Noreste,Matorral Seco,0.81756884
-101.86837168589722,26.658462696542372,Noreste,Pastizal,0.97564083
-112.28275226503011,29.685635474607285,Noroeste,Bosque Templado,0.67597115
-107.85032678824015,24.85192441505618,Noroeste,Pastizal,0.22545294
-100.26314119205286,21.476504062371337,Centro,Matorral Seco,0.43650588
-116.24147479361692,32.357647708824814,Noroeste,Bosque Templado,0.9991096
-110.48550972958826,23.98991984765439,Noroeste,Pastizal,0.9735202
-99.6570757450595,18.297465356170488,Sur,Selva Húmeda,0.5884782
-102.70470750211062,19.879303920260366,Occidente,Pastizal,0.64428824
-87.3268957517018,21.081844790122503,Sureste,Bosque Templado,0.9076088
-94.69865052835422,17.174566817253424,Noreste,Manglar,0.5919394
-106.37625455225754,27.352559831926825,Noreste,Selva Húmeda,0.44881353
-94.1544494683606,17.873705960128248,Sureste,Selva Húmeda,0.5092635
-110.95715171366058,25.29725800537833,Noroeste,Selva Húmeda,0.97948664
-107.24266371499735,29.00983780460028,Noreste,Bosque Templado,0.9487788
-102.31257663742095,19.768852266044355,Occidente,Matorral Seco,0.92566884
-88.21333628262863,20.13960361748436,Sureste,Pastizal,0.96995884
-99.75322959802952,23.292865606170512,Noreste,Matorral Seco,0.9422824
-103.54101800725294,22.348226408843054,Centro,Bosque Templado,0.27745295
-93.34971564311768,18.34171248480084,Sureste,Pastizal,0.36425295
-110.72654479295325,28.904923754850223,Noroeste,Selva Húmeda,0.97553104
-114.49077594601249,29.78337663141023,Noroeste,Bosque Templado,0.99547815
-96.76681468004371,18.587039892753445,Sureste,Pastizal,0.89072293
-102.59761427555858,23.741797104940925,Centro,Pastizal,0.67991644
-101.32571125299745,23.178311971348236,Centro,Pastizal,0.31758824
-99.26970590934961,23.824586400391883,Noreste,Bosque Templado,0.88178766
-114.79110706493928,32.710640348354666,Noroeste,Manglar,0.999133
-101.21113685557246,22.56369428693514,Centro,Matorral Seco,0.51520705
-96.38158084503772,17.459293013226908,Noreste,Bosque Templado,0.83907765
-94.66157601316306,17.69224030196713,Sureste,Matorral Seco,0.61018234
-100.60120208834931,22.44729352531513,Centro,Pastizal,0.53868884
-107.44106588371494,29.067101338711,Noreste,Bosque Templado,0.23679411
-104.36043319578127,19.274392135076297,Occidente,Selva Húmeda,0.61580473
-91.69960941381608,18.12380454316262,Sureste,Bosque Templado,0.93804944
-95.3975851835326,18.178637326619416,Sureste,Matorral Seco,0.34554705
-99.93666424283253,18.397749568944754,Sur,Selva Húmeda,0.6281988
-102.9852014469599,28.189390296660626,Noreste,Manglar,0.99838394
-102.32704097881427,26.930682032564306,Noreste,Matorral Seco,0.93383294
-97.92359807087091,17.187223074284308,Noreste,Bosque Templado,0.67343354
-98.02753428617314,24.743235683630903,Noreste,Manglar,0.60579
-107.3369389908034,26.852827570568213,Noreste,Manglar,0.96837705
-106.03533732697136,23.38831658936418,Noroeste,Manglar,0.9423276
-111.97118169939608,29.758243316799856,Noroeste,Selva Húmeda,0.98903376
-107.27526515913796,29.468472464345062,Noreste,Bosque Templado,0.70024115
-112.07250231573053,29.15235068572204,Noroeste,Manglar,0.9928021
-88.07960564936727,19.59522047949879,Sureste,Matorral Seco,0.65592647
-100.77476369282121,23.58881568534593,Centro,Matorral Seco,0.6357612
-101.93650525314996,21.67810992018559,Occidente,Bosque Templado,0.29194117
-101.55263819922689,17.82295104905552,Sur,Selva Húmeda,0.48053
-98.3718581474182,24.162197815633284,Noreste,Pastizal,0.21404706
-103.0754013701839,22.190852569909378,Centro,Bosque Templado,0.6001147
-98.51760355330481,25.233877399784546,Noreste,Matorral Seco,0.83899176
-105.13773765696853,30.167641225183047,Noreste,Matorral Seco,0.9424218
-88.74079580526345,19.472001173981056,Sureste,Selva Húmeda,0.9732227
-108.34355593540648,26.183677689311285,Noroeste,Matorral Seco,0.92162883
-108.1092658835587,28.950925873921975,Noreste,Selva Húmeda,0.63151884
-100.73157674710951,25.074693292664826,Sur,Pastizal,0.5200047
-101.57968125330665,19.045250691118074,Occidente,Manglar,0.4503359
-95.37788245790124,16.714247445782174,Noreste,Pastizal,0.8921041
-102.88104144731787,19.442659993625202,Occidente,Bosque Templado,0.58767176
-101.12328065456988,29.217076335843977,Noreste,Matorral Seco,0.8721024
-94.4985154637102,16.60399922654846,Noreste,Selva Húmeda,0.88055825
-99.22366523045916,20.90347350823571,Centro,Bosque Templado,0.6647235
-102.38389672044073,29.059525944958704,Noreste,Pastizal,0.22461765
-97.88984293227345,25.44369228725267,Noreste,Selva Húmeda,0.27327648
-102.00480823339862,26.723730493963345,Noreste,Manglar,0.94414175
-111.36140531795752,24.68482080668424,Noroeste,Manglar,0.97085154
-111.73135947623477,25.995721825182898,Noroeste,Manglar,0.99716145
-94.34847772924846,16.878893637345154,Noreste,Selva Húmeda,0.99973506
-107.21469775750295,25.533683495180316,Noroeste,Matorral Seco,0.79663175
-111.36664165140492,25.48108726291415,Noroeste,Pastizal,0.99590707
-94.65598211592513,17.0806013780763,Noreste,Bosque Templado,0.99900365
-103.8444618928235,21.111312084544185,Occidente,Pastizal,0.46687824
-87.46123865584725,21.39254854976808,Sureste,Selva Húmeda,0.9595212
-103.01048849181264,28.75717607375017,Noreste,Pastizal,0.9813543
-97.37211210152616,25.625602805644686,Noreste,Selva Húmeda,0.8990535
-110.27167025374196,27.156088444640794,Noroeste,Matorral Seco,0.9638382
-97.29821620631685,17.93933620126085,Noreste,Matorral Seco,0.38804117
-100.45887930876243,25.78895497280217,Sur,Manglar,0.07504706
-94.26035135733726,17.028606872428018,Noreste,Manglar,0.99838674
-98.8924243008216,18.753500466100178,Sur,Pastizal,0.32262942
-97.3278878690367,16.962038671560734,Noreste,Selva Húmeda,0.7974947
-102.81665306709415,29.32535362750543,Noreste,Pastizal,0.99205595
-98.83093727411746,25.059467255895214,Noreste,Selva Húmeda,0.2970647
-103.86936379780421,26.794180068237548,Noreste,Manglar,0.9001541
-109.0451092750831,29.049508923867144,Noroeste,Bosque Templado,0.93080944
-92.79690417595343,18.47266301397612,Sureste,Matorral Seco,0.33261764
-101.48269854377745,22.218392936037226,Centro,Matorral Seco,0.6703959
-102.76021745684425,22.34040512561507,Centro,Manglar,0.37590587
-98.60166455140585,21.040805850552463,Centro,Pastizal,0.8023282
-92.06088755436754,16.644789732102502,Sureste,Bosque Templado,0.93352824
-107.8180390652443,26.87660383328305,Noreste,Bosque Templado,0.95086354
-108.0756082603885,25.709552983841338,Noroeste,Pastizal,0.47219
-90.84323620648252,16.69932155086226,Sureste,Pastizal,0.9436141
-101.13791864458904,25.09543647372571,Noreste,Matorral Seco,0.9691347
-108.55369182231021,26.797801687699465,Noroeste,Selva Húmeda,0.9665518
-103.86663889355991,20.849566351232035,Occidente,Bosque Templado,0.6916718
-103.47025204638724,21.309630615053205,Centro,Manglar,0.75138706
-100.70313454149574,21.022850717106692,Centro,Selva Húmeda,0.48929
-93.55702529704458,18.186082350339404,Sureste,Manglar,0.31082353
-101.94407455641469,27.272561526937814,Noreste,Matorral Seco,0.9643988
-112.27800446080082,27.049327688981737,Noroeste,Bosque Templado,0.9985956
-107.26243561857808,24.2581294518037,Noroeste,Pastizal,0.18004118
-103.20171226986422,20.96917679445043,Occidente,Bosque Templado,0.37801176
-95.30900258944052,18.200480816549405,Sureste,Manglar,0.32780588
-101.29085979980873,19.604596366964635,Occidente,Matorral Seco,0.4136941
-102.98372664449333,25.04900998462211,Noreste,Manglar,0.85697645
-116.53338441034606,31.66906495617781,Noroeste,Matorral Seco,0.5814582
-100.85425633511014,17.64042599066321,Sur,Selva Húmeda,0.97848123
-93.00024694354623,17.993503572900778,Sureste,Matorral Seco,0.45223
-107.63033439336981,24.88890069207513,Noroeste,Matorral Seco,0.17648235
-102.21459282792574,26.478239238968996,Noreste,Pastizal,0.98410344
-102.48176113643734,28.417647337053307,Noreste,Matorral Seco,0.18593529
-97.72673003878185,20.990612679991397,Sureste,Selva Húmeda,0.27779412
-99.66620062454797,22.245066174843945,Centro,Selva Húmeda,0.4602147
-108.33148744744791,27.082471561780007,Noreste,Pastizal,0.9078594
-104.41532746248727,26.993719032937957,Noreste,Manglar,0.9174035
-99.2258074445625,20.756795306826287,Centro,Manglar,0.86092705
-112.43959716379801,26.98455518069629,Noroeste,Pastizal,0.9996672
-104.21391571824962,29.44579306691064,Noreste,Bosque Templado,0.27084118
-113.89294321191204,27.764091506642945,Noroeste,Selva Húmeda,0.9713541
-94.06065656157134,16.61262616313211,Sureste,Pastizal,0.93080354
-106.8825966535512,25.71497550783582,Noreste,Pastizal,0.9441606
-108.57971085285239,26.302773090775283,Noroeste,Selva Húmeda,0.9946657
-103.29474827181961,22.176322971922083,Occidente,Matorral Seco,0.39754117
-107.46974049000055,30.709054240418183,Noreste,Bosque Templado,0.9134476
-102.86996281531178,20.724610744550002,Occidente,Pastizal,0.29438823
-101.49060846083309,23.916357302230008,Centro,Pastizal,0.9822897
-103.83501548598475,21.014067428957745,Occidente,Pastizal,0.020058824
-110.74412446939469,30.427457349460486,Noroeste,Matorral Seco,0.8861
-102.41359332626028,27.406772218276235,Noreste,Pastizal,0.98160285
-106.70672844549448,29.12522012435134,Noreste,Bosque Templado,0.36862943
-104.97013449475318,29.260804873830235,Noreste,Pastizal,0.9666824
-98.35104905085215,23.41999413721287,Noreste,Bosque Templado,0.9793089
-96.13541644863633,16.333412710353574,Noreste,Matorral Seco,0.9325759
-102.70088225581661,18.38648285839505,Occidente,Selva Húmeda,0.6403794
-97.85847174671979,25.498626946578852,Noreste,Pastizal,0.21865882
-92.6286238591515,17.237462450949266,Sureste,Manglar,0.91838586
-99.85619140068356,18.497619951698493,Sur,Pastizal,0.29721764
-103.77820811394145,20.6659217290626,Occidente,Selva Húmeda,0.3195
-93.18215508592068,15.74706457158779,Sureste,Manglar,0.69375414
-98.19322351234887,18.51715577697336,Centro,Pastizal,0.80848825
-98.11022046710801,19.894330278933445,Centro,Manglar,0.31197646
-106.50829722756004,24.151134781542748,Noroeste,Pastizal,0.9823515
-112.64484130423934,27.013966223833833,Noroeste,Selva Húmeda,0.9994924
-95.47661806628683,16.635044252466212,Noreste,Selva Húmeda,0.5412894
-108.8210691510371,29.862616279608904,Noroeste,Matorral Seco,0.96821177
-98.41492498927498,25.193870626496054,Noreste,Bosque Templado,0.3823706
-100.51769512890395,25.98589401934376,Sur,Bosque Templado,0.985573
-112.51449912675437,31.66245482481385,Noroeste,Selva Húmeda,0.95007
-100.90041560798034,28.594829403115195,Noreste,Matorral Seco,0.2125647
-103.70685210091048,19.0667811931693,Occidente,Bosque Templado,0.65416706
-100.50026493957876,26.977245021151617,Sur,Selva Húmeda,0.9435118
-99.50804521150762,26.167664853809693,Sur,Matorral Seco,0.7119153
-116.07623148887697,32.368944601162816,Noroeste,Pastizal,0.71529704
-91.6475385395032,18.288262750726666,Sureste,Pastizal,0.8171853
-106.8739954664807,30.423482656028334,Noreste,Pastizal,0.9170041
-101.40826011505573,21.143781298461803,Centro,Pastizal,0.3283
-89.24852924131568,18.950335713259385,Sureste,Manglar,0.28308237
-109.58247773868423,30.03883225927256,Noroeste,Pastizal,0.9961979
-89.93347950708915,19.4651174562583,Sureste,Selva Húmeda,0.6603812
-102.24574177375374,18.21922938292671,Occidente,Bosque Templado,0.76717645
-103.27313584887104,19.448698165888906,Occidente,Pastizal,0.6436694
-94.39634805087125,17.64481992851364,Sureste,Bosque Templado,0.38487646
-100.05066119445516,24.847376998534884,Sur,Selva Húmeda,0.94296235
-97.20323667378275,16.631134807105006,Noreste,Selva Húmeda,0.99171364
-102.81310664174521,20.578035102535168,Occidente,Pastizal,0.4322588
-100.01809834597547,24.87598443637528,Sur,Bosque Templado,0.7522806
-100.32059974177221,18.649887990219582,Centro,Matorral Seco,0.71860826
-95.43464341322493,17.168001692337317,Noreste,Matorral Seco,0.9676024
-101.80001579553377,18.720710730714362,Occidente,Selva Húmeda,0.6613447
-101.0089256641425,26.391056280674373,Sur,Bosque Templado,0.92338884
-108.24667424969388,29.508880339030924,Noreste,Bosque Templado,0.9945898
-98.4682897570637,23.06932476996682,Noreste,Matorral Seco,0.9518606
-110.15778551533525,29.240922422973615,Noroeste,Manglar,0.9493123
-105.9288958659398,23.538128819866273,Noroeste,Selva Húmeda,0.89076763
-104.59725231572511,27.481536821090497,Noreste,Pastizal,0.5905435
-102.7673208777924,19.862748958469563,Occidente,Manglar,0.44535765
-90.93352320533639,18.577305978399057,Sureste,Bosque Templado,0.66579115
-102.48749824695201,20.974800222229984,Occidente,Manglar,0.46203
-106.10483086042521,29.016897187992303,Noreste,Selva Húmeda,0.6998447
-107.24760133433914,26.948037639756304,Noreste,Matorral Seco,0.9958518
-106.04071966271046,29.783395156322175,Noreste,Matorral Seco,0.9288153
-98.68351919575277,26.08524791876948,Noreste,Matorral Seco,0.407
-100.75091624401578,24.406018372894565,Centro,Manglar,0.19241765
-90.35193444722178,18.712742727120755,Sureste,Pastizal,0.767
-95.34204242738709,18.334170493611307,Sureste,Manglar,0.3437941
-105.05655685120075,21.51872761744175,Occidente,Selva Húmeda,0.2545412
-96.2731879300639,18.803579539140177,Sureste,Manglar,0.27864116
-101.24285696058125,19.064248825599424,Occidente,Manglar,0.59767413
-109.61969306468795,27.887564207420706,Noroeste,Selva Húmeda,0.45381647
-103.06622760789983,23.82743003857956,Centro,Bosque Templado,1e-04
-110.10847721600025,24.049481922015442,Noroeste,Selva Húmeda,0.9770003
-101.46978926665787,20.27962658873313,Occidente,Matorral Seco,0.020341177
-98.91605858389552,23.073889299729274,Noreste,Matorral Seco,0.8232482
-94.90688191666716,16.459796535727847,Noreste,Bosque Templado,0.33627647
-100.62587793155126,28.359056866627792,Noreste,Pastizal,0.88788706
-102.36684891890283,29.76035616295784,Noreste,Matorral Seco,0.9845453
-100.16903065974051,26.16973404520458,Sur,Bosque Templado,0.42704117
-103.07115583054345,21.126570317730845,Occidente,Matorral Seco,0.6270059
-96.81963154445494,17.27854438852282,Noreste,Matorral Seco,0.69209826
-87.66198053169306,19.06098132041856,Sureste,Selva Húmeda,0.84566057
-102.91865434619969,25.12845679253022,Noreste,Pastizal,0.99689865
-109.68259571844646,30.74571015919353,Noroeste,Selva Húmeda,0.86351764
-105.82455275836473,28.09533811330782,Noreste,Pastizal,0.8848894
-109.30734432728069,27.985040698757203,Noroeste,Manglar,0.9977368
-109.78843494414873,29.601404669795816,Noroeste,Selva Húmeda,0.9467218
-107.06084515342971,31.069272834234283,Noreste,Matorral Seco,0.93621355
-109.54477767088932,29.846867952539434,Noroeste,Matorral Seco,0.9106841
-109.34638800606106,28.281590811523404,Noroeste,Manglar,0.6313
-107.48236533737415,28.25917061136995,Noreste,Matorral Seco,0.9803908
-92.10013812075647,17.314390145112622,Sureste,Bosque Templado,0.41418824
-90.37531505261593,20.442853040188915,Sureste,Pastizal,0.95002234
-98.4961627914833,17.3491558286773,Sur,Manglar,0.49521646
-101.17935200445493,21.71612402222536,Centro,Selva Húmeda,0.65125644
-104.35320339586113,29.30049150534778,Noreste,Pastizal,0.9382853
-105.40013201533863,21.860667357648737,Occidente,Matorral Seco,0.09034117
-113.11682176659343,28.270790668217128,Noroeste,Bosque Templado,0.97961545
-113.33081578055811,26.943556451821248,Noroeste,Selva Húmeda,0.9890567
-101.26331759799757,26.896759441355556,Noreste,Pastizal,0.9733607
-99.52414834317327,22.88858044070916,Noreste,Selva Húmeda,0.8753453
-99.90738664348561,21.70898399283403,Centro,Selva Húmeda,0.73922825
-94.36988495540277,17.615445382565515,Sureste,Selva Húmeda,0.32237646
-95.77613578430936,17.07744225850699,Noreste,Pastizal,0.97547513
-102.48461294616413,27.0526622554331,Noreste,Selva Húmeda,0.68356705
-101.10189354183025,23.346946318232078,Centro,Pastizal,0.95854586
-99.359055385435,20.808920816817196,Centro,Selva Húmeda,0.7676841
-109.79847339391227,23.868029828180994,Noroeste,Manglar,0.9673888
-107.45625435140809,24.469642694345254,Noroeste,Selva Húmeda,0.1764706
-103.40418307531925,18.532051724350783,Occidente,Matorral Seco,0.6601212
-92.70018563434515,16.50423022518368,Sureste,Pastizal,0.28525883
-101.53174126387971,24.92332608262595,Noreste,Manglar,0.61822826
-109.95262008401954,28.513124277601094,Noroeste,Bosque Templado,0.9385094
-109.68188347711603,29.25599214829859,Noroeste,Matorral Seco,0.94138646
-108.8147274040297,27.24891745546382,Noroeste,Pastizal,0.82441586
-101.92494941778972,18.832898325173662,Occidente,Bosque Templado,0.9289835
-92.36179497414906,18.595714433025847,Sureste,Selva Húmeda,0.9937834
-89.45384839544906,20.330590151739013,Sureste,Bosque Templado,0.004047059
-104.95991377909122,20.139868227172176,Occidente,Matorral Seco,0.8359435
-99.22895018390204,18.71023477042058,Sur,Pastizal,0.5828629
-106.37724175038063,31.160633037921002,Noreste,Manglar,0.9612835
-109.92985875943066,30.10090276166665,Noroeste,Manglar,0.88700354
-106.85371867518556,24.060699852404753,Noroeste,Bosque Templado,0.17751177
-103.57408850875888,27.813215367249146,Noreste,Selva Húmeda,0.9738345
-101.71344803751168,28.752018559115026,Noreste,Matorral Seco,0.76484233
-98.81304550901108,21.132485823443808,Centro,Manglar,0.3211941
-100.01421362057766,19.35622336224733,Centro,Pastizal,0.21466471
-112.09949573975132,26.36835328291325,Noroeste,Matorral Seco,0.9761733
-97.98220843251208,25.199256226253972,Noreste,Pastizal,0.3113588
-102.85684799025712,28.822630109062175,Noreste,Pastizal,0.9666088
-116.26857103909771,31.69284445056186,Noroeste,Pastizal,0.8910353
-113.1232763611309,31.323107816608946,Noroeste,Manglar,0.94661117
-100.83502708480835,19.869624243805458,Occidente,Bosque Templado,0.23218235
-94.3875174778721,17.323530378742177,Sureste,Pastizal,0.70730823
-92.25141381197814,15.445103866870099,Sureste,Matorral Seco,0.24482942
-92.06411840814721,15.843558841855636,Sureste,Selva Húmeda,0.17580588
-98.9381632759351,19.646585472730347,Centro,Selva Húmeda,0.13619412
-105.30938739467251,30.711478285045562,Noreste,Pastizal,0.79078174
-99.00240863544998,25.708446028037898,Sur,Manglar,0.43644705
-102.05860767879432,20.965506582937742,Occidente,Matorral Seco,0.39074117
-114.37362240241517,29.262897031797213,Noroeste,Bosque Templado,0.9904449
-91.49185597373037,18.236440701559967,Sureste,Manglar,0.4167353
-114.19429993092915,29.408667055642685,Noroeste,Bosque Templado,0.99250495
-100.46076706437138,20.46147419850157,Centro,Manglar,0.32544118
-93.27843868324635,16.512025394448376,Sureste,Pastizal,0.38151765
-105.59397385009859,29.449358610824145,Noreste,Bosque Templado,0.9346447
-92.67112200240702,17.783725040096183,Sureste,Manglar,0.3803
-104.36315344524783,21.573324598533794,Occidente,Selva Húmeda,0.6498435
-104.50283143319133,26.96440092722302,Noreste,Pastizal,0.87279767
-113.27690260576414,28.629562006736545,Noroeste,Matorral Seco,0.9499959
-98.1530820183497,16.763032608755083,Noreste,Pastizal,0.58919823
-99.91833082666217,18.325064024625657,Sur,Bosque Templado,0.5313359
-99.52316458447127,19.630359295974547,Centro,Manglar,0.8643359
-115.63462159488185,31.603046607032997,Noroeste,Pastizal,0.96052116
-114.63954979110157,32.04724143064866,Noroeste,Matorral Seco,0.9884602
-114.25617015119498,27.621480558275024,Noroeste,Matorral Seco,0.9958562
-114.78830412911466,29.723543191201045,Noroeste,Selva Húmeda,0.90385354
-100.38874973257948,24.23217876260935,Sur,Manglar,0.9950784
-100.71577327221493,18.25578359284428,Sur,Manglar,0.2679706
-103.75234562654555,19.20836180816329,Occidente,Bosque Templado,0.17855883
-116.33189822598376,31.497896136204037,Noroeste,Matorral Seco,0.97767514
-101.2218263792043,18.14035858012623,Sur,Bosque Templado,0.5906776
-113.01944131442825,26.840559121357636,Noroeste,Manglar,0.98118246
-103.50506158663947,22.168593237817916,Centro,Matorral Seco,0.46619824
-99.07800459934269,26.367843469430646,Noreste,Manglar,0.39538234
-109.67049125301519,27.269464199384128,Noroeste,Matorral Seco,0.71358585
-116.31032037142353,31.49798144597241,Noroeste,Manglar,0.91885823
-106.2354694045316,28.51620469910753,Noreste,Selva Húmeda,0.58660644
-105.41549736075609,28.19981202963955,Noreste,Pastizal,0.17628823
-104.86703429913017,30.29925335244869,Noreste,Selva Húmeda,0.96600825
-110.87064506269444,30.749415437257603,Noroeste,Matorral Seco,0.86030823
-108.5694327341251,30.965765040830714,Noreste,Manglar,0.9234606
-90.10228328631933,20.391973205795303,Sureste,Bosque Templado,0.6696771
-97.88875636676025,22.918375023783337,Noreste,Manglar,0.31775293
-99.17129185857772,23.83940738981465,Noreste,Matorral Seco,0.5419147
-107.52756025342534,28.07480020515525,Noreste,Selva Húmeda,0.94554174
-91.27708048891185,17.391173755050815,Sureste,Bosque Templado,0.3756647
-110.83699237711092,28.821068547477438,Noroeste,Selva Húmeda,0.8608647
-106.1578919886858,27.72368046103902,Noreste,Bosque Templado,0.32344118
-105.18321635612409,20.99933053840987,Occidente,Selva Húmeda,0.6814082
-112.88055151472051,27.691116697932653,Noroeste,Bosque Templado,0.99950826
-108.178188904425,26.218583133619614,Noroeste,Selva Húmeda,0.9348282
-100.79763631016874,21.88091341576484,Centro,Matorral Seco,0.6081076
-99.3070821059262,22.007111504804783,Centro,Selva Húmeda,0.18460588
-95.63490760875571,18.613484183222663,Sureste,Pastizal,0.4076059
-101.42443576306003,25.93154679674957,Noreste,Pastizal,0.9413112
-102.11535289405572,29.606028548663446,Noreste,Bosque Templado,0.90078473
-104.44658059478962,27.68001641799089,Noreste,Selva Húmeda,0.6141659
-92.4350671628709,15.568639033182302,Sureste,Matorral Seco,0.8260088
-98.80870856065862,22.075322571426486,Centro,Selva Húmeda,0.011241176
-97.60264203801773,17.97229344609291,Noreste,Manglar,0.6789847
-101.14759935756335,20.9966535697393,Centro,Matorral Seco,0.8252612
-99.58674673148803,23.549299185882173,Noreste,Selva Húmeda,0.81809473
-109.31023241727648,26.957448978488255,Noroeste,Manglar,0.98272455
-99.96115035056728,27.749865967293687,Noreste,Selva Húmeda,0.96687883
-93.42145318982095,16.731388743273854,Sureste,Bosque Templado,0.37587646
-104.55491617291551,21.255166752414144,Occidente,Bosque Templado,0.9483253
-102.06629526096236,25.63148382432882,Noreste,Bosque Templado,0.88475883
-98.4370237147854,19.41592521861647,Centro,Selva Húmeda,0.3002294
-105.24904895524949,29.355121654034093,Noreste,Bosque Templado,0.87849647
-109.7303361655398,29.11827916432502,Noroeste,Manglar,0.87620115
-91.68796013301225,16.48749681887951,Sureste,Manglar,0.31758824
-99.32343187642017,23.000108196332437,Noreste,Matorral Seco,0.92615944
-109.66877179855862,27.653970805851962,Noroeste,Bosque Templado,0.95986
-103.98590578802535,22.906154476299598,Centro,Matorral Seco,0.70143706
-104.4319567721768,21.86386051449558,Occidente,Matorral Seco,0.9408735
-109.95162174047094,31.16017171571373,Noroeste,Manglar,0.69559
-91.23010312107563,17.854148123326574,Sureste,Pastizal,0.40544707
-103.24357834902197,23.947083615441205,Centro,Pastizal,0.46811175
-104.19187526133952,20.258896224567884,Occidente,Selva Húmeda,0.25742352
-113.56538698834717,28.651021226932034,Noroeste,Manglar,0.9938509
-98.55781452125606,25.75115035875143,Noreste,Matorral Seco,0.38934118
-89.98310969079071,19.339864808473276,Sureste,Matorral Seco,0.39304116
-104.94032917091282,20.329121902947964,Occidente,Matorral Seco,0.9282853
-98.97387882863843,20.43100520178803,Centro,Manglar,0.30451766
-113.84029175684597,27.25826876204609,Noroeste,Manglar,0.99383235
-107.53494973684299,28.78258369431242,Noreste,Bosque Templado,0.94918
-110.15746929429814,28.04529360699811,Noroeste,Manglar,0.8300147
-112.41697567244378,31.428441375859624,Noroeste,Matorral Seco,0.99048257
-97.2357514415737,19.311537540522103,Centro,Pastizal,0.49698648
-97.5556412507311,19.504858934301733,Centro,Manglar,0.17688824
-98.73884405307233,17.92167663938131,Sur,Manglar,0.57564765
-94.5507715273607,16.987074174095,Noreste,Selva Húmeda,0.9745836
-105.52143461625792,22.001407997133075,Occidente,Manglar,0.98494226
-104.12578524033262,28.591421828960875,Noreste,Bosque Templado,0.9173635
-97.88579987971573,18.53587267637286,Centro,Selva Húmeda,0.22432353
-101.71239995378097,22.71893668787306,Centro,Pastizal,0.7592053
-92.89617098273656,17.868658469199655,Sureste,Matorral Seco,0.41121176
-104.50831484558796,19.751824775469053,Occidente,Pastizal,0.9171376
-97.77012623499826,24.367172095039713,Noreste,Matorral Seco,0.64020413
-107.29661705168408,24.477910356049673,Noroeste,Selva Húmeda,0.1764706
-107.60028093232097,30.73942243299341,Noreste,Manglar,0.84895706
-100.69994943539969,23.57827398016503,Centro,Selva Húmeda,0.97629553
-92.84841938969112,16.87818664860756,Sureste,Pastizal,0.34465882
-99.07921076397749,18.400207217648493,Sur,Pastizal,0.68588823
-93.22305525874488,16.91777448984313,Sureste,Matorral Seco,0.85512
-109.71765062332246,27.125186738145363,Noroeste,Matorral Seco,0.17861764
-105.40830547786642,27.438298390059018,Noreste,Pastizal,0.9018223
-101.3048573682984,26.563541969922362,Noreste,Pastizal,0.95051116
-101.39901389385844,29.085707022605597,Noreste,Manglar,0.94449
-91.33967769716202,16.752173350396962,Sureste,Bosque Templado,0.96433944
-105.5595841236647,30.700123365706272,Noreste,Matorral Seco,0.95922
-88.3145652379622,21.534725862947674,Sureste,Pastizal,0.9366612
-101.0737219979938,21.145300236454766,Centro,Pastizal,0.31297058
-105.35264954753221,22.331074159161226,Occidente,Bosque Templado,0.1767
-104.02210345397454,20.422642608371106,Occidente,Pastizal,0.83417
-98.68104411611071,19.01918951972993,Sur,Matorral Seco,0.8392759
-100.21027268985098,22.425579694296395,Centro,Selva Húmeda,0.5897059
-108.68218715374158,30.760815068999957,Noreste,Pastizal,0.50274765
-98.61325463872986,24.637399486079396,Noreste,Manglar,0.81221
-99.75875146195136,17.001139164338497,Sur,Matorral Seco,0.4387706
-109.46107681893238,28.71113686990555,Noroeste,Bosque Templado,0.99685967
-99.2428291994054,25.10520711821105,Sur,Manglar,0.8331006
-100.13089793938494,17.723190871845993,Sur,Manglar,0.7349065
-104.07239241738814,27.228157614371867,Noreste,Bosque Templado,0.9781933
-89.0825502416994,18.742499526000667,Sureste,Matorral Seco,0.60527354
-113.84533990903017,28.737047802473604,Noroeste,Selva Húmeda,0.9970853
-99.03424056291769,21.26392926509206,Centro,Manglar,0.3407412
-101.06590061879552,18.822934840849197,Occidente,Selva Húmeda,0.34788236
-99.50742710631816,22.023245711953567,Centro,Bosque Templado,0.7957282
-111.97371501145852,24.876510958042356,Noroeste,Manglar,0.7630688
-110.02127586392476,23.49075872379271,Noroeste,Matorral Seco,0.82148296
-104.10788626043613,29.326136501585378,Noreste,Bosque Templado,0.96729
-103.83541238578468,28.741223230505796,Noreste,Bosque Templado,0.9526694
-108.22904945416069,27.226048509715426,Noreste,Bosque Templado,0.96867824
-104.31768382316731,29.072428045447957,Noreste,Matorral Seco,0.7462741
-103.37770476375775,25.550670480716747,Noreste,Bosque Templado,9.411765e-05
-87.69824587680218,18.83904421835643,Sureste,Manglar,0.8257159
-104.3345695585661,29.04002865998277,Noreste,Manglar,0.7096506
-106.31806574293984,31.410592418900368,Noreste,Pastizal,0.92277056
-103.61517561043992,21.889144874081346,Occidente,Manglar,0.6517335
-116.88287452760784,32.2723903562338,Noroeste,Pastizal,0.9031741
-99.55339030445221,17.107392008489832,Sur,Selva Húmeda,0.70614356
-95.85004938128327,16.868952475765298,Noreste,Pastizal,0.42804706
-101.32039063833498,25.59202296182075,Noreste,Matorral Seco,0.7617712
-111.88338174938335,29.45919092598045,Noroeste,Selva Húmeda,0.9113888
-102.82111719395864,19.865540636244848,Occidente,Pastizal,0.47515234
-98.48920464188404,23.918925017684092,Noreste,Manglar,0.9999361
-102.33602949160505,23.50945571285293,Centro,Selva Húmeda,0.66978765
-107.39984736880716,26.738605895743735,Noreste,Selva Húmeda,0.46316117
-101.59187347707433,18.985997257480097,Occidente,Selva Húmeda,0.40902942
-96.90931766423043,19.415618784398493,Sureste,Bosque Templado,0.3427353
-88.47452823035738,20.242009580569146,Sureste,Pastizal,0.6654788
-94.88822547716705,17.075956485611513,Noreste,Bosque Templado,0.9410888
-92.78351174223292,18.05276379625597,Sureste,Selva Húmeda,0.41328824
-98.08789576464791,19.95201521812847,Centro,Manglar,0.29264706
-100.6690208738245,20.26985947074483,Centro,Matorral Seco,0.6639688
-102.64777556362327,19.20618139787561,Occidente,Selva Húmeda,0.17648235
-99.67355753427931,16.815080415994064,Sur,Bosque Templado,0.027
-103.99683517573193,28.08901818963247,Noreste,Bosque Templado,0.48679766
-100.33663695702505,21.399456199188055,Centro,Pastizal,0.7642547
-98.1002364368822,21.92448027324782,Sureste,Matorral Seco,0.3050647
-113.91628391835009,27.308982143316793,Noroeste,Manglar,0.99485433
-100.04348944144199,24.840575863498255,Sur,Matorral Seco,0.80150175
-90.26599068713705,19.958881950172618,Sureste,Manglar,0.6329147
-103.75925476473385,22.627540442666085,Centro,Selva Húmeda,0.9364424
-108.70534808637491,27.008032174571934,Noroeste,Selva Húmeda,0.9177365
-101.0537083808215,25.52499159419512,Noreste,Manglar,0.94336706
-102.48817006265011,21.480960378384978,Occidente,Manglar,0.23742941
-87.96463292535269,21.25806072758032,Sureste,Manglar,0.6185053
-110.65201993689328,30.327290239731376,Noroeste,Manglar,0.86882234
-99.92386133335471,20.330338711165957,Centro,Pastizal,0.35675883
-89.94305647099064,20.280624232719678,Sureste,Pastizal,0.65889883
-91.65885259244196,17.71364829372354,Sureste,Manglar,0.41614705
-107.08784008863137,29.436798935013606,Noreste,Manglar,0.30908236
-113.50008525130075,27.052722715506448,Noroeste,Bosque Templado,0.9738213
-91.89315068292129,16.081173805467277,Sureste,Selva Húmeda,0.5695247
-92.76876551590706,15.689801304341968,Sureste,Manglar,0.95533
-98.03316716563072,20.598911593474405,Centro,Manglar,0.38749412
-103.62759699066979,22.947714378218468,Centro,Bosque Templado,0.96972764
-102.24192882649905,22.542413329737787,Centro,Selva Húmeda,0.33771175
-107.04732120305277,31.1673529237275,Noreste,Selva Húmeda,0.94305587
-102.29646492347437,25.203914437718957,Noreste,Manglar,0.98156756
-90.11849656788002,18.61842548828975,Sureste,Selva Húmeda,0.13297647
-88.41842645877519,21.131017494107343,Sureste,Manglar,0.34548822
-111.97682915135576,29.83416911742121,Noroeste,Matorral Seco,0.96582705
-102.40473469156976,18.987571678347315,Occidente,Bosque Templado,0.17280588
-101.0785664139558,19.737440659761493,Occidente,Pastizal,0.12392941
-108.4471577196574,26.35668335158289,Noroeste,Pastizal,0.3246353
-112.52042811108915,28.883712523653685,Noroeste,Manglar,0.9896245
-100.90648070850074,24.34498054403806,Centro,Pastizal,0.98009753
-108.4932467724921,26.42470370667304,Noroeste,Manglar,0.99001026
-100.548771898628,23.551089156029477,Centro,Selva Húmeda,0.29491177
-107.2763035193634,28.716448028473152,Noreste,Manglar,0.82975
-103.81281570980087,20.138346770011236,Occidente,Matorral Seco,0.6044153
-111.85040780095109,25.032988918013352,Noroeste,Selva Húmeda,0.92140293
-103.34431039553525,22.14837344180532,Occidente,Manglar,0.49078766
-87.53872753107805,21.332658730374682,Sureste,Bosque Templado,0.87498355
-100.24873988770287,17.680921863608802,Sur,Manglar,0.5772653
-109.5379192277109,31.3024511183879,Noroeste,Manglar,0.008017647
-107.12343022337197,25.950028920829293,Noreste,Matorral Seco,0.94936883
-111.46651918970066,30.730825703504436,Noroeste,Matorral Seco,0.9930078
-89.09280304473913,18.138173537319506,Sureste,Manglar,0.6913235
-91.77599148259428,18.35656071155709,Sureste,Matorral Seco,0.7950718
-106.78303521620903,23.84788370506286,Noroeste,Selva Húmeda,0.22573529
-92.8084779485206,15.359733766148855,Sureste,Selva Húmeda,0.18168235
-113.03202302717285,31.398137352317804,Noroeste,Bosque Templado,0.99505705
-95.65473414835768,16.962406471866984,Noreste,Manglar,0.7714959
-104.94362759145308,27.043361237868464,Noreste,Selva Húmeda,0.49002883
-101.55305252338897,23.163820740792946,Centro,Matorral Seco,0.88748175
-106.23755331627629,23.126440489979338,Noroeste,Matorral Seco,0.19938824
-96.5469426101225,17.706504752161745,Noreste,Manglar,0.9354947
-110.08770974743587,27.43783786743299,Noroeste,Pastizal,0.18819411
-103.94409968086448,23.445698562465,Centro,Pastizal,0.46235704
-96.66784219915073,16.125473117675465,Noreste,Matorral Seco,0.38142353
-105.49162987985183,27.925852542721202,Noreste,Pastizal,0.35759413
-100.87605767791884,19.74326239025131,Occidente,Pastizal,0.6385494
-101.77324103370977,29.38606407514426,Noreste,Pastizal,0.85667294
-110.56361735522643,23.705629405009876,Noroeste,Matorral Seco,0.96659297
-91.00939478674985,18.713338163594916,Sureste,Selva Húmeda,0.34244117
-103.92617423399294,19.97914337265246,Occidente,Bosque Templado,0.89894116
-115.4803161682305,32.294228158859106,Noroeste,Bosque Templado,0.9999737
-105.05486936507823,29.6126510692444,Noreste,Selva Húmeda,0.9174488
-102.5055620848999,20.741256107220117,Occidente,Manglar,0.34445295
-109.89647682032744,27.363869783174096,Noroeste,Selva Húmeda,0.01692353
-105.67629370424112,22.965296481685904,Noroeste,Manglar,0.9391712
-103.12126835817732,20.976056989836966,Occidente,Pastizal,0.29518825
-99.78518999816902,17.328869092272704,Sur,Pastizal,0.9983686
-100.41779513276539,18.492888945608197,Sur,Manglar,0.5942147
-101.20626986355927,29.00809454803002,Noreste,Pastizal,0.94827944
-98.80560963239921,19.377766256611523,Centro,Selva Húmeda,0.26221764
-92.43190406769415,17.229978553149053,Sureste,Matorral Seco,0.33018234
-110.87259279058829,24.814293217237605,Noroeste,Manglar,0.99424976
-106.12699510295475,27.56692411819973,Noreste,Selva Húmeda,0.41781175
-99.81714193899296,18.03342046035382,Sur,Matorral Seco,0.5819365
-112.1911980218479,26.49719167920227,Noroeste,Selva Húmeda,0.9925423
-96.43824237613573,16.506178066666557,Noreste,Matorral Seco,0.7417965
-100.41655913170366,23.805490157833614,Sur,Pastizal,0.7488659
-101.067320331727,23.214539878060748,Centro,Pastizal,0.68685764
-103.71134648904817,19.354718181856757,Occidente,Matorral Seco,0.35640588
-104.45572946714469,19.894320851351907,Occidente,Matorral Seco,0.5435865
-103.13511569713685,25.022869484053125,Noreste,Matorral Seco,0.76402473
-106.25289117644026,28.91489588633532,Noreste,Bosque Templado,0.39617646
-88.61081791265104,18.438005319547795,Sureste,Bosque Templado,0.7219894
-111.75775466094697,29.119171600750768,Noroeste,Manglar,0.57226056
-96.20257671655534,16.62608511298685,Noreste,Matorral Seco,0.7342753
-111.66560173969049,25.65106374219024,Noroeste,Selva Húmeda,0.9646624
-109.85846516487315,28.049945597524065,Noroeste,Pastizal,0.70700943
-103.27134905842289,23.256170441289687,Centro,Manglar,0.42937058
-101.26790374886812,23.939577212489535,Centro,Matorral Seco,0.9271476
-101.52131041592968,20.16036753406977,Occidente,Manglar,0.42611766
-99.55274714599742,20.677334445271743,Centro,Pastizal,0.36975294
-99.60099797718179,17.453230153212825,Sur,Bosque Templado,0.60988057
-95.53096837366633,16.335083291707292,Noreste,Manglar,0.43134117
-113.99758810701775,28.279091540320884,Noroeste,Selva Húmeda,0.96066236
-110.433264606054,30.5012955956079,Noroeste,Matorral Seco,0.76963234
-100.85740067965271,20.42874843481506,Centro,Manglar,0.60128057
-108.05527098976157,30.21284151691525,Noreste,Pastizal,0.6908388
-104.74950371283387,20.77715300003025,Occidente,Matorral Seco,0.8054259
-112.28572145779513,30.62658290095336,Noroeste,Pastizal,0.18585883
-104.19501809275178,21.030827644664924,Occidente,Pastizal,0.64385766
-107.79233936747207,25.420433401214407,Noroeste,Matorral Seco,0.32618237
-89.09130612254457,19.02408847523179,Sureste,Bosque Templado,0.9134029
-98.59024097549087,17.96025541733175,Sur,Selva Húmeda,0.7669906
-100.03342294491823,22.67606329440585,Centro,Bosque Templado,0.52133703
-91.59935838030223,16.798992977891903,Sureste,Manglar,0.90565413
-106.41673945346506,24.093503249000758,Noroeste,Selva Húmeda,0.99694043
-97.78622646804803,23.52543065338629,Noreste,Bosque Templado,0.21163529
-103.66536382538618,27.560456075328183,Noreste,Bosque Templado,0.9687082
-97.64747212734429,25.396808245033306,Noreste,Pastizal,0.9389888
-91.12740093733727,18.088180418655238,Sureste,Bosque Templado,0.62006414
-100.18124426045513,25.608320391729254,Sur,Manglar,0.00071176473
-105.11357761007389,28.314969806515645,Noreste,Matorral Seco,0.57555646
-104.14439549772153,28.132065205433392,Noreste,Pastizal,0.9040535
-91.14791491128864,16.25307497893926,Sureste,Pastizal,0.9790165
-91.30708497562769,18.54239694825846,Sureste,Bosque Templado,0.64754
-111.52133180058976,25.91690272550854,Noroeste,Manglar,0.996125
-103.59955269543616,21.174085912883697,Occidente,Selva Húmeda,0.6733206
-88.46735424140554,19.748162355512804,Sureste,Matorral Seco,0.9868884
-110.72138383602106,24.134655457531174,Noroeste,Bosque Templado,0.99514073
-93.83673955791184,16.980613858933904,Sureste,Manglar,0.84793884
-105.7682869652432,23.297206079198975,Noroeste,Manglar,0.8543712
-108.23977419647417,30.81348259975624,Noreste,Matorral Seco,0.9622106
-101.17463745829563,28.056391961783245,Noreste,Bosque Templado,0.80374235
-105.00167399857793,21.877059618164594,Occidente,Selva Húmeda,0.9197182
-106.75224529969005,24.0931640740276,Noroeste,Manglar,0.62937295
-103.72562808275546,19.916176530986903,Occidente,Bosque Templado,0.6133241
-105.74418128541932,28.489609932497057,Noreste,Selva Húmeda,0.82488
-88.5685200014843,18.411155483073923,Sureste,Selva Húmeda,0.3328412
-99.71542982168845,24.37748719129828,Sur,Manglar,0.83622825
-108.64855838329147,28.78889150200848,Noroeste,Bosque Templado,0.98267466
-115.66450936510152,30.891611303581637,Noroeste,Selva Húmeda,0.99468404
-107.84937737213797,25.010210838985937,Noroeste,Matorral Seco,0.99630624
-95.87184909266249,16.48333309132657,Noreste,Bosque Templado,0.8925553
-105.65340599714416,27.957765294855488,Noreste,Pastizal,0.7862529
-92.53716607462925,18.44074555680852,Sureste,Bosque Templado,0.94732
-98.42265748563754,25.119000764841214,Noreste,Matorral Seco,0.9216559
-90.35570128400474,20.066330219221523,Sureste,Bosque Templado,0.9366294
-102.11724897742576,18.33244647638287,Occidente,Selva Húmeda,0.44451237
-103.13704236724166,25.9430089312329,Noreste,Manglar,0.17648235
-107.27150689246533,29.526815477273505,Noreste,Pastizal,0.96468294
-108.94272988535494,30.42004349685628,Noroeste,Selva Húmeda,0.88204235
-113.22582850804945,28.289539595168378,Noroeste,Selva Húmeda,0.9897744
-106.52676292668409,24.254100242142634,Noroeste,Selva Húmeda,0.9280735
-105.63317426177332,30.404017962113667,Noreste,Bosque Templado,0.8879041
-112.16516763188756,30.49889602358012,Noroeste,Selva Húmeda,0.96586293
-99.38366190460312,22.094254728064357,Centro,Manglar,0.85355884
-96.40830701027438,16.699008053057288,Noreste,Manglar,0.69183177
-90.25423158224393,18.551579460221625,Sureste,Selva Húmeda,0.43871176
-92.01267032044287,17.943257787503082,Sureste,Pastizal,0.93251705
-103.34470802635313,28.970404510099762,Noreste,Manglar,0.9901041
-101.65989412620635,22.829336228833437,Centro,Selva Húmeda,0.5365547
-107.26916662027365,27.330386636431218,Noreste,Bosque Templado,0.987085
-109.61994811473733,30.78849133657108,Noroeste,Matorral Seco,0.87919766
-111.08774054930205,29.004470179831863,Noroeste,Manglar,0.17648235
-108.5163493061164,28.592888796978453,Noreste,Bosque Templado,0.9886123
-90.25982484565668,17.979021754834736,Sureste,Manglar,0.9219688
-97.93851585618839,22.06029358319689,Sureste,Bosque Templado,0.30081177
-103.27285795276987,24.263560319477293,Centro,Pastizal,0.33204117
-89.42172815905022,18.69617585163359,Sureste,Manglar,0.63534117
-105.2745971023642,20.81569432680584,Occidente,Bosque Templado,0.71305764
-108.0413608995269,27.80007342402629,Noreste,Selva Húmeda,0.9231012
-100.60636470237091,23.110391758718848,Centro,Manglar,0.9140659
-103.73392978118257,20.010097441487513,Occidente,Selva Húmeda,0.88428414
-105.73397772720935,29.142013099028805,Noreste,Selva Húmeda,0.9284977
-103.62214810732628,23.60673804393428,Centro,Manglar,0.5574982
-107.39078110979395,24.507147758941265,Noroeste,Pastizal,0.17777058
-101.10790913011576,23.085141944642466,Centro,Selva Húmeda,0.7699647
-101.50551370538074,24.413738299529253,Centro,Selva Húmeda,0.99140215
-97.98872140487187,20.493581803971225,Centro,Matorral Seco,0.13004118
-97.3754054832035,20.207492914032258,Centro,Matorral Seco,0.35381177
-99.52508529095432,21.540189586847465,Centro,Pastizal,0.7718594
-101.26091483205252,19.0660774003516,Occidente,Matorral Seco,0.65658355
-106.23788941749758,29.811051431579344,Noreste,Manglar,0.5609253
-107.40564572293167,26.794592722711833,Noreste,Manglar,0.9334647
-96.47890674879305,19.443258965791706,Sureste,Pastizal,0.1765706
-104.50407022228951,26.623456409100672,Noreste,Selva Húmeda,0.8970953
-104.31696084518181,20.595731582277136,Occidente,Pastizal,0.71310705
-107.75499414796423,29.98696421819311,Noreste,Manglar,0.836117
-107.85824705603054,29.79736950339365,Noreste,Matorral Seco,0.91769236
-100.11654767144442,26.13372060776648,Sur,Pastizal,0.55062234
-114.88399868651838,32.26348533688585,Noroeste,Matorral Seco,0.9686653
-105.9220691655657,29.90475550111832,Noreste,Selva Húmeda,0.95433116
-110.28098218222385,30.212655290003504,Noroeste,Pastizal,0.89029354
-100.73275125545014,19.850040166493894,Occidente,Selva Húmeda,0.79671293
-98.90785820335577,21.718146298227083,Centro,Selva Húmeda,0.36257058
-89.9939788493296,18.26412589398417,Sureste,Matorral Seco,0.99348474
-99.24222518311564,23.37363689629078,Noreste,Pastizal,0.99954283
-105.21546082492507,28.601594250980565,Noreste,Pastizal,0.8436959
-116.66355178161649,31.964489550791956,Noroeste,Selva Húmeda,0.76767236
-102.48022835966766,18.779197176858776,Occidente,Bosque Templado,0.49184528
-87.86545824669335,19.656055492774446,Sureste,Bosque Templado,0.9378106
-100.99140825902725,18.165860028871045,Sur,Matorral Seco,0.5841441
-100.71734396741364,24.563134312841363,Sur,Selva Húmeda,0.9763971
-99.31163389042074,18.134439453176473,Sur,Bosque Templado,0.7209082
-89.6967068446436,20.24001316814206,Sureste,Pastizal,0.6771441
-106.68768649271652,30.849895603583327,Noreste,Pastizal,0.86191297
-89.76810271420308,18.885894986560867,Sureste,Bosque Templado,0.91763
-105.68184120249549,23.108755026197898,Noroeste,Pastizal,0.9418882
-100.33450282741185,25.638154995289735,Sur,Matorral Seco,0.00041764707
-110.688057702474,29.04357086457692,Noroeste,Matorral Seco,0.82538354
-112.36020677448587,31.373417266260784,Noroeste,Pastizal,0.9730974
-109.46942429609761,29.94454214842422,Noroeste,Matorral Seco,0.88269234
-100.90016976027887,23.91067269131227,Centro,Selva Húmeda,0.9497959
-100.85028610767179,19.015048476115187,Occidente,Selva Húmeda,0.9806835
-103.81657680276014,29.12172045160425,Noreste,Pastizal,0.96950644
-104.8452915079188,29.15405867697581,Noreste,Pastizal,0.8853688
-99.92030412298432,23.51587050661327,Noreste,Selva Húmeda,0.9425476
-112.52879817983592,26.734026985852605,Noroeste,Selva Húmeda,0.9973094
-87.74130313208575,19.360121088157186,Sureste,Matorral Seco,0.90579885
-111.98155181829016,26.90267693096903,Noroeste,Matorral Seco,0.9995639
-96.84122716587835,18.386538153629495,Centro,Bosque Templado,0.9854457
-97.73071332368312,17.604892245154094,Noreste,Pastizal,0.5979706
-114.76984768368393,30.415107745466237,Noroeste,Bosque Templado,0.985382
-98.97558907397197,23.874607791379756,Noreste,Bosque Templado,0.34477058
-102.20528454695464,19.3282888747689,Occidente,Bosque Templado,0.86510766
-97.46220190276476,25.62594966964724,Noreste,Selva Húmeda,0.97573113
-98.07519568665295,18.077240745122815,Centro,Pastizal,0.2762294
-107.33883994478482,26.57566400429829,Noreste,Selva Húmeda,0.9878356
-87.11249220846702,21.408993834571618,Sureste,Pastizal,0.9970704
-101.96207851863312,20.391300231330366,Occidente,Manglar,0.2645294
-96.20620748201627,17.3412047973633,Noreste,Pastizal,0.65227354
-108.03742350428263,31.057069345933172,Noreste,Pastizal,0.17374706
-95.57710001173852,18.470324681675436,Sureste,Selva Húmeda,0.38201764
-111.32690934015007,29.4709754240337,Noroeste,Manglar,0.9468394
-98.33740324002326,23.638484830308883,Noreste,Manglar,0.95635587
-94.38664963655167,17.36764023271825,Sureste,Bosque Templado,0.9872044
-98.08454808534624,19.18895818591059,Centro,Bosque Templado,0.26530588
-111.78304339371986,30.455412889150143,Noroeste,Bosque Templado,0.5721459
-98.96631213113793,20.27654478186317,Centro,Pastizal,0.0054588234
-101.81493519808822,28.82528688362324,Noreste,Pastizal,0.8991747
-103.66360914566198,22.527960510595623,Occidente,Bosque Templado,0.57386297
-107.75914677978902,30.201365464621528,Noreste,Manglar,0.5105318
-103.4439585215747,22.210919072121577,Centro,Manglar,0.3902294
-98.9384684986502,19.792968149094055,Centro,Pastizal,0.30178824
-91.15124462949439,17.8206264745049,Sureste,Pastizal,0.40735883
-106.85871195977614,28.307228574179607,Noreste,Matorral Seco,0.179
-103.22024578928391,21.33153788245882,Centro,Manglar,0.6498035
-102.28240408052822,22.603495120477117,Centro,Selva Húmeda,0.33491763
-95.24688347975584,17.53712716474339,Noreste,Matorral Seco,0.24565294
-109.7760847126758,28.57152138687613,Noroeste,Matorral Seco,0.9433706
-102.39100461914327,23.98983354095108,Centro,Pastizal,0.43922353
-99.89940686038166,27.544938904086973,Noreste,Pastizal,0.9587023
-89.01485983203034,18.11456534590033,Sureste,Bosque Templado,0.9008165
-103.61946759801549,23.01765483832805,Centro,Manglar,0.8894006
-108.26243381556564,26.919228210070166,Noroeste,Matorral Seco,0.8147647
-94.70745699540893,18.051394260141556,Sureste,Pastizal,0.42199412
-90.31831364471407,19.665062045925254,Sureste,Manglar,0.69147235
-97.65944413619609,16.982397243141786,Noreste,Pastizal,0.2909
-101.5040416758161,20.052776781834364,Occidente,Matorral Seco,0.46255353
-97.84009475933802,19.08478304001622,Centro,Selva Húmeda,0.3341647
-98.74238287978625,19.690592240215004,Centro,Matorral Seco,0.31261766
-106.16761503321688,30.466187293194682,Noreste,Matorral Seco,0.5293577
-106.92269868323453,30.72853869764075,Noreste,Bosque Templado,0.14139412
-114.91501167794797,30.67004810110671,Noroeste,Manglar,0.99790215
-101.09304399549522,27.179589257157343,Noreste,Matorral Seco,0.96327883
-100.27586188460255,26.814146554486733,Sur,Manglar,0.76025707
-106.39964571974436,30.173161574265986,Noreste,Pastizal,0.89880353
-100.38017165687211,21.42929647566765,Centro,Selva Húmeda,0.6101806
-101.65559853985658,26.075150736375242,Noreste,Selva Húmeda,0.997114
-98.46694374994769,18.066689352015942,Centro,Pastizal,0.6517394
-110.99307183358108,29.34708448412846,Noroeste,Pastizal,0.81470704
-89.06175609426525,20.83177848712647,Sureste,Bosque Templado,0.65535
-114.06398164319518,29.084642356409734,Noroeste,Pastizal,0.97859097
-101.5721028835713,22.717247526024835,Centro,Selva Húmeda,0.9802435
-107.071677185126,25.734096069352166,Noroeste,Pastizal,0.988953
-104.92937006932739,30.314205250131444,Noreste,Bosque Templado,0.7717694
-111.98185216325228,30.19854724961325,Noroeste,Matorral Seco,0.9543971
-103.35892325131894,21.179312142219302,Centro,Selva Húmeda,0.4098
-98.97001496342428,17.296845250630632,Sur,Selva Húmeda,0.7219153
-114.54886381090246,27.680349426978523,Noroeste,Matorral Seco,0.9952197
-88.00195732942053,19.774940029205545,Sureste,Selva Húmeda,0.9728458
-101.36106708311485,23.781811097698927,Centro,Selva Húmeda,0.97436476
-87.88606065954814,20.08173934921283,Sureste,Matorral Seco,0.8531541
-102.833747368391,22.36522460255955,Centro,Pastizal,0.38798234
-109.20633106981826,30.150081506351484,Noroeste,Bosque Templado,0.8169718
-92.06765971815022,17.814527192566143,Sureste,Selva Húmeda,0.6235012
-107.37383813047362,25.004419744914387,Noroeste,Manglar,0.31028822
-99.05985872416501,21.690972555964283,Centro,Bosque Templado,0.7356582
-101.45820807275533,20.39490259224815,Centro,Selva Húmeda,0.40843529
-97.72186655498334,18.54586351540091,Centro,Bosque Templado,0.36575294
-102.59481129426572,23.39160599391454,Centro,Manglar,0.37312353
-109.17514757285514,29.225551314757702,Noroeste,Selva Húmeda,0.95160294
-92.58890211071511,16.158662292561534,Sureste,Bosque Templado,0.4276059
-112.15867475379487,30.924591814549757,Noroeste,Pastizal,0.9967247
-109.4484849992835,30.68701133672568,Noroeste,Manglar,0.88142765
-113.76767191813444,29.331808593672307,Noroeste,Selva Húmeda,0.971572
-100.3286739026041,22.039291775306534,Centro,Matorral Seco,0.46653354
-97.35386385342117,18.942139774061538,Centro,Pastizal,0.3255
-110.0926143365896,29.034906875943115,Noroeste,Selva Húmeda,0.8226047
-104.64568745260786,20.610235752002186,Occidente,Pastizal,0.9354047
-88.91990492522156,18.898882186454298,Sureste,Selva Húmeda,0.7107135
-101.67623643950594,25.936542710396033,Noreste,Manglar,0.9953308
-101.8167921256493,24.823073182332003,Centro,Pastizal,0.9982802
-101.29325399251708,18.723962340362704,Occidente,Pastizal,0.93049353
-111.55127535051142,29.81383271404738,Noroeste,Bosque Templado,0.99358124
-94.77992122094419,16.538085557225337,Noreste,Bosque Templado,0.2761647
-101.49618537360253,28.241456249542768,Noreste,Pastizal,0.99646175
-108.49389736241295,26.218618355142702,Noroeste,Pastizal,0.99428546
-93.8058651472899,17.647397521745336,Sureste,Bosque Templado,0.45201647
-102.16001173037404,23.349098355711313,Centro,Manglar,0.42089412
-102.24271339676444,21.400899513839335,Occidente,Matorral Seco,0.2645
-113.38139049860182,29.28003307069716,Noroeste,Pastizal,0.9841929
-103.45880562032177,20.86134201591339,Occidente,Pastizal,0.007135294
-99.5020575760278,19.23854141937782,Centro,Pastizal,0.9200594
-105.44878028274981,28.347727745592234,Noreste,Bosque Templado,0.17618823
-107.78365331792754,28.90497120530691,Noreste,Bosque Templado,0.2402353
-114.53286128957221,27.478629661260406,Noroeste,Pastizal,0.99931914
-115.84511624841284,30.84221986848235,Noroeste,Matorral Seco,0.97422767
-102.93303138371219,19.275483608690088,Occidente,Selva Húmeda,0.65555704
-99.77237887811826,25.928981169731887,Sur,Selva Húmeda,0.8318241
-89.49701949667069,20.67409100831043,Sureste,Pastizal,0.6772247
-99.01808484668463,16.80914039173823,Sur,Bosque Templado,0.38225883
-90.72575275534479,16.572888211104043,Sureste,Manglar,0.9972222
-98.54690408473746,24.68407020824306,Noreste,Pastizal,0.9143588
-112.71674552658034,27.52164848666993,Noroeste,Pastizal,0.9551112
-98.60846356752491,20.827216312212702,Centro,Bosque Templado,0.95683527
-106.26537250169972,28.618577503497328,Noreste,Manglar,0.60538
-102.12392945058762,18.72414674467959,Occidente,Selva Húmeda,0.6820753
-100.02442122210805,21.325714833846227,Centro,Selva Húmeda,0.96346295
-106.87075048947767,31.75363852388785,Noreste,Bosque Templado,0.94271237
-109.58160022247998,27.226475175860045,Noroeste,Pastizal,0.31505293
-92.42432635660629,15.054649553763664,Sureste,Pastizal,0.18491176
-100.87228743958481,25.873278631533346,Noreste,Manglar,0.8905794
-93.58138199375733,15.905993532543475,Sureste,Manglar,0.6784753
-91.9507949456525,18.302424806788895,Sureste,Matorral Seco,0.74698824
-103.55519922627141,19.842440331716393,Occidente,Manglar,0.2757647
-93.31094218858577,16.006741325400945,Sureste,Bosque Templado,0.4519753
-112.11087229029188,26.460095415669485,Noroeste,Pastizal,0.99951416
-90.55912272580647,18.560430948969437,Sureste,Selva Húmeda,0.9136665
-103.4546626757874,26.696305977372397,Noreste,Pastizal,0.9627694
-93.84337454880676,16.850398234338748,Sureste,Matorral Seco,0.40922353
-98.1259980588658,17.67755640778234,Noreste,Selva Húmeda,0.24057059
-109.1635875456444,27.474302491161474,Noroeste,Bosque Templado,0.7547959
-101.79172238404126,28.362970784251264,Noreste,Matorral Seco,0.965103
-99.23428558884962,24.151443788425265,Noreste,Matorral Seco,0.7658841
-89.59877112623106,19.51763908175076,Sureste,Matorral Seco,0.61483413
-102.40491995946606,25.508928654551784,Noreste,Selva Húmeda,0.99729097
-100.16606739797915,18.14274271881518,Sur,Selva Húmeda,0.49588117
-116.28659591068389,31.52399782654553,Noroeste,Selva Húmeda,0.9816995
-92.69994311613843,18.287633591021994,Sureste,Pastizal,0.9947207
-91.58231507402634,17.392303681401437,Sureste,Bosque Templado,0.66333115
-110.39740350131991,30.108528645427693,Noroeste,Bosque Templado,0.92500293
-88.0739594507872,21.082036015599748,Sureste,Pastizal,0.6215288
-113.03744808849542,31.111317444702042,Noroeste,Bosque Templado,0.97109056
-108.15601669217469,25.618207265351725,Noroeste,Matorral Seco,0.42937058
-96.55047901435844,17.319819479797474,Noreste,Manglar,0.6507165
-90.27422690628852,19.430867595437963,Sureste,Bosque Templado,0.56515527
-97.96389977844389,16.903626669683508,Noreste,Bosque Templado,0.3662706
-115.27531449016156,31.897795923378478,Noroeste,Manglar,0.9843386
-102.78005305844673,25.89996674667999,Noreste,Selva Húmeda,0.95674
-103.37592335159096,20.754934302665873,Occidente,Bosque Templado,0.00038235294
-90.19499590016702,19.583540367414077,Sureste,Manglar,0.18632941
-101.92817019383764,20.92443517939376,Centro,Manglar,0.46601352
-102.99387663688329,25.339292037061234,Noreste,Bosque Templado,0.7497882
-95.50471687888356,17.52792414375406,Noreste,Manglar,0.57621706
-99.56601695527807,19.03506663458639,Centro,Matorral Seco,0.31069413
-101.11501914942563,21.78731494877195,Centro,Manglar,0.8134688
-102.26794438512303,19.933983808979143,Occidente,Bosque Templado,0.47251058
-94.60930202316447,16.50953527720257,Noreste,Selva Húmeda,0.11868823
-107.21931641047162,24.419136131977268,Noroeste,Matorral Seco,0.005417647
-101.43957970495495,26.993657434582733,Noreste,Selva Húmeda,0.18567058
-107.33940374057303,28.668507525719917,Noreste,Selva Húmeda,0.92186767
-103.04356335513427,23.543845569425766,Centro,Selva Húmeda,0.5495859
-99.1842827776139,25.09403987045901,Sur,Selva Húmeda,0.89033765
-98.06415598144947,18.603210898288797,Centro,Manglar,0.0029764706
-104.12725777221614,19.553094011193984,Occidente,Manglar,0.86400414
-102.3481292873334,27.838164947917146,Noreste,Selva Húmeda,0.8162653
-108.773818609228,29.924783656559246,Noroeste,Matorral Seco,0.9902462
-105.42711734566836,27.923328777701776,Noreste,Selva Húmeda,0.8708235
-102.37579964382678,28.547934321690878,Noreste,Manglar,0.6037635
-101.61496220972815,28.204508229494998,Noreste,Bosque Templado,0.9473947
-97.10752033023148,19.563049466347273,Sureste,Pastizal,0.39824706
-88.68913601300846,21.246379060268,Sureste,Selva Húmeda,0.4898347
-90.20160095854315,19.02037381391957,Sureste,Manglar,0.43878236
-102.49689067482834,23.765296109440403,Centro,Pastizal,0.64408237
-98.16203168440292,24.411987301418307,Noreste,Bosque Templado,0.60473174
-102.87166740654122,23.758615890382636,Centro,Pastizal,0.38657647
-95.73664936176041,18.18354530899911,Sureste,Matorral Seco,0.3206353
-90.76724318877258,19.08435251005228,Sureste,Pastizal,0.3979706
-96.93582723269033,18.053551331475642,Noreste,Pastizal,0.5330924
-101.46929735399827,21.21538229164043,Centro,Bosque Templado,0.30214706
-99.73732913308382,18.65811908520845,Sur,Selva Húmeda,0.41883528
-108.65421966435743,28.321977732625903,Noroeste,Manglar,0.95459
-107.59123542982077,27.878878560926697,Noreste,Selva Húmeda,0.9788209
-105.94693586269523,28.600043447322903,Noreste,Pastizal,0.18194705
-100.78682300315019,23.97037267323187,Centro,Bosque Templado,0.9926056
-92.47359281805731,17.507267218743355,Sureste,Bosque Templado,0.47760764
-104.81347630305358,27.418929643445846,Noreste,Selva Húmeda,0.6496247
-99.82618444730774,26.971843248602394,Sur,Selva Húmeda,0.9595382
-96.14409375625175,16.15529335959084,Noreste,Matorral Seco,0.89810175
-106.0271956197387,23.64868660951114,Noroeste,Bosque Templado,0.98600584
-98.75497083309173,22.4407079363039,Noreste,Pastizal,0.31114706
-103.14106995742773,19.933610761627236,Occidente,Selva Húmeda,0.9430888
-102.31124915719803,22.204769564613184,Centro,Manglar,0.12269412
-109.79075206256134,23.173180221927034,Noroeste,Bosque Templado,0.99986064
-97.31850910801796,17.208998770799568,Noreste,Selva Húmeda,0.56555885
-102.55498752460919,28.416124186476342,Noreste,Selva Húmeda,0.7692047
-99.75316856651479,19.99406801453932,Centro,Matorral Seco,0.2919
-94.73171949846731,17.593580688548688,Sureste,Selva Húmeda,0.48317823
-100.60843642294168,24.655956750586828,Sur,Pastizal,0.9625053
-112.33438938433292,30.32129374262928,Noroeste,Matorral Seco,0.99537283
-107.14298617898173,29.382973631981436,Noreste,Matorral Seco,0.95608175
-94.32564629529885,17.510955422226246,Sureste,Manglar,0.37246472
-102.55242705507098,22.36496696610359,Centro,Selva Húmeda,0.7039188
-100.69951991454838,28.739188748681023,Noreste,Matorral Seco,0.87656116
-105.44636996935712,28.81555829151718,Noreste,Matorral Seco,0.9802295
-103.69046100930467,23.732894930553442,Centro,Manglar,0.3118
-102.44384812995565,24.723178097243743,Centro,Bosque Templado,0.87795645
-94.13305147018595,16.815712173461748,Noreste,Selva Húmeda,0.9486388
-111.48324804566059,28.77706212591911,Noroeste,Matorral Seco,0.23631176
-103.24873688277556,26.983628521438746,Noreste,Selva Húmeda,0.9893238
-102.97622616601129,23.86264103371811,Centro,Selva Húmeda,0.5193582
-111.98340556756833,26.346918621272216,Noroeste,Bosque Templado,0.9826167
-97.53559787856068,20.25307932742545,Sureste,Pastizal,0.28511176
-105.423780544089,27.959494265519165,Noreste,Manglar,0.7532059
-98.89557068066644,25.6126341902997,Sur,Pastizal,0.41225883
-103.0143551530668,20.926449967257547,Occidente,Bosque Templado,0.32801765
-110.65952076021871,28.212729916590405,Noroeste,Bosque Templado,0.71784943
-106.60204422011546,31.698063225844006,Noreste,Matorral Seco,0.8796359
-108.83751389048015,29.21264979862356,Noroeste,Pastizal,0.6349141
-102.61602193749928,18.61808852979372,Occidente,Bosque Templado,0.59548706
-103.77184426859206,19.48528097007697,Occidente,Bosque Templado,0.67952
-106.64217110362846,30.606154192510648,Noreste,Selva Húmeda,0.94012237
-109.16387161541631,30.34371028625402,Noroeste,Pastizal,0.9431159
-103.29836714450289,25.18689522925418,Noreste,Selva Húmeda,0.9600241
-100.1934809944208,24.055865032103387,Sur,Pastizal,0.97387207
-95.55149088116679,17.094134837233124,Noreste,Matorral Seco,0.9457153
-105.92405230193987,30.01218376462889,Noreste,Bosque Templado,0.9497912
-98.82583640094556,21.288885526233866,Centro,Manglar,0.57981765
-86.80550581484277,21.15688867075345,Sureste,Selva Húmeda,0.9647982
-94.66078080017441,16.73799716898116,Noreste,Selva Húmeda,0.7093206
-107.36778371870659,29.40032959004622,Noreste,Bosque Templado,0.49974
-102.34335031101878,29.050184090563505,Noreste,Bosque Templado,0.9370112
-99.18302856483537,23.748005038389937,Noreste,Manglar,0.4585206
-93.77396376265553,16.303749383462648,Sureste,Matorral Seco,0.54171354
-102.58591510412812,21.774501806756707,Occidente,Pastizal,0.67952
-90.20419029695125,20.792841124160777,Sureste,Pastizal,0.6735953
-105.14883658568719,29.202005526976595,Noreste,Manglar,0.9314053
-105.51553874455051,27.636818700585398,Noreste,Manglar,0.92659
-99.23178151397111,22.428037260744546,Centro,Matorral Seco,0.98784786
-110.89692799787781,24.620246381423343,Noroeste,Pastizal,0.9802355
-104.57376682435196,27.1411777194292,Noreste,Matorral Seco,0.7855941
-108.77195355277279,30.6856324218331,Noreste,Matorral Seco,0.49397472
-111.27064997126989,28.36119860571077,Noroeste,Manglar,0.48191646
-106.34678111926198,26.364062651470448,Noreste,Pastizal,0.40101177
-99.11374858973997,25.651742076440016,Sur,Manglar,0.44808
-89.3395916118282,17.926279402840972,Sureste,Bosque Templado,0.78952235
-103.21916122931592,21.967749623459678,Centro,Selva Húmeda,0.42072353
-111.34576282921807,30.665899740249746,Noroeste,Selva Húmeda,0.95177823
-103.95732462149594,22.8619824184037,Centro,Bosque Templado,0.6450653
-89.65687420979077,21.046314630398854,Sureste,Bosque Templado,0.0006352941
-107.67960299235622,30.788222754487727,Noreste,Matorral Seco,0.8189794
-102.95632840677305,27.028768605227768,Noreste,Manglar,0.88773763
-109.80032478415627,28.087910616442223,Noroeste,Pastizal,0.7069482
-103.99488491104164,20.232306605297033,Occidente,Matorral Seco,0.36687648
-96.92459996822834,20.0588908812324,Sureste,Manglar,0.3710353
-96.36221376347382,18.342081091434924,Noreste,Bosque Templado,0.3058
-97.74288662118784,24.69472549604098,Noreste,Pastizal,0.9899532
-105.40578068064316,26.57906591182707,Noreste,Selva Húmeda,0.38991177
-101.97428408001755,25.699253736251695,Noreste,Selva Húmeda,0.75214297
-99.32101735097851,21.073148590410348,Centro,Matorral Seco,0.60031295
-103.88393352200883,28.277813926952817,Noreste,Manglar,0.9440353
-105.1759398051506,27.898032730422717,Noreste,Bosque Templado,0.18201765
-98.43424275851092,18.319085681548362,Centro,Bosque Templado,0.6944335
-110.47747499201189,29.086929635563052,Noroeste,Bosque Templado,0.79487765
-99.05214566849517,21.71546681654107,Centro,Matorral Seco,0.59298176
-109.0895614823789,28.682914130000974,Noroeste,Pastizal,0.8659524
-105.77867899655206,26.78982416296271,Noreste,Bosque Templado,0.7876935
-90.23428522540031,18.929718351354435,Sureste,Matorral Seco,0.8290406
-101.40968587427577,19.439600008555338,Occidente,Selva Húmeda,0.6072553
-99.58591627713608,18.066599671711884,Sur,Bosque Templado,0.61631763
-98.61239682920532,22.075130812555866,Centro,Selva Húmeda,0.36812353
-115.25404333445073,30.77143348907147,Noroeste,Matorral Seco,0.99725103
-100.29817980888961,24.79274311082927,Sur,Selva Húmeda,0.32775295
-105.72556494823607,23.367832062257122,Noroeste,Matorral Seco,0.98443246
-114.02412913301556,27.999873000302063,Noroeste,Selva Húmeda,0.9433241
-88.68220224687957,21.11587736999085,Sureste,Pastizal,0.3440588
-89.71131185094738,20.513865176633768,Sureste,Bosque Templado,0.62696356
-100.29007481971387,26.042420384249652,Sur,Bosque Templado,0.38417646
-88.38652207641391,19.207019779756717,Sureste,Manglar,0.9996067
-112.33434070620336,31.539602697489773,Noroeste,Selva Húmeda,0.98674166
-110.98517780314548,28.824259179534852,Noroeste,Manglar,0.9056271
-99.4518319085062,17.40753502539626,Sur,Matorral Seco,0.64330703
-98.43765091954666,20.839595533987698,Sureste,Matorral Seco,0.48038706
-107.53403027129293,25.14842146762748,Noroeste,Matorral Seco,0.95574415
-105.98884508482264,23.626366844883393,Noroeste,Selva Húmeda,0.8791641
-103.17955224067775,25.736332054735147,Noreste,Selva Húmeda,0.1764706
-104.57609023469136,28.02650071229157,Noreste,Matorral Seco,0.84277236
-99.29289178969998,22.147396039863597,Centro,Manglar,0.43478823
-106.35229432636834,28.804175391993144,Noreste,Manglar,0.44327822
-103.56359833025454,22.20405328702277,Centro,Bosque Templado,0.41970587
-106.55372425377516,26.231157374747436,Noreste,Matorral Seco,0.98901975
-102.17786307690535,27.2553013990208,Noreste,Pastizal,0.9418947
-102.55718935504328,18.43422422903767,Occidente,Matorral Seco,0.9237118
-97.73904980489492,18.09077592849328,Centro,Bosque Templado,0.53627706
-101.71975260761708,29.176502777889933,Noreste,Selva Húmeda,0.7783647
-100.45172013443197,27.536054336973383,Noreste,Matorral Seco,0.5956394
-108.69477509078382,29.27420076972367,Noroeste,Pastizal,0.9989847
-89.60728888803786,19.81881134875606,Sureste,Selva Húmeda,0.29095882
-103.74659687902421,27.430646604382694,Noreste,Selva Húmeda,0.9393935
-99.51862804593623,22.321094586178873,Centro,Selva Húmeda,0.9928638
-102.73232140372446,21.317095813982515,Occidente,Matorral Seco,0.4235647
-103.97384615573077,29.11303791320226,Noreste,Matorral Seco,0.8941488
-111.24788915123767,31.34552740725214,Noroeste,Bosque Templado,0.7549041
-103.31009986897232,21.810592587238684,Centro,Pastizal,0.44737
-99.25372342429608,24.319649642537318,Noreste,Selva Húmeda,0.71459174
-103.56446214612555,21.17734707156604,Centro,Bosque Templado,0.63663703
-100.14654239797977,21.38658500540414,Centro,Bosque Templado,0.7761088
-107.51651040520751,28.712906275501133,Noreste,Selva Húmeda,0.71629
-99.61581256425384,24.66827714517788,Sur,Bosque Templado,0.93188
-114.03556640544029,29.42495906469915,Noroeste,Matorral Seco,0.975643
-112.01257859734531,25.417070218973006,Noroeste,Matorral Seco,0.87225294
-106.15870313223277,31.160290179073478,Noreste,Pastizal,0.9341294
-100.08255180185863,17.697402813373124,Sur,Bosque Templado,0.74625826
-95.52123262850257,16.489593327775317,Noreste,Pastizal,0.9984597
-101.66419488047988,19.00590669056664,Occidente,Selva Húmeda,0.57277703
-103.47120827448391,27.857988085249406,Noreste,Selva Húmeda,0.8952271
-106.8592617887944,30.353717928607413,Noreste,Selva Húmeda,0.88119
-97.93402544912618,25.67053709331044,Noreste,Bosque Templado,0.24662353
-99.74382474047474,18.994939597465756,Centro,Matorral Seco,0.9362994
-102.18931412690472,26.998044942041478,Noreste,Matorral Seco,0.9890698
-90.18186616147749,19.451243156216062,Sureste,Selva Húmeda,0.73369944
-98.98534415906045,21.544539444547432,Centro,Matorral Seco,0.3222647
-99.02861303549301,18.233350907026658,Sur,Manglar,0.6257953
-98.40761754926102,21.65733616104609,Sureste,Manglar,0.23067059
-106.13560866326537,28.051638927322664,Noreste,Pastizal,0.30811176
-105.60639538115807,23.038811804907898,Noroeste,Pastizal,0.8588953
-98.02805806693021,21.315156308585802,Sureste,Selva Húmeda,0.38498825
-111.88557015714532,25.943314032241066,Noroeste,Matorral Seco,0.98988265
-98.82185294632502,24.56271590204513,Noreste,Manglar,0.99975586
-105.50569007195303,29.717544384488214,Noreste,Pastizal,0.97269845
-99.71000754788722,17.173672935448447,Sur,Matorral Seco,0.9379388
-113.32074703357739,28.12521568889364,Noroeste,Pastizal,0.93067
-109.472537727382,28.387215334034316,Noroeste,Bosque Templado,0.99632007
-94.05006480130247,17.59319528894667,Sureste,Manglar,0.53114295
-98.16713229368446,18.697807478704657,Centro,Bosque Templado,0.11328235
-107.12597515884514,30.784322775611606,Noreste,Matorral Seco,0.7555447
-113.77379020892944,32.040850750044044,Noroeste,Matorral Seco,0.98543966
-99.17922424248613,21.693461392966153,Centro,Matorral Seco,0.385
-87.76378688109266,20.98224315119578,Sureste,Selva Húmeda,0.5835682
-112.30769206665371,26.651950823312845,Noroeste,Manglar,0.9911016
-100.76349548954386,27.64367042240045,Noreste,Selva Húmeda,0.2803059
-105.0013180079884,29.992863694777242,Noreste,Selva Húmeda,0.51438355
-102.34245274034514,25.966443694347426,Noreste,Manglar,0.97863364
-103.64902757221672,27.368134025560593,Noreste,Matorral Seco,0.95824647
-88.26243556513516,18.939951965664886,Sureste,Manglar,0.8954906
-102.67411543685462,22.586727145540273,Centro,Pastizal,0.5281665
-103.34124131477206,19.49061731366259,Occidente,Bosque Templado,0.19057646
-95.40841456298648,18.6827847106886,Sureste,Manglar,0.51743704
-105.47344016424185,27.21620693544918,Noreste,Selva Húmeda,0.4992353
-105.07552011840404,19.936853385021642,Occidente,Pastizal,0.7762471
-102.74306352412883,23.138598377987343,Centro,Selva Húmeda,0.43381765
-114.16280560768023,31.6794869473416,Noroeste,Pastizal,0.9988026
-103.95007061758552,22.219688426076512,Occidente,Selva Húmeda,0.86764765
-102.4616522359988,23.26988727101293,Centro,Pastizal,0.36344117
-99.87857138804138,26.057530181864507,Sur,Selva Húmeda,0.9797478
-90.3948790645483,18.456555223460672,Sureste,Pastizal,0.9079794
-107.76422884100008,25.945822134645265,Noroeste,Manglar,0.8941865
-100.15950308998555,28.042209740189865,Noreste,Manglar,0.96161646
-93.745265739539,17.465774568636153,Sureste,Selva Húmeda,0.41061178
-88.58909286158061,19.989887090109423,Sureste,Selva Húmeda,0.6558447
-100.02069064903198,18.631694510044813,Sur,Bosque Templado,0.78083235
-98.82917352326598,20.290441705741575,Centro,Matorral Seco,0.37637058
-100.29937572856619,23.131877921718047,Centro,Manglar,0.9706403
-95.93972106307639,15.899713558088315,Noreste,Selva Húmeda,0.9328388
-96.70519498470317,18.530072552644985,Sureste,Pastizal,0.99104667
-101.55980367533724,20.480576441539338,Centro,Bosque Templado,0.25540587
-109.21466162647248,25.986182702608485,Noroeste,Manglar,0.17647646
-100.37390162308827,27.896007734646428,Noreste,Manglar,0.44240117
-87.68596439496098,21.18216360571047,Sureste,Bosque Templado,0.43531176
-93.00922214894052,17.14574507402023,Sureste,Selva Húmeda,0.91304296
-97.03297831736283,20.228189972368586,Sureste,Selva Húmeda,0.30141765
-103.03266783912933,18.50604829685679,Occidente,Bosque Templado,0.9461553
-107.6996023518573,30.045498291578202,Noreste,Matorral Seco,0.38787058
-100.16106503096098,24.542347902390496,Sur,Selva Húmeda,0.70568174
-105.21172373934976,28.781030084966837,Noreste,Selva Húmeda,0.8115382
-87.71490581867828,19.170292281870125,Sureste,Bosque Templado,0.9735405
-106.13295581539803,31.336764555779382,Noreste,Bosque Templado,0.88538885
-102.19900473586597,18.610833280429098,Occidente,Manglar,0.6412059
-99.24874241718582,23.00435869428329,Noreste,Bosque Templado,0.9576018
-100.35786206768684,22.008597686018945,Centro,Manglar,0.2941059
-88.11208040289165,20.22731084308735,Sureste,Selva Húmeda,0.7838394
-91.29174115388251,16.430734741926422,Sureste,Pastizal,0.8808547
-97.98413638523301,20.121984944874846,Centro,Manglar,0.77564704
-109.18021968234008,29.297322710100065,Noroeste,Selva Húmeda,0.7535241
-102.56712728175506,22.8988662731738,Centro,Manglar,0.49380705
-94.96699502063657,18.504478846769675,Sureste,Manglar,0.7163777
-99.2270912821995,19.562588780883726,Centro,Selva Húmeda,1.1764706e-05
-108.54714327546678,31.005714750867305,Noreste,Selva Húmeda,0.7518888
-109.95405820282693,23.606233394527898,Noroeste,Bosque Templado,0.9561165
-97.89339997868119,18.341801506117495,Centro,Pastizal,0.6872765
-102.36926473958204,23.85514350748727,Centro,Selva Húmeda,0.99752223
-99.22238679067272,25.707524024004442,Sur,Pastizal,0.55981356
-99.73953811486145,19.6444107138967,Centro,Manglar,0.2126706
-96.34010121298785,15.816272768954901,Noreste,Manglar,0.5884253
-94.3600394895821,17.60346338594473,Sureste,Pastizal,0.3617706
-100.95048587004254,26.82837712041959,Noreste,Bosque Templado,0.9924432
-107.14169625350169,27.06750701048591,Noreste,Selva Húmeda,0.7822977
-101.05678075424733,29.093534057838006,Noreste,Manglar,0.89748824
-102.58235000559444,24.31845311781711,Centro,Manglar,0.55800116
-110.42882409041378,27.497222617571747,Noroeste,Matorral Seco,0.78863823
-99.83736956412801,22.767080662646503,Noreste,Bosque Templado,0.99088013
-108.54608652020683,27.828452587424373,Noreste,Matorral Seco,0.8723259
-100.51378467335486,28.55667521299753,Noreste,Matorral Seco,0.7488088
-112.2693330382251,26.166458127298757,Noroeste,Manglar,0.9976553
-102.57084243428908,23.18426231575383,Centro,Matorral Seco,0.6479606
-99.77350103244136,21.886923598914105,Centro,Bosque Templado,0.91420704
-98.62834811528472,19.591840176612177,Centro,Manglar,0.29416472
-94.75446679566886,17.086572767190948,Noreste,Selva Húmeda,0.5984106
-100.06974815901614,23.97086031499603,Sur,Selva Húmeda,0.9962745
-93.63035151771605,16.102839974820053,Sureste,Matorral Seco,0.7914765
-97.97290667039361,16.405877663502682,Noreste,Matorral Seco,0.40475294
-109.0108320935112,27.660694750447117,Noroeste,Bosque Templado,0.99547976
-98.2080650211656,25.580922591276302,Noreste,Matorral Seco,0.29408824
-105.29890799852019,28.43151308904931,Noreste,Selva Húmeda,0.76071
-102.70882319676939,19.825516960913347,Occidente,Pastizal,0.29187647
-98.31327928466678,25.294140574479794,Noreste,Matorral Seco,0.9721331
-102.18544508246909,28.12732476232947,Noreste,Matorral Seco,0.97242224
-97.15046098807025,18.216136404764008,Noreste,Selva Húmeda,0.27461177
-101.93711424748068,19.380597788370434,Occidente,Bosque Templado,0.18559411
-102.42286507389636,24.24752562201155,Centro,Matorral Seco,0.9023918
-114.2295731812476,31.64786812267635,Noroeste,Manglar,0.99727243
-89.30217155379273,18.57963230910311,Sureste,Matorral Seco,0.72412825
-98.0267520766767,17.596120741586663,Noreste,Bosque Templado,0.6493159
-108.1339445805749,31.664256424281326,Noreste,Matorral Seco,0.5687259
-109.62985279433138,23.534679555704873,Noroeste,Bosque Templado,0.9910053
-104.7148194634834,19.797776438751324,Occidente,Pastizal,0.48656178
-104.93522184814279,29.81523130075341,Noreste,Matorral Seco,0.96082
-111.89602340831905,25.047386680316286,Noroeste,Matorral Seco,0.88440645
-103.77054655630315,20.095533721361306,Occidente,Matorral Seco,0.84914297
-107.74275606744942,25.80765469883092,Noroeste,Matorral Seco,0.82125705
-88.1692123309508,19.432747996254847,Sureste,Manglar,0.88247883
-96.06828658133183,17.24848328900485,Noreste,Selva Húmeda,0.82203823
-100.24167300137488,19.783459185387724,Occidente,Pastizal,0.32578236
-100.41585903847451,24.890211444781006,Sur,Pastizal,0.23958823
-109.6306735636661,30.895343392150384,Noroeste,Matorral Seco,0.88239235
-103.82474703546706,22.569055611465853,Centro,Bosque Templado,0.3978647
-103.18697305911176,25.540909133357196,Noreste,Selva Húmeda,0.1764706
-97.66434888338821,20.615520500887463,Sureste,Bosque Templado,0.2609706
-90.20446366990612,19.074987670008532,Sureste,Selva Húmeda,0.60624355
-93.4492607151589,17.182427441646563,Sureste,Selva Húmeda,0.4001941
-113.09675555801937,27.506298975401442,Noroeste,Matorral Seco,0.9932197
-97.74114411164966,20.564172568880817,Centro,Selva Húmeda,0.32795882
-108.88458536654613,27.297766729436194,Noroeste,Bosque Templado,0.28215295
-98.87424338766355,26.32159309418294,Noreste,Manglar,0.37061766
-107.29502730752478,28.552843884215978,Noreste,Bosque Templado,0.38337058
-100.29325082942721,17.407892547215784,Sur,Matorral Seco,0.95485234
-107.32358041577663,30.252546898482404,Noreste,Selva Húmeda,0.6465477
-103.12789090556045,27.543264657301417,Noreste,Manglar,0.9440647
-105.13812632727736,19.747949198721184,Occidente,Manglar,0.9445347
-99.52484427106752,25.542024293030966,Sur,Pastizal,0.37360588
-99.93080594074617,21.14871546990959,Centro,Selva Húmeda,0.89942473
-101.49868258998039,22.76419108578421,Centro,Manglar,0.97660154
-102.26559404777268,23.757553221293797,Centro,Manglar,0.9151065
-100.78613239624764,23.899485237112025,Centro,Selva Húmeda,0.9944866
-100.07861001811509,20.917848793713116,Centro,Manglar,0.7891141
-96.89872673353958,16.207242732068355,Noreste,Bosque Templado,0.8116559
-97.02841651222231,18.23355155276006,Noreste,Bosque Templado,0.62559056
-109.19597831396287,26.91866665849958,Noroeste,Pastizal,0.9946597
-87.90931192664983,19.324460032694763,Sureste,Matorral Seco,0.9192394
-96.85953443059019,18.81175126065203,Sureste,Matorral Seco,0.9770367
-108.39508489183538,25.436388175966435,Noroeste,Matorral Seco,0.1579
-98.18313511112227,20.598186227610626,Sureste,Pastizal,0.29357648
-103.13899701555654,19.032098670504343,Occidente,Bosque Templado,0.5561294
-88.85088635162111,20.48458700032858,Sureste,Manglar,0.6454088
-90.6342914165786,16.327355071448554,Sureste,Matorral Seco,0.36884707
-101.76366695949893,18.228542700771037,Sur,Matorral Seco,0.7467459
-92.21831831980772,17.736607891539446,Sureste,Manglar,0.38794118
-99.7087944390204,24.70463923776087,Sur,Pastizal,0.85439473
-100.17127198431294,23.953048919670188,Sur,Pastizal,0.99418014
-105.16134180983128,22.274320608947757,Occidente,Pastizal,0.84049237
-100.71655710509121,23.072159211098768,Centro,Selva Húmeda,0.9176624
-104.54878582838786,29.16055810092765,Noreste,Pastizal,0.8071294
-109.10505479474689,29.370060750441148,Noroeste,Selva Húmeda,0.7501724
-107.88817514542951,31.692158971381662,Noreste,Pastizal,0.64574826
-105.866840460181,31.21970877580843,Noreste,Manglar,0.94552237
-110.52430413224938,27.599066591631775,Noroeste,Selva Húmeda,0.80164295
-110.04190327822312,24.026763474298022,Noroeste,Selva Húmeda,0.59276414
-110.8325583186976,28.33693991788357,Noroeste,Pastizal,0.7175788
-110.29413579850353,28.943596334487378,Noroeste,Bosque Templado,0.81899
-100.75275422828558,21.52408569593679,Centro,Manglar,0.26121765
-102.53583624329053,26.45563637459969,Noreste,Pastizal,0.74650705
-99.06653870149876,19.803204963189422,Centro,Bosque Templado,0.06835294
-101.25818221502487,23.67567821671136,Centro,Matorral Seco,0.9859662
-97.53523837868022,19.10460548316939,Centro,Pastizal,0.2819059
-107.34911982320652,28.368957487978836,Noreste,Bosque Templado,0.7547876
-108.93948729817491,25.743436314571742,Noroeste,Bosque Templado,0.0034058823
-109.88840033206421,23.329334565322675,Noroeste,Selva Húmeda,0.8235124
-97.9588600905576,21.23413953934334,Sureste,Manglar,0.30551177
-100.01454170396596,25.50011940058371,Sur,Bosque Templado,0.23554118
-102.44382975896097,29.225736458743736,Noreste,Matorral Seco,0.9667194
-101.52860557297481,23.033445798432208,Centro,Selva Húmeda,0.5725541
-100.89167949738538,26.774900111928662,Noreste,Manglar,0.98554873
-107.29614836290457,24.510974765810268,Noroeste,Matorral Seco,0.17667058
-98.41217244402392,17.778146458423354,Noreste,Bosque Templado,0.4795
-101.06107075403317,22.46593770675177,Centro,Selva Húmeda,0.49075058
-99.765391304486,18.316484736918465,Sur,Selva Húmeda,0.58821
-108.65825119249274,29.27125950117233,Noreste,Matorral Seco,0.9706151
-108.62558686808418,25.952428087679166,Noroeste,Pastizal,0.9656647
-102.64974255958107,28.01312229631407,Noreste,Pastizal,0.89021826
-112.13229113620442,26.637307605289955,Noroeste,Bosque Templado,0.9997622
-99.4654307627316,21.712089773355494,Centro,Manglar,0.7664059
-98.78841810313918,17.165506606518054,Sur,Pastizal,0.9089447
-108.94948578190063,30.582504838931808,Noroeste,Matorral Seco,0.87935764
-105.04227204544955,22.521735698329234,Occidente,Manglar,0.9194176
-111.18467338424274,28.47071514635877,Noroeste,Matorral Seco,0.8828147
-107.72690950955995,27.327968326854904,Noreste,Pastizal,0.6929
-91.44855187542106,16.66574037135676,Sureste,Matorral Seco,0.9936572
-90.55248346596223,19.201534604539365,Sureste,Selva Húmeda,0.73426
-101.24994177695685,24.51063841006184,Centro,Selva Húmeda,0.9334712
-100.00731915189557,26.592965197746103,Sur,Bosque Templado,0.2900059
-90.06365471240764,18.74228899472067,Sureste,Pastizal,0.96412826
-101.83148614434387,23.063554292168035,Centro,Pastizal,0.2942
-87.60553340519206,20.694112253159183,Sureste,Bosque Templado,0.71860826
-105.72244163850542,22.583606573744564,Noroeste,Matorral Seco,0.004352941
-88.13189829503915,21.134861627107092,Sureste,Matorral Seco,0.25865883
-103.98090814986581,20.279692203139398,Occidente,Pastizal,0.7082518
-102.53772500993689,18.96688654919459,Occidente,Bosque Templado,0.63523763
-101.98023567622116,19.452855501815442,Occidente,Bosque Templado,0.63528585
-94.48457131646678,16.4676908768787,Noreste,Bosque Templado,0.2886706
-114.31241444164179,27.421956223014845,Noroeste,Manglar,0.9870157
-100.0352476443249,22.091964508621956,Centro,Selva Húmeda,0.3259294
-108.0182887742037,27.200675666488085,Noreste,Pastizal,0.99831903
-106.29182258906923,29.561251292396168,Noreste,Pastizal,0.6525265
-105.4731820472637,27.752566609033646,Noreste,Selva Húmeda,0.83595294
-102.9877099226639,25.355773585437504,Noreste,Matorral Seco,0.6539612
-109.21149334689532,28.519548346944575,Noroeste,Bosque Templado,0.9828815
-100.47909089896652,27.23580524630639,Sur,Matorral Seco,0.9483088
-103.84460805614904,27.825693482529864,Noreste,Matorral Seco,0.47696882
-111.71176259474464,30.567441443817135,Noroeste,Bosque Templado,0.72751826
-102.41949786682476,25.393008290401074,Noreste,Manglar,0.9996486
-103.72781895907953,28.434589261668958,Noreste,Bosque Templado,0.96631825
-100.08100594936907,21.551243366261225,Centro,Pastizal,0.87225646
-113.92891696683209,27.514862471759542,Noroeste,Matorral Seco,0.97521603
-111.0819429637324,29.917048855221132,Noroeste,Matorral Seco,0.41865295
-104.10726821885928,21.74221813259501,Occidente,Bosque Templado,0.45441884
-98.21989450453236,24.133390666271058,Noreste,Manglar,0.8977829
-90.56312946717625,19.285432957086698,Sureste,Pastizal,0.69779414
-96.15591190047891,16.15078936878933,Noreste,Selva Húmeda,0.6701953
-92.50121009334498,18.507188049180144,Sureste,Pastizal,0.99671024
-110.1192463562555,28.11230838532389,Noroeste,Manglar,0.8292747
-96.74619218930938,19.51468402547451,Sureste,Manglar,0.3011
-104.36778399017032,28.801248658455684,Noreste,Pastizal,0.89376235
-107.34781757172023,26.973580027325266,Noreste,Pastizal,0.99766785
-97.75444377495275,18.191848671558716,Noreste,Pastizal,0.8159606
-98.09960192987299,25.429692730371507,Noreste,Selva Húmeda,0.28042352
-113.34059471176313,27.267704903671692,Noroeste,Manglar,0.9733116
-116.47629068228908,32.30970779994813,Noroeste,Selva Húmeda,0.9531641
-100.16105788651957,22.546896454655496,Centro,Selva Húmeda,0.5313694
-105.6043083748247,29.27951696054603,Noreste,Selva Húmeda,0.76112646
-106.11124461582753,27.179979135997392,Noreste,Pastizal,0.7908994
-110.5190171257095,29.577962147983914,Noroeste,Bosque Templado,0.8049006
-111.58455952951309,30.903317082320303,Noroeste,Manglar,0.97021943
-107.23449225718711,30.38742803872999,Noreste,Bosque Templado,0.77452296
-102.17870031424802,19.44369472410816,Occidente,Selva Húmeda,0.91675943
-116.00481474629694,31.239665589438005,Noroeste,Manglar,0.9999969
-107.19265069347969,31.11172450855283,Noreste,Matorral Seco,0.9372947
-110.01864958157515,28.226543132398255,Noroeste,Matorral Seco,0.72566473
-106.92791654112042,26.39751178722983,Noreste,Bosque Templado,0.6106959
-107.9796050225821,26.70476311570392,Noreste,Pastizal,0.97629815
-98.45788269433389,23.521304747179176,Noreste,Pastizal,0.85442644
-97.20500589868297,20.323765748835925,Sureste,Matorral Seco,0.3476588
-106.65215597852992,25.974317774895997,Noreste,Manglar,0.5159194
-113.39281769771483,31.706320224014114,Noroeste,Matorral Seco,0.9833771
-99.60640952398417,17.136597300846113,Sur,Bosque Templado,0.7753406
-104.97245870822104,22.38142489251658,Occidente,Selva Húmeda,0.74246705
-98.41374653903101,19.236433047407512,Centro,Selva Húmeda,0.19993529
-95.865672739629,16.94231382761576,Noreste,Matorral Seco,0.71700233
-99.98506411214345,24.75911351254453,Sur,Manglar,0.8339453
-90.3534568083162,18.00656585646537,Sureste,Selva Húmeda,0.7851465
-109.04304861019502,26.085864136052862,Noroeste,Bosque Templado,0.16674706
-107.92906653159122,30.260701847068248,Noreste,Bosque Templado,0.4091647
-102.30046757136094,29.684347743651195,Noreste,Matorral Seco,0.9767455
-109.44012558380645,28.912377377229255,Noroeste,Selva Húmeda,0.74028116
-100.42171793168018,24.737481231663125,Sur,Matorral Seco,0.9533347
-100.08999933351257,22.56547875496134,Centro,Selva Húmeda,0.7751194
-114.93255653706817,30.244660535261964,Noroeste,Bosque Templado,0.9920962
-113.23283012632069,31.282364239965,Noroeste,Matorral Seco,0.64730644
-88.04651031548592,19.93779236981015,Sureste,Bosque Templado,0.97292817
-105.39590151270936,30.330251210600526,Noreste,Bosque Templado,0.95811355
-113.5976575165191,27.77307326827847,Noroeste,Selva Húmeda,0.89662355
-112.84818100227011,31.04996820703396,Noroeste,Bosque Templado,0.7381447
-98.68092028147196,21.943264441656435,Centro,Pastizal,0.6070082
-95.33064550326998,17.05842659281274,Noreste,Pastizal,0.5981382
-105.06665692278828,27.663714252782878,Noreste,Pastizal,0.4984206
-102.92830542746361,28.659975285347752,Noreste,Selva Húmeda,0.96899587
-104.73278141101379,29.89245454672155,Noreste,Selva Húmeda,0.9494259
-92.61185200692347,16.013819374671737,Sureste,Bosque Templado,0.41229412
-100.0496118156284,17.60867749751918,Sur,Pastizal,0.73466235
-101.71752172225509,29.751351376561185,Noreste,Matorral Seco,0.9655753
-97.93528622981496,20.579521262154813,Centro,Pastizal,0.38102353
-100.62655989431612,19.77108600605164,Occidente,Selva Húmeda,0.8728976
-98.30393961365101,20.331119564704224,Centro,Matorral Seco,0.8440635
-92.25861364554177,18.66631655204483,Sureste,Pastizal,0.4725659
-99.96437849534763,21.95384953672068,Centro,Selva Húmeda,0.38993528
-107.3014842817344,24.69755910063109,Noroeste,Bosque Templado,0.30124706
-111.6852979475135,29.857828294953634,Noroeste,Pastizal,0.9677035
-89.76447992796814,19.294033233647955,Sureste,Bosque Templado,0.65806353
-99.93212841992359,26.15886491743963,Sur,Selva Húmeda,0.8061324
-108.47815736048564,29.32065255246273,Noreste,Bosque Templado,0.9843728
-110.89229271998846,28.355834960155757,Noroeste,Bosque Templado,0.9968259
-96.64235874041897,17.588206931812962,Noreste,Matorral Seco,0.34791765
-107.87656660552648,28.85235099684538,Noreste,Matorral Seco,0.98906326
-104.93329830890106,27.518729078501693,Noreste,Bosque Templado,0.7519759
-92.90300199708811,15.777322433214204,Sureste,Bosque Templado,0.9015853
-98.28845558836927,20.649029931783016,Sureste,Selva Húmeda,0.35574704
-87.90249434833135,21.11182135710412,Sureste,Manglar,0.6163465
-98.44797721810825,19.93820265668628,Centro,Pastizal,0.29372942
-108.24459469157733,25.46814088648412,Noroeste,Selva Húmeda,0.17703529
-103.88804650157616,19.03576759590844,Occidente,Pastizal,0.18178824
-97.8253270938691,20.35734653313223,Centro,Manglar,0.3243647
-97.13557473184385,17.521206781817664,Noreste,Pastizal,0.6936112
-103.96761574943629,19.49543445585898,Occidente,Pastizal,0.86417645
-114.60861587972279,29.667445397227088,Noroeste,Selva Húmeda,0.9716562
-106.78472744861668,30.113002154206495,Noreste,Bosque Templado,0.9274418
-100.09603470109502,17.951763553339635,Sur,Manglar,0.58416647
-104.19820056027315,27.35657325336002,Noreste,Bosque Templado,0.9267588
-108.40117453653993,30.37005189605353,Noreste,Pastizal,0.97575855
-100.08169066052466,27.41788414657334,Sur,Bosque Templado,0.45997706
-105.43570029673988,30.30033889472127,Noreste,Bosque Templado,0.9478094
-98.34870111680029,16.506234330562606,Noreste,Matorral Seco,0.22489412
-99.68806125863685,16.96852896621687,Sur,Pastizal,0.8213394
-102.58253194394804,19.957983494339988,Occidente,Selva Húmeda,0.17514117
-107.0327631931988,31.218682787993398,Noreste,Selva Húmeda,0.973608
-96.78826850962616,18.993260879349524,Sureste,Manglar,0.30245295
-96.92652421449402,16.294890643595295,Noreste,Bosque Templado,0.6568541
-87.99573338505697,19.470588477024965,Sureste,Pastizal,0.9604982
-113.34246080604265,26.969176185950236,Noroeste,Matorral Seco,0.9904814
-102.24114132768136,20.86023754718367,Occidente,Bosque Templado,0.4519653
-99.22023482781088,20.063127207796803,Centro,Manglar,0.058464706
-101.65096770046274,20.860717770526097,Centro,Pastizal,0.49793765
-102.50202282943587,26.612682982893517,Noreste,Pastizal,0.75314415
-94.3805508097984,17.472445259266106,Sureste,Selva Húmeda,0.34679413
-107.21241763404865,31.135250471932032,Noreste,Selva Húmeda,0.94066703
-98.47248414134208,23.91638806312197,Noreste,Manglar,0.86211646
-102.31935808221233,24.775910410300906,Centro,Matorral Seco,0.96293885
-107.90800114689638,26.065555568555535,Noroeste,Selva Húmeda,0.94534296
-96.09313258518786,17.252862549605368,Noreste,Matorral Seco,0.7255053
-92.17517530438403,14.691004971478538,Sureste,Selva Húmeda,0.3702647
-101.17544808413811,22.118002237626193,Centro,Selva Húmeda,0.5205035
-97.55625550918622,20.533296412434513,Sureste,Bosque Templado,0.39278823
-102.09245873345878,23.176991962171563,Centro,Matorral Seco,0.7101535
-99.9960339887553,23.36319964402073,Noreste,Selva Húmeda,0.84728414
-88.91682704939642,18.286382612750696,Sureste,Matorral Seco,0.99256337
-115.1226270599377,31.625485453693507,Noroeste,Bosque Templado,0.9992701
-112.28440883480305,27.245356522451644,Noroeste,Selva Húmeda,0.9801784
-103.36291224057219,22.810112518208875,Centro,Manglar,0.37418234
-99.74213781303321,27.0976974764844,Sur,Manglar,0.75099057
-102.554035663027,25.51763579373316,Noreste,Matorral Seco,0.92770296
-106.66545004000994,27.845492355642172,Noreste,Pastizal,0.5016747
-97.89250433221831,16.57144725883471,Noreste,Bosque Templado,0.91668296
-107.27086181528449,24.42691897847382,Noroeste,Bosque Templado,0.1764706
-93.1357146155655,17.422913456242952,Sureste,Manglar,0.41088235
-101.78559143144564,24.673328195064453,Centro,Pastizal,0.70022297
-101.21353684516309,17.85172280668789,Sur,Selva Húmeda,0.6223959
-108.88475267619832,27.050484785221432,Noroeste,Bosque Templado,0.9934974
-114.99939846849372,32.486906664241985,Noroeste,Matorral Seco,0.17515883
-107.77985894802578,27.7148207321275,Noreste,Manglar,0.9115606
-98.20252099709295,17.964405559182108,Centro,Pastizal,0.8720212
-115.88220602741602,31.864795170253483,Noroeste,Matorral Seco,0.7881829
-110.13241816242727,31.14175587010953,Noroeste,Manglar,0.16359411
-106.8497167342157,28.171210806882076,Noreste,Manglar,0.5580394
-94.84935684131962,17.423893168259454,Sureste,Bosque Templado,0.4975153
-102.56815621120884,26.6122717832476,Noreste,Matorral Seco,0.89995706
-95.33815951759824,17.7517233787728,Noreste,Matorral Seco,0.35512942
-112.1634041689259,30.116438441162305,Noroeste,Selva Húmeda,0.99280554
-108.78313296135,29.74363588660205,Noroeste,Bosque Templado,0.9091465
-89.52911435005805,18.432837178335255,Sureste,Matorral Seco,0.7049053
-101.30761108294924,26.3282252827545,Noreste,Manglar,0.9752181
-101.3540624981723,20.890020260864723,Centro,Pastizal,0.3886941
-101.65188749025559,26.883778321904472,Noreste,Selva Húmeda,0.9980683
-102.83001303986292,26.302607970430277,Noreste,Pastizal,0.98543215
-99.62785684482098,21.71027108444404,Centro,Matorral Seco,0.7902947
-92.2675991790013,15.373585186708354,Sureste,Manglar,0.41067648
-102.49036761953346,28.697423759453454,Noreste,Manglar,0.68681884
-90.75190498538551,18.30941526584842,Sureste,Bosque Templado,0.42228234
-96.62846638569937,15.901716421427892,Noreste,Bosque Templado,0.6723612
-90.78128478705835,18.692875519689046,Sureste,Manglar,0.7272624
-99.65181132513241,20.54986299910874,Centro,Manglar,0.18367647
-108.58249268077562,27.22758348422756,Noreste,Pastizal,0.76631355
-101.4843349867745,27.96327881644173,Noreste,Pastizal,0.99671197
-99.22034528885538,25.737196869075767,Sur,Manglar,0.549337
-102.47901048503726,28.568554702857863,Noreste,Bosque Templado,0.71065
-111.76861705722361,31.306089910446733,Noroeste,Selva Húmeda,0.9897012
-92.88078977275649,15.489355848085399,Sureste,Manglar,0.37351176
-102.26240623587013,21.59383296049332,Occidente,Bosque Templado,0.2034
-90.23581742868703,18.54495961259696,Sureste,Matorral Seco,0.6232253
-97.29512759620542,19.792182162412633,Sureste,Matorral Seco,0.36525294
-92.39554487569822,16.505834102950647,Sureste,Matorral Seco,0.4378941
-96.87543223478993,20.32509448194532,Sureste,Manglar,0.32285294
-100.80542682548192,17.82220325519817,Sur,Pastizal,0.9754755
-103.20442678999967,23.1671094867488,Centro,Manglar,0.17304707
-101.84784093474318,24.57486629370765,Centro,Manglar,0.89038765
-100.86161951329915,22.162138555936828,Centro,Pastizal,0.4070353
-100.82842070031055,22.737745919351124,Centro,Pastizal,0.59943354
-102.0485182663486,22.683367685523084,Centro,Manglar,0.30487648
-98.64111130729509,18.33964623891067,Centro,Pastizal,0.45085353
-108.26684791317476,30.124255936581534,Noreste,Selva Húmeda,0.9599382
-91.03646047658486,16.822122394108288,Sureste,Bosque Templado,0.7500453
-107.23468299419014,31.05161859538586,Noreste,Manglar,0.45918646
-110.85723969803418,24.082717701124157,Noroeste,Bosque Templado,0.99679375
-110.27330931099213,30.089894402599025,Noroeste,Bosque Templado,0.86023706
-106.36581482332328,28.35871918710388,Noreste,Pastizal,0.3467
-96.41099893045238,17.775517244707327,Noreste,Manglar,0.97925633
-105.51024018791387,30.09723705447971,Noreste,Selva Húmeda,0.74866056
-101.88727337037051,28.416607681244624,Noreste,Pastizal,0.77723056
-112.69761670741269,26.481213884799974,Noroeste,Matorral Seco,0.8946694
-99.94637771237991,21.299646202060295,Centro,Bosque Templado,0.80861646
-101.49631468302742,27.062366540200554,Noreste,Bosque Templado,0.88130116
-99.52666569392797,26.55705983643633,Sur,Selva Húmeda,0.3947941
-102.27210066079012,27.796795492210933,Noreste,Manglar,0.8666618
-107.31128514135351,28.582005455139285,Noreste,Pastizal,0.84521115
-92.04655376870959,16.093822226684487,Sureste,Pastizal,0.5457259
-105.18478730499947,30.421837823690016,Noreste,Manglar,0.6087253
-107.015147760441,26.46627759346782,Noreste,Bosque Templado,0.9687982
-98.57125824450978,18.002393484705127,Sur,Bosque Templado,0.61620355
-102.70518088469628,21.547432301804868,Centro,Matorral Seco,0.37068823
-108.15201880743489,27.24812481221306,Noreste,Pastizal,0.8239059
-107.07368793953842,25.872765504037908,Noreste,Selva Húmeda,0.7762541
-88.35835335904785,18.642592275838894,Sureste,Selva Húmeda,0.9051606
-88.6544263113636,19.26725745482177,Sureste,Matorral Seco,0.8233365
-101.46733817554326,29.728988210558917,Noreste,Bosque Templado,0.9348147
-103.5904460532273,20.646494121636774,Occidente,Manglar,0.92400765
-89.65505534499464,19.940595773735474,Sureste,Manglar,0.68213767
-106.54815770598147,30.69279762680005,Noreste,Selva Húmeda,0.9294624
-88.26962836617108,20.070062544275782,Sureste,Bosque Templado,0.6131965
-103.41782245967767,19.324499495043533,Occidente,Matorral Seco,0.25165296
-108.9066581292841,29.12398597768351,Noroeste,Matorral Seco,0.7504259
-89.03492972557726,18.878423551492858,Sureste,Selva Húmeda,0.71443826
-100.5504114720369,23.278072755459213,Centro,Bosque Templado,0.92825234
-101.65511058043492,24.572988897059723,Centro,Pastizal,0.97303605
-101.03167050587818,27.354948261547243,Noreste,Bosque Templado,0.9586406
-109.76689510744527,31.034966791354442,Noroeste,Manglar,0.4331706
-94.03744114893703,16.926122892450167,Noreste,Matorral Seco,0.34580588
-96.02234627745214,18.007339659713473,Noreste,Manglar,0.32877648
-101.67902729277844,22.97566025118098,Centro,Bosque Templado,0.46157175
-105.34781610370293,28.52043654714858,Noreste,Selva Húmeda,0.7330918
-101.24259640829582,24.45983224224533,Centro,Selva Húmeda,0.9455235
-104.47255283427992,27.906216970289872,Noreste,Selva Húmeda,0.54412824
-99.62665877428682,19.99941128012076,Centro,Matorral Seco,0.2821647
-101.77792767316497,27.279175648827906,Noreste,Manglar,0.94366527
-107.95310917241002,24.916938611639857,Noroeste,Matorral Seco,0.6200094
-102.13816031644095,21.15326140936011,Occidente,Manglar,0.45845705
-107.3268018806093,24.437549292831036,Noroeste,Manglar,0.1764706
-105.01043608131407,22.59574041322492,Occidente,Pastizal,0.9396641
-104.7880511144997,27.071242754509782,Noreste,Bosque Templado,0.81745297
-101.36096639399328,19.529756687438947,Occidente,Bosque Templado,0.3714294
-100.30732166052177,27.196148282477598,Sur,Manglar,0.7442112
-105.39355905471417,23.036709346182686,Occidente,Pastizal,0.7535294
-92.90617651289563,15.854184090804974,Sureste,Matorral Seco,0.9541941
-101.91720989428482,27.437417539603047,Noreste,Manglar,0.7643194
-98.23104923618628,18.134726327845538,Centro,Matorral Seco,0.31904116
-88.47636791267476,19.13134693385959,Sureste,Matorral Seco,0.6066512
-98.83293736296403,19.457290917308107,Centro,Bosque Templado,0.3115353
-102.14435932788913,24.60474560391572,Centro,Matorral Seco,0.9757228
-106.43825845824027,23.835137832124488,Noroeste,Manglar,0.2969
-101.31124470533848,22.148666383030868,Centro,Selva Húmeda,0.53122413
-96.41906233553925,16.85730176153095,Noreste,Manglar,0.45028764
-100.42572547656764,18.950410811310395,Centro,Matorral Seco,0.9547306
-115.19133503530463,29.7489517197141,Noroeste,Pastizal,0.94889176
-100.93421988929387,18.6057717892539,Occidente,Matorral Seco,0.29442352
-101.97349065494714,29.028472003350068,Noreste,Manglar,0.45292294
-99.42621660239644,18.047432816113048,Sur,Bosque Templado,0.36498824
-112.69544037320085,26.47866521726497,Noroeste,Matorral Seco,0.92852056
-98.70104158612351,25.74188696781884,Sur,Selva Húmeda,0.40838823
-88.71029817327424,20.52614653830738,Sureste,Pastizal,0.6402453
-103.42522711928585,20.380877858448223,Occidente,Manglar,0.79252
-99.76914101855395,25.372305982324566,Sur,Manglar,0.3071294
-102.53211435759764,25.27559959106301,Noreste,Bosque Templado,0.68173176
-101.05024572479374,27.512003643593978,Noreste,Selva Húmeda,0.8929971
-98.60540259486848,24.989132125937388,Noreste,Selva Húmeda,0.30488825
-96.09559012165222,16.931002285312598,Noreste,Bosque Templado,0.5415259
-110.63726708287942,28.405421275850458,Noroeste,Pastizal,0.49881825
-111.45288821280995,29.53782405228086,Noroeste,Selva Húmeda,0.9708351
-107.39717966018416,24.917064192285025,Noroeste,Matorral Seco,0.28294706
-95.31383201701725,16.6923691034085,Noreste,Pastizal,0.9838683
-103.50079148668472,23.58181627848307,Centro,Pastizal,0.6811688
-108.45745663958887,27.874859389923735,Noreste,Matorral Seco,0.71869177
-100.2650273727926,20.443189368800372,Centro,Bosque Templado,0.38954705
-97.98481822571874,16.18500907311405,Noreste,Selva Húmeda,0.34324118
-103.15089621311446,26.783827067384284,Noreste,Manglar,0.89090234
-107.20088253517369,26.751231201094196,Noreste,Pastizal,0.60426235
-93.14061716700517,16.64163036587038,Sureste,Matorral Seco,0.035288237
-111.53462670901303,26.313128221860154,Noroeste,Manglar,0.8584941
-110.58073673787428,29.751598695792705,Noroeste,Manglar,0.20920588
-99.7647333893789,27.31216157068152,Sur,Bosque Templado,0.34068236
-99.98685790861059,17.443653880146233,Sur,Selva Húmeda,0.97000295
-102.46893574938272,22.307332169318137,Centro,Selva Húmeda,0.42435294
-101.47227535186538,24.239333921996568,Centro,Manglar,0.9968231
-116.28395111631713,32.556042569874734,Noroeste,Pastizal,0.62665117
-102.93264074400977,27.457829266668483,Noreste,Matorral Seco,0.93370706
-88.01077852770072,21.14064033789467,Sureste,Selva Húmeda,0.48153824
-104.54805851335445,27.85334656318491,Noreste,Selva Húmeda,0.83814824
-89.57188146193805,20.438132136416364,Sureste,Pastizal,0.43441176
-97.9537309765155,20.47332221293866,Centro,Selva Húmeda,0.43459412
-98.90923153624912,17.756476462770472,Sur,Selva Húmeda,0.7858047
-108.50447113691607,28.62165417833106,Noreste,Bosque Templado,0.97897214
-99.12509213360246,18.65905728852183,Sur,Pastizal,0.76258177
-109.82788145689395,30.80913740824301,Noroeste,Pastizal,0.9935731
-111.06658911764399,29.251213189677582,Noroeste,Manglar,0.7702435
-107.74409666837083,26.764846861582903,Noreste,Bosque Templado,0.9290765
-107.59574731717657,29.503718943552624,Noreste,Manglar,0.9702447
-108.51690262752857,28.298071017919458,Noreste,Manglar,0.84830356
-99.95700683998695,21.5646525631865,Centro,Pastizal,0.7804088
-104.25515330432609,20.800692552448044,Occidente,Manglar,0.4262412
-105.3225958977856,22.810669035436337,Occidente,Manglar,0.78859943
-108.0040575181181,25.344448882559576,Noroeste,Bosque Templado,0.83156824
-98.30872501655074,24.713302909732615,Noreste,Manglar,0.2552
-102.0798938047431,28.293765026823085,Noreste,Matorral Seco,0.6273288
-107.11323356458124,25.91255048158958,Noreste,Manglar,0.76003
-96.80516126646495,18.37607997059497,Noreste,Pastizal,0.82427293
-89.22493311057363,18.450473947907525,Sureste,Selva Húmeda,0.8092076
-116.35579729629654,31.82807548814141,Noroeste,Bosque Templado,0.9966549
-102.27130272936859,29.448530026204345,Noreste,Matorral Seco,0.9063994
-102.27190481829221,27.0984673165004,Noreste,Pastizal,0.94336057
-116.04299897643189,30.84806076200628,Noroeste,Manglar,0.19807059
-110.02903770469777,28.799325594957846,Noroeste,Bosque Templado,0.5274818
-111.35265300693902,26.029483813283424,Noroeste,Bosque Templado,0.87915295
-109.82885260427452,30.18255313898499,Noroeste,Selva Húmeda,0.8358076
-114.30303383637228,29.144550318487727,Noroeste,Manglar,0.97256356
-106.67686658831684,28.477587199255073,Noreste,Manglar,0.3825
-110.21292083488011,23.734480911182576,Noroeste,Matorral Seco,0.95134825
-114.65937203206202,27.53756949958128,Noroeste,Manglar,0.9915339
-105.53984453594082,27.101615767004226,Noreste,Pastizal,0.5017559
-109.5083054761769,27.65022902229168,Noroeste,Manglar,0.9873045
-103.90657049519966,23.152693225509026,Centro,Bosque Templado,0.8664412
-98.64790440209681,23.439892000662535,Noreste,Selva Húmeda,0.9008865
-105.83806341225979,27.928001508736525,Noreste,Bosque Templado,0.73017585
-96.69606607651248,16.549330568179162,Noreste,Pastizal,0.24574117
-96.41407682557727,17.114977213009432,Noreste,Bosque Templado,0.75523174
-97.10512420629769,18.410453463925524,Centro,Selva Húmeda,0.34727058
-109.70168971025609,23.602717828905405,Noroeste,Manglar,0.977631
-113.06452361226118,27.31902479724377,Noroeste,Pastizal,0.9820176
-100.529307130916,26.900365179951645,Sur,Selva Húmeda,0.4349059
-88.97498626144345,18.246584280026145,Sureste,Pastizal,0.29405293
-103.06375094138745,23.411644776105334,Centro,Manglar,0.56220293
-98.69407839756767,22.493864964463103,Noreste,Manglar,0.2877294
-105.05137334626443,27.28572767321715,Noreste,Bosque Templado,0.90306705
-106.61721274639345,28.64049037530315,Noreste,Manglar,0.7341588
-110.22330480541993,30.01180330159617,Noroeste,Pastizal,0.17983529
-112.03133445296109,25.147366911963672,Noroeste,Manglar,0.8322465
-115.91876902669165,31.82448041941482,Noroeste,Pastizal,0.80313116
-87.86997419272521,21.24709735068074,Sureste,Selva Húmeda,0.39421177
-111.74970662269824,24.842264463420697,Noroeste,Selva Húmeda,0.5999841
-104.0379450607688,19.483677175010154,Occidente,Bosque Templado,0.25571764
-99.55040134304016,20.020470479354152,Centro,Pastizal,0.27937648
-101.2820235635751,23.14010221499508,Centro,Matorral Seco,0.98885816
-99.19453167909427,20.280346485192783,Centro,Selva Húmeda,0.7788247
-99.11884321123677,20.36028778369149,Centro,Pastizal,0.32341176
-105.00779992246905,28.25687401120149,Noreste,Manglar,0.9086653
-99.85512086848911,27.528391148309332,Noreste,Manglar,0.5585882
-109.74530232188441,29.359871056510123,Noroeste,Bosque Templado,0.9249947
-112.08413852010314,25.423286943267538,Noroeste,Manglar,0.96165293
-112.38846172721469,31.067317812299752,Noroeste,Bosque Templado,0.96990824
-108.36928286435676,27.528510147165882,Noreste,Pastizal,0.97954726
-98.39531164615892,17.307935000670795,Sur,Bosque Templado,0.7701365
-101.93296561838245,27.27917595338478,Noreste,Matorral Seco,0.67391527
-99.87630131042617,19.40636511022664,Centro,Selva Húmeda,0.22621764
-109.22286410856219,29.686761156548336,Noroeste,Selva Húmeda,0.93972415
-102.66411064877059,28.598678273368346,Noreste,Bosque Templado,0.93424
-99.33112264878383,21.885297541262037,Centro,Pastizal,0.95490175
-98.21296927610288,23.721368211287658,Noreste,Pastizal,0.32208824
-94.85105254055777,16.554114976526726,Noreste,Selva Húmeda,0.27077648
-115.99145437964425,30.83880367041713,Noroeste,Bosque Templado,0.28617647
-102.4828594942276,21.25306849057918,Occidente,Pastizal,0.36994117
-105.72436307129365,30.488404034656487,Noreste,Selva Húmeda,0.9195841
-105.90456484782403,29.201122521121384,Noreste,Bosque Templado,0.4879694
-98.79660815795677,19.39399424143544,Centro,Bosque Templado,0.3298353
-88.05290565380547,19.507999127457072,Sureste,Manglar,0.8863241
-92.62098337620134,15.994949684382563,Sureste,Bosque Templado,0.78365177
-102.4174467927359,18.90644735186032,Occidente,Selva Húmeda,0.63673943
-101.71775657883346,29.61351902018287,Noreste,Manglar,0.95954233
-110.76067968040364,28.879940796231296,Noroeste,Selva Húmeda,0.82723296
-100.64026359858156,27.56587615485108,Noreste,Bosque Templado,0.42072353
-106.08708433004111,23.696285693586326,Noroeste,Bosque Templado,0.9775759
-108.2082019611921,25.717666268405818,Noroeste,Selva Húmeda,0.6550165
-100.62508275183274,17.368084461099755,Sur,Matorral Seco,0.6065118
-112.94488259128367,30.773172731302857,Noroeste,Selva Húmeda,0.3315706
-105.06592352545478,21.19500516884934,Occidente,Manglar,0.9802477
-95.30804706548145,18.256473981808476,Sureste,Bosque Templado,0.31148824
-111.65860149494462,26.65672915056702,Noroeste,Pastizal,0.9924507
-101.86566271381663,27.439217484948855,Noreste,Pastizal,0.7633141
-88.71654198881426,19.126238671555278,Sureste,Matorral Seco,0.68138176
-92.4709276455422,16.630788345797985,Sureste,Matorral Seco,0.60315293
-106.85873956607853,28.32581854485313,Noreste,Selva Húmeda,0.25227058
-110.83265848874952,30.627176633907517,Noroeste,Selva Húmeda,0.79821116
-113.93678213556991,29.28446826073523,Noroeste,Matorral Seco,0.978125
-92.30121290338838,16.93005817852076,Sureste,Manglar,0.7172629
-104.8607933867792,28.085626923852942,Noreste,Pastizal,0.51533586
-99.64356384717077,23.355158885747343,Noreste,Manglar,0.85056174
-87.7053447193712,19.15493814857663,Sureste,Selva Húmeda,0.9103341
-103.93712338418365,20.25726283817274,Occidente,Selva Húmeda,0.40691766
-106.81607150341148,29.424373829252712,Noreste,Selva Húmeda,0.59570175
-97.92607902910746,19.71547620467009,Centro,Manglar,0.3126059
-95.97611296746278,16.115521457322895,Noreste,Bosque Templado,0.92556
-90.4999559190809,16.300742231881994,Sureste,Manglar,0.41304705
-104.92437975497567,27.322460091001886,Noreste,Selva Húmeda,0.9191353
-98.48453465772363,22.367523854908274,Sureste,Bosque Templado,0.38411176
-109.02346421311394,26.243542026281855,Noroeste,Pastizal,0.1772
-101.64078991689382,22.154617939420152,Centro,Bosque Templado,0.3157
-91.99038708158822,15.792465248377335,Sureste,Bosque Templado,0.17647646
-92.81185104731422,15.37042649367332,Sureste,Pastizal,0.22549412
-113.87596023028672,29.02911554717548,Noroeste,Matorral Seco,0.9766591
-107.66397228695502,30.407459818275616,Noreste,Manglar,0.39935294
-108.12207265343804,27.81341425885728,Noreste,Matorral Seco,0.8597553
-98.77864731022466,17.84998299038192,Sur,Manglar,0.79974586
-101.75063681623978,20.825770448649344,Centro,Bosque Templado,0.36860588
-93.88090224376626,17.009092783238017,Sureste,Pastizal,0.74669117
-104.54556680361999,19.331117488714394,Occidente,Bosque Templado,0.46550295
-107.97084193078597,24.860594461426654,Noroeste,Manglar,0.9893833
-103.35607085026818,20.698219373310813,Occidente,Bosque Templado,0.0
-99.35320516457355,23.262215809260464,Noreste,Selva Húmeda,0.5916512
-94.22192360288595,18.121546469774888,Sureste,Selva Húmeda,0.3310412
-111.74095238178691,30.126486432768218,Noroeste,Manglar,0.9897431
-88.88053814988518,20.721065177988415,Sureste,Matorral Seco,0.66960764
-111.43448763338662,29.055466499240026,Noroeste,Selva Húmeda,0.82059413
-93.42902057042897,17.09185650406995,Sureste,Manglar,0.66351473
-104.81611984992155,27.247385510883074,Noreste,Selva Húmeda,0.33691764
-109.02535619770423,29.58532748948966,Noroeste,Matorral Seco,0.9729201
-105.08744563444662,26.76322234518164,Noreste,Bosque Templado,0.74586356
-96.29142398273572,15.927993349267057,Noreste,Matorral Seco,0.88613355
-96.49308574432646,16.445438503404187,Noreste,Selva Húmeda,0.7059947
-109.28410118984831,28.858779312482003,Noroeste,Bosque Templado,0.65648586
-97.96117001232807,17.841796768959796,Noreste,Pastizal,0.9758936
-116.33954030019821,31.605624615966175,Noroeste,Matorral Seco,0.96627
-94.41119586023672,16.779209309664715,Noreste,Selva Húmeda,0.9999661
-109.02930394845704,31.29396519390759,Noroeste,Selva Húmeda,0.69037056
-92.48810295892928,15.713857132873981,Sureste,Bosque Templado,0.5328218
-97.48842531020927,16.478067304619184,Noreste,Manglar,0.41999412
-88.70273196489927,20.888041987238697,Sureste,Manglar,0.5867612
-105.5306721487735,26.768436084204936,Noreste,Pastizal,0.51452
-106.7033104967943,29.85388700991846,Noreste,Selva Húmeda,0.67514056
-103.38465510137132,23.087369317203034,Centro,Selva Húmeda,0.90280473
-110.27324659615238,27.567784410987848,Noroeste,Manglar,0.2116
-107.00007889058972,30.137765607593288,Noreste,Bosque Templado,0.62648296
-106.37167178153027,29.62253580805107,Noreste,Pastizal,0.44808707
-97.03029566456952,16.471120629889835,Noreste,Matorral Seco,0.5794447
-102.14805355164421,22.557467660728683,Centro,Matorral Seco,0.33045882
-105.37663742436396,26.890997305980424,Noreste,Pastizal,0.5409588
-97.25588564350807,18.108729040155133,Noreste,Bosque Templado,0.9662965
-108.54137039026989,27.082982263145908,Noreste,Manglar,0.80620766
-92.81072289896622,15.935466736592415,Sureste,Selva Húmeda,0.6480359
-94.50365618833779,17.158108379136923,Noreste,Selva Húmeda,0.9981937
-99.55174238518919,17.920523747967707,Sur,Pastizal,0.63792825
-114.76187735594695,30.593181946536177,Noroeste,Selva Húmeda,0.99997765
-103.21914665804064,21.149742761266133,Centro,Bosque Templado,0.9524553
-99.0381347404173,23.143900261136743,Noreste,Selva Húmeda,0.50437117
-109.6957779958796,30.128961541733595,Noroeste,Bosque Templado,0.62133646
-103.72459810723122,27.15166695393609,Noreste,Pastizal,0.9477406
-102.07436605852091,21.087342220730253,Occidente,Bosque Templado,0.51759297
-107.46705113641386,27.165297537112625,Noreste,Pastizal,0.9810897
-101.29568573762658,23.08838954355784,Centro,Pastizal,0.9396441
-111.09481054529627,29.274305909261983,Noroeste,Bosque Templado,0.86623645
-92.51534455329069,16.438279152063473,Sureste,Selva Húmeda,0.2535353
-112.45030524859861,31.71778708358112,Noroeste,Selva Húmeda,0.97052294
-99.34135745612402,20.90172992946703,Centro,Selva Húmeda,0.7594288
-102.43368374754375,18.722872894168592,Occidente,Bosque Templado,0.6962359
-102.15746735513486,28.16947564238004,Noreste,Pastizal,0.81940943
-89.62344298198215,19.75198626387305,Sureste,Pastizal,0.6958712
-100.55779774442371,25.240553124337417,Sur,Manglar,0.8193935
-103.87951571505988,20.1468636297438,Occidente,Bosque Templado,0.5513406
-89.1708190759157,20.789848190524403,Sureste,Selva Húmeda,0.5819941
-111.16327465784407,24.706469201378862,Noroeste,Matorral Seco,0.94248235
-105.19400871043754,20.684289302741327,Occidente,Selva Húmeda,0.19505882
-101.16735867721974,22.353233747834757,Centro,Selva Húmeda,0.15691176
-102.03384104050804,28.022122967900838,Noreste,Pastizal,0.95098
-102.0878614063459,27.308338897132614,Noreste,Selva Húmeda,0.76765823
-107.39466023826363,31.36029065698178,Noreste,Selva Húmeda,0.7815159
-113.52678667008541,31.52654087573002,Noroeste,Pastizal,0.65701884
-89.82177545020097,19.370998393012826,Sureste,Matorral Seco,0.71069825
-111.1725123256805,25.257087517974163,Noroeste,Matorral Seco,0.993432
-115.78107341952874,32.09735546146227,Noroeste,Bosque Templado,0.9994611
-107.21179899917338,29.34360898480709,Noreste,Selva Húmeda,0.31477648
-96.96636751159566,19.959175207815765,Sureste,Matorral Seco,0.40214118
-105.32638559785163,28.39889731910008,Noreste,Bosque Templado,0.70845354
-103.3781665638534,19.16830046671892,Occidente,Bosque Templado,0.44824293
-105.74758388075979,30.627381368512225,Noreste,Manglar,0.9761764
-99.26170515140186,20.091096457365968,Centro,Pastizal,0.17742941
-99.44799512007717,19.049777874407287,Centro,Selva Húmeda,0.9039712
-112.53690167677759,31.10494557445543,Noroeste,Pastizal,0.9620306
-97.4097177411681,17.51562198380772,Noreste,Selva Húmeda,0.84698766
-101.0349622218048,27.455073945481605,Noreste,Matorral Seco,0.82319707
-105.76988558365854,23.246632098140996,Noroeste,Pastizal,0.99297136
-97.25167364448072,20.544775683960328,Sureste,Matorral Seco,0.3335294
-101.15057203478548,20.285137033925842,Centro,Selva Húmeda,0.19514118
-115.31655814801458,29.65704618104661,Noroeste,Bosque Templado,0.98630023
-97.24835360579968,18.3551154066654,Centro,Manglar,0.12248824
-97.74813978007663,21.668336969851268,Sureste,Matorral Seco,0.45182353
-107.86083335631926,28.442640268055204,Noreste,Matorral Seco,0.97923285
-111.25492509087891,30.234831451808155,Noroeste,Pastizal,0.53426355
-116.5751992729488,32.172224423026854,Noroeste,Bosque Templado,0.99999106
-102.235743174428,24.471832737463533,Centro,Bosque Templado,0.89386237
-102.96284838453145,21.526578489696213,Centro,Selva Húmeda,0.5797112
-101.66877758260466,21.764774102838878,Occidente,Matorral Seco,0.96178
-98.1569285132463,16.500735654158078,Noreste,Manglar,0.37880588
-93.36387671436304,15.994598203893464,Sureste,Manglar,0.9650953
-93.23516973668605,16.26280281873289,Sureste,Bosque Templado,0.38900587
-106.05340276362988,30.951618454770195,Noreste,Bosque Templado,0.96551
-106.14648655173771,29.55338236431959,Noreste,Matorral Seco,0.94252706
-109.05406591954262,29.623466653994665,Noroeste,Bosque Templado,0.83332115
-102.00563997323985,26.923635232094444,Noreste,Manglar,0.9219659
-103.91364924929078,28.638589597592297,Noreste,Matorral Seco,0.9142488
-106.17729943799075,23.599119331503765,Noroeste,Bosque Templado,0.9851705
-88.39275647248944,20.842609559581653,Sureste,Matorral Seco,0.6521053
-106.93894345512716,26.493911326019195,Noreste,Pastizal,0.6451947
-100.40493477921795,18.78692204970768,Centro,Selva Húmeda,0.6937247
-101.6980059458817,23.957889586633783,Centro,Bosque Templado,0.9916651
-88.4129802029428,21.08533576221931,Sureste,Matorral Seco,0.60821354
-100.56193936726685,22.85311638609371,Centro,Matorral Seco,0.9447365
-97.72580623985992,20.52553127447603,Centro,Bosque Templado,0.37085882
-93.56330862755327,18.291046020852182,Sureste,Pastizal,0.3983706
-92.66112192659088,18.422437975428867,Sureste,Manglar,0.99383223
-101.16891731828414,26.120541740444395,Noreste,Pastizal,0.90961176
-90.65829398282591,16.39493037927017,Sureste,Selva Húmeda,0.38855293
-102.84920519578284,22.373950775870973,Centro,Manglar,0.34871176
-98.37340792303839,19.12362647927289,Centro,Pastizal,0.18064706
-101.93029752294687,24.726520554389953,Centro,Bosque Templado,0.8624794
-105.89361234488369,27.405808013156722,Noreste,Selva Húmeda,0.46647
-88.4563026929814,19.461086422797663,Sureste,Pastizal,0.9760725
-100.04026894114676,23.54806309477042,Sur,Selva Húmeda,0.96223766
-110.02853102258953,23.650185680577813,Noroeste,Bosque Templado,0.98993856
-87.8330244842197,19.150091153612024,Sureste,Bosque Templado,0.88629353
-116.35433444269614,31.726912363064955,Noroeste,Pastizal,0.88310117
-99.8862207365385,18.854156180900375,Centro,Bosque Templado,0.21339412
-102.09270841753603,20.88933680095802,Occidente,Selva Húmeda,0.3190647
-110.28242809191664,29.109174438567347,Noroeste,Manglar,0.80423
-114.02362844014924,29.435746804053586,Noroeste,Matorral Seco,0.9917058
-102.61946430855876,22.489360672321663,Centro,Pastizal,0.49783823
-98.24892968952551,25.375234784786045,Noreste,Manglar,0.3111647
-105.96380681582055,23.050743423886043,Noroeste,Selva Húmeda,0.19685294
-92.90430468465424,15.720859581785932,Sureste,Pastizal,0.5765082
-92.34093454414757,17.790915471045658,Sureste,Pastizal,0.7859653
-98.84618111219429,19.487199639132744,Centro,Bosque Templado,0.31024706
-98.4960453889517,17.15491826699924,Sur,Pastizal,0.60470885
-88.74260417034453,19.842832692694056,Sureste,Pastizal,0.6462871
-107.39571070148267,24.862747633687412,Noroeste,Matorral Seco,0.18635294
-113.12246528752509,27.36031491444562,Noroeste,Matorral Seco,0.9876772
-110.82397467137245,30.337718556566756,Noroeste,Bosque Templado,0.94099826
-115.10692362556894,30.162161599944042,Noroeste,Bosque Templado,0.99712664
-100.85051348378394,28.561236350681718,Noreste,Manglar,0.88981414
-102.04598327344762,18.898198741553923,Occidente,Pastizal,0.0009
-113.7064484627124,27.979684071122684,Noroeste,Selva Húmeda,0.9937792
-99.67890773014636,23.124935787066857,Noreste,Pastizal,0.5514335
-105.50916618105252,29.596500418269162,Noreste,Matorral Seco,0.96573293
-89.73304106052684,19.56933026643364,Sureste,Matorral Seco,0.69062823
-104.72977376080141,20.297165053263676,Occidente,Manglar,0.9316165
-106.85780370882932,31.168701796512103,Noreste,Manglar,0.05957059
-98.16696913808738,24.37797964837736,Noreste,Matorral Seco,0.6825053
-99.709129073316,19.429747448759525,Centro,Matorral Seco,0.1851
-96.6627215675873,18.90038583259078,Sureste,Selva Húmeda,0.29468235
-102.39711449719661,24.03149004414753,Centro,Pastizal,0.7678553
-86.942736588399,21.234351657358598,Sureste,Manglar,0.89784646
-106.19602488435497,28.177713179368702,Noreste,Pastizal,0.29412353
-115.54087135077414,30.55158013725002,Noroeste,Matorral Seco,0.99045324
-87.74202230046579,20.039913453225015,Sureste,Bosque Templado,0.98923737
-108.93850747823237,29.787980217213413,Noroeste,Matorral Seco,0.99404734
-89.64315183947711,18.42970694393451,Sureste,Matorral Seco,0.70815235
-106.21512189898314,26.80798469017083,Noreste,Bosque Templado,0.8200477
-99.05041578545949,17.366200503832054,Sur,Manglar,0.55611706
-116.25361517425756,32.24573784430209,Noroeste,Bosque Templado,0.99986005
-101.94868669601024,24.141564435800344,Centro,Bosque Templado,0.9668553
-99.43578960680694,24.29878194419471,Noreste,Manglar,0.91453826
-104.40679826315501,29.31508721411392,Noreste,Pastizal,0.7947741
-103.43931845529748,23.157492131755554,Centro,Selva Húmeda,0.27951178
-107.20084716720315,27.392242131028063,Noreste,Selva Húmeda,0.8160394
-101.7487267470338,18.55831962634067,Sur,Bosque Templado,0.6066194
-89.07145931521089,20.051015301805517,Sureste,Matorral Seco,0.33691764
-92.76572496288134,17.927622728571848,Sureste,Manglar,0.3994706
-112.22240723636389,26.20061522239598,Noroeste,Bosque Templado,0.9525135
-107.31334230693761,26.09056236496414,Noreste,Matorral Seco,0.9406059
-104.84498799882543,27.299274580404077,Noreste,Bosque Templado,0.17614706
-112.92527558545342,26.586536039788207,Noroeste,Manglar,0.8439553
-98.98592282344926,21.83832061012324,Centro,Pastizal,0.33675882
-92.12125096418647,15.92291059294332,Sureste,Manglar,0.5897471
-106.27206603195273,26.77610432242754,Noreste,Manglar,0.32429412
-95.75792951169154,16.38373006979388,Noreste,Bosque Templado,0.7722959
-98.53128102804143,16.500419051393948,Sur,Matorral Seco,0.28671175
-109.37295339762633,27.593902650817835,Noroeste,Bosque Templado,0.6012471
-107.41854934642994,24.36673537743783,Noroeste,Matorral Seco,0.12912941
-92.16348893798992,15.66641788176389,Sureste,Pastizal,0.5227694
-105.17789182617447,26.79830335783553,Noreste,Manglar,0.6667259
-103.40017757202797,28.0214478366045,Noreste,Pastizal,0.74572176
-108.61096897049768,25.56609619360042,Noroeste,Manglar,0.17648824
-101.60956373828847,19.2769038137158,Occidente,Matorral Seco,0.32481766
-90.9138082687408,19.09038916972319,Sureste,Selva Húmeda,0.6294447
-98.24249344053374,16.319556651748357,Noreste,Bosque Templado,0.24154118
-106.56441334309827,28.171819064388682,Noreste,Bosque Templado,0.34717646
-103.3345156945722,22.726529824430674,Centro,Pastizal,0.6399394
-111.00597597025097,30.44757178550504,Noroeste,Manglar,0.9275318
-98.10823404281597,16.60089813346861,Noreste,Pastizal,0.57687765
-103.51499844031704,24.044505161176193,Centro,Bosque Templado,0.43244117
-98.71830256255018,24.423731670322375,Noreste,Pastizal,0.9091553
-107.54853457833269,25.15494070445054,Noroeste,Selva Húmeda,0.99307245
-103.8653159172051,20.251687839759622,Occidente,Bosque Templado,0.7410094
-97.86857775385035,22.76886496397152,Noreste,Selva Húmeda,0.288
-101.7166073460501,28.378904854596257,Noreste,Manglar,0.5499559
-102.56409042044491,28.99616845605138,Noreste,Pastizal,0.8940424
-101.479039129765,26.00435655466789,Noreste,Matorral Seco,0.95919764
-97.92357157087933,19.1296348613264,Centro,Pastizal,0.27227646
-92.37369402194388,18.480943777859533,Sureste,Matorral Seco,0.9817674
-99.22563543488428,26.518228896347352,Noreste,Matorral Seco,0.44236234
-114.74615879144018,29.270067829707195,Noroeste,Pastizal,0.97921205
-96.76014533058408,17.65380877048502,Noreste,Pastizal,0.4308353
-115.63376206754897,31.793482535797995,Noroeste,Manglar,0.9975842
-101.37553872917316,26.01231110614269,Noreste,Matorral Seco,0.93165296
-104.81153213003532,28.585228671033637,Noreste,Selva Húmeda,0.7127812
-99.52989905743206,18.877527884004046,Centro,Manglar,0.6810082
-92.90398515820193,17.37583869416515,Sureste,Bosque Templado,0.43244117
-106.85728918933475,27.384663291261557,Noreste,Manglar,0.98333925
-99.66769279777037,21.174088804980446,Centro,Matorral Seco,0.76322824
-111.360078373163,25.292063220348048,Noroeste,Matorral Seco,0.8338888
-116.51000922652044,32.50045997048157,Noroeste,Manglar,0.8711494
-99.21206253314988,21.771314081786244,Centro,Selva Húmeda,0.8789971
-101.08594951109593,24.5066546555352,Centro,Matorral Seco,0.94195473
-103.3837104361578,27.226718801876242,Noreste,Manglar,0.9930558
-94.88961031604256,16.470263572228152,Noreste,Pastizal,0.42945296
-102.95664362039486,25.326090492998173,Noreste,Selva Húmeda,0.9974765
-97.27150245986145,17.150948541992072,Noreste,Selva Húmeda,0.6573106
-110.53200379282131,29.9243581849937,Noroeste,Bosque Templado,0.9714319
-109.04790525704233,25.718199082035774,Noroeste,Manglar,0.17648824
-103.4776318589864,19.15971367280422,Occidente,Matorral Seco,0.60184944
-103.41215781145554,21.81644027487734,Centro,Matorral Seco,0.37004116
-98.72347117336409,17.218324380635288,Sur,Matorral Seco,0.6121494
-91.4572719238282,16.662071000079518,Sureste,Bosque Templado,0.98578745
-98.12035648151526,17.611437397325208,Noreste,Matorral Seco,0.8475665
-101.65040417925611,21.021639061423294,Centro,Bosque Templado,0.28663528
-116.8234330205369,32.24786296924345,Noroeste,Bosque Templado,0.99977237
-98.17530139096247,24.472827641241977,Noreste,Pastizal,0.60973233
-95.90952755865045,16.09663940237401,Noreste,Pastizal,0.8553835
-99.20312231398512,21.96326271666395,Centro,Pastizal,0.99917364
-105.06247045504988,20.521172799384033,Occidente,Manglar,0.9203353
-97.5734435266467,21.270416957399952,Sureste,Pastizal,0.3708059
-102.77460941700843,22.02465371053182,Centro,Bosque Templado,0.6601494
-114.51034677923187,29.667231861183026,Noroeste,Bosque Templado,0.9951086
-112.17545133558676,26.84557274266634,Noroeste,Pastizal,0.9845091
-99.89186884839677,21.770599864057413,Centro,Pastizal,0.89859706
-98.01222905294286,16.35975138602669,Noreste,Selva Húmeda,0.48059
-103.84407830787637,28.64553475616477,Noreste,Matorral Seco,0.43244705
-108.07854721963041,26.143578558867887,Noroeste,Pastizal,0.97304994
-107.75904807350025,30.934273202565837,Noreste,Matorral Seco,0.67417175
-92.30374696215658,16.113630538708037,Sureste,Selva Húmeda,0.40509412
-99.2665271028644,23.56717296882249,Noreste,Matorral Seco,0.76885
-97.81878412708205,19.96990912529284,Centro,Pastizal,0.35
-87.53506801467448,20.5152552113381,Sureste,Matorral Seco,0.9899179
-107.08179965678754,28.517598497165448,Noreste,Manglar,0.99834263
-102.86896057438476,25.829564977839805,Noreste,Manglar,0.7469441
-109.02893386864895,29.578578167494566,Noroeste,Manglar,0.9332318
-100.92884523908756,24.37875264532603,Centro,Bosque Templado,0.38998234
-105.5410582476647,27.62720767094233,Noreste,Manglar,0.9880274
-105.88946567512488,29.49635459824702,Noreste,Bosque Templado,0.83083236
-90.24338803083869,20.741458153215866,Sureste,Pastizal,0.6935253
-102.90063124827554,27.97943508797942,Noreste,Bosque Templado,0.7919694
-90.79856733014883,16.554597694351806,Sureste,Manglar,0.98940533
-103.02079820077648,27.574313209370203,Noreste,Matorral Seco,0.95800644
-95.75590301965526,17.575642738925687,Noreste,Selva Húmeda,0.33822352
-92.19771307991509,17.815304132138355,Sureste,Selva Húmeda,0.43052942
-98.97352533037339,25.97540394858494,Sur,Selva Húmeda,0.4304588
-114.12910651794122,27.205634844692263,Noroeste,Pastizal,0.98804575
-90.64115726124118,18.800123123456036,Sureste,Bosque Templado,0.70645297
-100.81114907732866,28.35105997288613,Noreste,Matorral Seco,0.20975882
-110.290410811139,24.22725441439806,Noroeste,Bosque Templado,0.9998429
-112.00675891601439,25.595565140615655,Noroeste,Bosque Templado,0.9711322
-104.78883551992108,28.403451684958952,Noreste,Pastizal,0.86628234
-99.6780417195978,25.31132660719328,Sur,Selva Húmeda,0.81906414
-98.66594869076737,17.247607248031777,Sur,Manglar,0.8884888
-90.44066085030673,17.9607795304856,Sureste,Bosque Templado,0.4078059
-98.55981606601078,21.130636410835002,Centro,Manglar,0.48394
-95.8274480804947,17.90620229863842,Sureste,Matorral Seco,0.3974059
-109.89866684068299,23.06596798494103,Noroeste,Matorral Seco,0.9882929
-98.42985624107752,25.322110260412128,Noreste,Selva Húmeda,0.7911735
-102.3932889734352,28.865731393679734,Noreste,Pastizal,0.88503706
-109.99795071448632,29.258887047483373,Noroeste,Pastizal,0.96323884
-105.90385424164782,28.054719952929002,Noreste,Bosque Templado,0.54390293
-103.36632317238468,24.098584815982665,Centro,Pastizal,0.16297059
-109.245694069039,29.43812912691945,Noroeste,Bosque Templado,0.8741853
-105.18803573536057,29.605971362078634,Noreste,Manglar,0.9848276
-100.63900544096408,23.049501069018092,Centro,Selva Húmeda,0.9906896
-108.17057312988018,26.168950359349196,Noroeste,Matorral Seco,0.91732174
-95.37970023762223,17.99768862527204,Sureste,Pastizal,0.22924118
-114.63729165367398,29.244047446389956,Noroeste,Manglar,0.9960291
-112.09888504571283,30.513593445830768,Noroeste,Matorral Seco,0.9415647
-103.82141181732354,19.727187146029497,Occidente,Manglar,0.48243
-101.08481445584631,28.382905387727483,Noreste,Manglar,0.86532474
-113.4174632683671,28.03838047533086,Noroeste,Matorral Seco,0.99723065
-98.29443611040375,25.75802999857834,Noreste,Selva Húmeda,0.30694705
-102.64307628583596,29.403429722460668,Noreste,Pastizal,0.97848004
-104.60031191485956,27.987466158649063,Noreste,Pastizal,0.9437247
-102.51308199420987,29.265111611312907,Noreste,Manglar,0.9920226
-92.19621041728168,17.55056911702404,Sureste,Bosque Templado,0.4118647
-112.23017782837303,30.5057638536153,Noroeste,Pastizal,0.46103707
-114.93723701419776,31.948183105944775,Noroeste,Manglar,0.99062157
-105.95418926396543,26.88399665952261,Noreste,Matorral Seco,0.69112056
-88.5656506061363,20.275908770206904,Sureste,Selva Húmeda,0.62608707
-109.42735218489626,27.838742594859205,Noroeste,Manglar,0.83415943
-115.08921054891445,31.753086642476575,Noroeste,Manglar,0.9999518
-96.21198236105808,16.427388204481236,Noreste,Pastizal,0.6784623
-104.53941258493676,20.91383251343329,Occidente,Pastizal,0.22334118
-89.1229474503294,18.905778009217297,Sureste,Bosque Templado,0.5932553
-104.94926012790778,30.098943879336513,Noreste,Selva Húmeda,0.96039116
-100.04761860805174,19.737873525644293,Centro,Manglar,0.2517706
-100.11773416069954,22.21026797385957,Centro,Manglar,0.19544706
-107.09279034578918,26.01102054408792,Noreste,Manglar,0.92448527
-102.70983453170535,20.764735975270984,Occidente,Matorral Seco,0.40139413
-113.4790385563252,31.503694341247584,Noroeste,Pastizal,0.9794231
-97.8021271200166,16.556716204714515,Noreste,Bosque Templado,0.85302293
-102.04003070956996,29.055601467861983,Noreste,Bosque Templado,0.7693259
-111.20716972355002,30.76311903448879,Noroeste,Bosque Templado,0.65358764
-109.24829469965213,28.84654183782029,Noroeste,Matorral Seco,0.99247926
-110.79094130346213,30.652956165033626,Noroeste,Selva Húmeda,0.8766653
-92.21236408644091,15.20301814063722,Sureste,Selva Húmeda,0.3319647
-98.43904970743472,26.053142280802625,Noreste,Pastizal,0.8972576
-90.0178908396394,19.625289492097373,Sureste,Manglar,0.69003296
-96.37312094046773,17.813858941327407,Noreste,Manglar,0.9748611
-108.82799518092794,27.463463490657336,Noroeste,Bosque Templado,0.99002427
-115.53381778325,31.57396664017051,Noroeste,Matorral Seco,0.9931198
-106.63201076355203,28.82260805050218,Noreste,Matorral Seco,0.9575965
-101.33396489673116,18.82456428251867,Occidente,Selva Húmeda,0.6615653
-105.09439445925568,21.68512448800263,Occidente,Bosque Templado,0.22468235
-107.10348292013101,25.750050349462462,Noroeste,Matorral Seco,0.9485647
-102.98857144599835,20.345081051582596,Occidente,Pastizal,0.7058088
-97.94748375140178,21.2747029038818,Sureste,Bosque Templado,0.4009353
-90.52452161048824,19.672873767964283,Sureste,Bosque Templado,0.74569297
-106.60071279036191,27.72233522465634,Noreste,Matorral Seco,0.39075294
-90.58713256024542,18.922429330805276,Sureste,Selva Húmeda,0.31615293
-108.00184513345984,30.939041786883415,Noreste,Pastizal,0.54343
-103.64532548031784,19.033513139053905,Occidente,Matorral Seco,0.6774853
-108.07865867346277,29.457921792767824,Noreste,Matorral Seco,0.97382826
-111.98536120216262,30.508050469604868,Noroeste,Selva Húmeda,0.97012293
-111.57852956931453,29.371822744808398,Noroeste,Selva Húmeda,0.9777565
-102.4008395758196,22.851777585892204,Centro,Manglar,0.21884707
-96.40792172104612,19.55945937808467,Sureste,Matorral Seco,0.21602353
-108.87901703815321,29.82747994037213,Noroeste,Selva Húmeda,0.9529653
-101.93325376668841,18.477274338852517,Occidente,Selva Húmeda,0.7003494
-107.69950410303346,25.491797352340825,Noroeste,Manglar,0.9945789
-90.11053098904021,20.9587227795758,Sureste,Selva Húmeda,0.7015824
-98.69388438988867,23.409933061446868,Noreste,Bosque Templado,0.86487824
-103.03409277034946,19.90372528665414,Occidente,Manglar,0.93378115
-100.96714194821999,17.62945513677396,Sur,Selva Húmeda,0.8960953
-107.24375679304352,27.2657774848363,Noreste,Matorral Seco,0.9431194
-98.8599987208007,18.50039549158746,Centro,Matorral Seco,0.7628182
-99.51107901367403,16.955761957910916,Sur,Matorral Seco,0.42532352
-102.43472310908749,29.007915214414194,Noreste,Selva Húmeda,0.8119394
-95.74755528484403,16.650452100564628,Noreste,Bosque Templado,0.65236646
-97.9303131412224,18.140794394295572,Centro,Manglar,0.8502923
-110.414566350177,29.91787447851492,Noroeste,Pastizal,0.9397847
-109.02607924563561,27.135788130327164,Noroeste,Selva Húmeda,0.987966
-105.19582951122446,27.251104735087136,Noreste,Manglar,0.7003253
-102.69713069845578,18.507760832613172,Occidente,Pastizal,0.897037
-98.85196162123951,22.511861243270573,Noreste,Selva Húmeda,0.6454641
-101.41906246655304,18.832013811845272,Occidente,Matorral Seco,0.65960824
-108.28421298344495,26.472376989547428,Noroeste,Manglar,0.9432506
-92.6056732153487,16.309614401202435,Sureste,Matorral Seco,0.24575295
-112.59955980766607,29.86212080023099,Noroeste,Selva Húmeda,0.9645812
-101.23348020601067,25.565850461264567,Noreste,Bosque Templado,0.7856294
-102.05791353487085,28.41658094110109,Noreste,Pastizal,0.59742
-97.20026390404672,16.491196034422405,Noreste,Matorral Seco,0.91357297
-92.84233103533026,15.364631347275509,Sureste,Bosque Templado,0.2869706
-111.6339604321175,31.339851889638457,Noroeste,Manglar,0.8576177
-88.39297560527994,21.321538400398794,Sureste,Manglar,0.4037294
-88.50317958309581,19.006906970189828,Sureste,Selva Húmeda,0.9477688
-102.7554040997697,25.421906513323965,Noreste,Pastizal,0.3507706
-108.176485502492,29.67537811711527,Noreste,Pastizal,0.90259117
-102.08749926012474,24.26346178979865,Centro,Pastizal,0.85500294
-113.86701548986461,27.28303658774085,Noroeste,Selva Húmeda,0.91320235
-101.55860131591403,18.817250076620507,Occidente,Matorral Seco,0.45041943
-106.77243200140674,27.98047279992481,Noreste,Matorral Seco,0.42211178
-107.08200016078281,31.601166116961696,Noreste,Manglar,0.9267653
-106.65169609905068,26.472482453819417,Noreste,Selva Húmeda,0.66750354
-99.90987713388861,17.275384893127235,Sur,Selva Húmeda,0.83798295
-98.97011403086168,23.652619023666684,Noreste,Matorral Seco,0.37092942
-101.09544441837953,20.361758426170585,Centro,Pastizal,0.31368825
-107.24083104232653,29.816051872945724,Noreste,Selva Húmeda,0.7117306
-116.38046633507385,31.705408373649533,Noroeste,Matorral Seco,0.86215764
-109.02931454116451,27.923096962627184,Noroeste,Pastizal,0.97914493
-102.78632069341865,24.005917382615795,Centro,Manglar,0.9521047
-100.22882424686631,19.456785810233463,Centro,Bosque Templado,0.3042059
-113.55971900640507,27.44827049453514,Noroeste,Selva Húmeda,0.9942308
-111.65320988602241,24.70619663000955,Noroeste,Matorral Seco,0.8087641
-101.60843873107633,17.758645233580914,Sur,Matorral Seco,0.36485294
-108.2783501301542,28.641566542004067,Noreste,Pastizal,0.99323595
-106.45643232778392,29.44669804247964,Noreste,Manglar,0.56010765
-96.16423130734786,15.795381423801032,Noreste,Manglar,0.9056394
-103.68075967646871,20.716866992210463,Occidente,Manglar,0.029347058
-100.68513819439865,18.776707500527664,Sur,Manglar,0.6084488
-101.04378043550417,21.024513759815235,Centro,Selva Húmeda,0.49437413
-87.77816321117314,20.537919180201357,Sureste,Bosque Templado,0.9277182
-102.98134531576066,22.40060621736912,Centro,Matorral Seco,0.6554959
-110.84639373623051,29.747365852109926,Noroeste,Bosque Templado,0.9593606
-99.38880440760254,22.780796581242985,Noreste,Matorral Seco,0.9994545
-97.91496312388676,17.950622651457945,Noreste,Selva Húmeda,0.3520294
-96.69167454804094,19.527594242056356,Sureste,Matorral Seco,0.3581941
-107.75350777416503,25.78546224732053,Noroeste,Manglar,0.83555233
-102.44894660872679,24.11536264366561,Centro,Bosque Templado,0.9621547
-95.28296140160255,16.909240653267386,Noreste,Manglar,0.6958488
-102.95345097125053,22.631648034310007,Centro,Pastizal,0.40035295
-87.90967969697684,20.42245504776109,Sureste,Bosque Templado,0.80902
-108.30891187032361,28.95648844563831,Noreste,Pastizal,0.9932758
-102.34663503455695,18.919620279441066,Occidente,Manglar,0.17631176
-97.9279030328441,22.225694472584784,Sureste,Matorral Seco,0.95200944
-111.30039411248332,31.165638556457157,Noroeste,Matorral Seco,0.74303585
-105.22812974807421,20.980452765083918,Occidente,Selva Húmeda,0.9683606
-104.73464186373981,21.325668670305873,Occidente,Manglar,0.40072352
-96.9601145925704,16.245490451805665,Noreste,Selva Húmeda,0.8960635
-100.9597608242814,18.701072309178485,Occidente,Pastizal,0.6824565
-107.74440969185056,27.16404146383342,Noreste,Manglar,0.5352941
-116.5465374435738,31.519513683570818,Noroeste,Bosque Templado,0.89094234
-106.35544163423602,23.5291853985435,Noroeste,Pastizal,0.99516386
-112.77477877428115,31.149634761686716,Noroeste,Pastizal,0.9267035
-114.11906820482045,28.84928636755133,Noroeste,Pastizal,0.88792825
-110.27988969003668,30.659223494602333,Noroeste,Manglar,0.9382412
-111.71853550596104,25.995193437344458,Noroeste,Manglar,0.9988304
-105.41440585209328,27.83504493348793,Noreste,Pastizal,0.8646894
-94.36287597004325,16.385923447103718,Noreste,Bosque Templado,0.5489465
-101.53493469654133,21.954246148794766,Centro,Manglar,0.29721764
-104.66861505663086,29.631807293005526,Noreste,Bosque Templado,0.99618787
-107.0350278693745,29.49399217163235,Noreste,Matorral Seco,0.6835359
-110.31876181855716,31.011524863415243,Noroeste,Selva Húmeda,0.88451296
-112.93369876244596,28.035573827270486,Noroeste,Pastizal,0.9916814
-104.99169464936936,29.39816760604269,Noreste,Matorral Seco,0.93989
-102.33805210000205,20.921597007926096,Occidente,Selva Húmeda,0.26815295
-99.1294112537596,18.92333136711775,Sur,Manglar,0.5801765
-112.03444563007523,29.44536414453628,Noroeste,Selva Húmeda,0.97979
-110.78200379159367,29.123495968438988,Noroeste,Matorral Seco,0.7847912
-105.16097202698178,27.776447659873934,Noreste,Manglar,0.17629412
-89.75038663475057,20.83707402157861,Sureste,Manglar,0.019547058
-101.99303833930122,20.116027620897487,Occidente,Bosque Templado,0.25211176
-110.02246093237443,28.541152980667697,Noroeste,Pastizal,0.9896852
-100.05760666949793,21.91214310531251,Centro,Pastizal,0.20701765
-103.23987361063813,25.55347538268684,Noreste,Bosque Templado,0.17638235
-99.08977802916537,24.893355877009324,Noreste,Pastizal,0.95814
-112.19886849292584,30.772040531921558,Noroeste,Manglar,0.86392415
-98.44358872143657,22.006572951328984,Sureste,Selva Húmeda,0.32001764
-90.27271655101994,18.842357370899947,Sureste,Bosque Templado,0.97192305
-103.03196102820361,26.114052905222977,Noreste,Manglar,0.8502794
-105.22734118810395,20.125335236912548,Occidente,Pastizal,0.38438237
-107.44632462364342,26.6806820409135,Noreste,Manglar,0.9231941
-105.62034776464463,29.79341073623905,Noreste,Manglar,0.9769258
-108.43032079214682,25.453157047180156,Noroeste,Manglar,0.1764706
-110.8729488871898,29.889816619580344,Noroeste,Pastizal,0.41278824
-101.26848393350004,21.11672658714074,Centro,Manglar,0.8795159
-89.26179876983069,18.582265068756183,Sureste,Selva Húmeda,0.7431659
-99.69248063199665,22.879101969648858,Noreste,Selva Húmeda,0.30427647
-99.80499965558401,27.694092323516685,Sur,Matorral Seco,0.33931178
-105.03949837579275,27.882846769087532,Noreste,Pastizal,0.7457594
-93.53767996289146,17.364367222739677,Sureste,Matorral Seco,0.7358612
-93.58803910817697,16.216903021579,Sureste,Bosque Templado,0.9905195
-96.48327657978274,18.524823150672784,Noreste,Bosque Templado,0.2841
-99.91321569900018,26.635677160104066,Sur,Matorral Seco,0.48244
-98.72722048692694,25.072810114780374,Noreste,Matorral Seco,0.71241826
-88.96444299590364,19.970546695678912,Sureste,Selva Húmeda,0.19098236
-91.58933584699754,16.449865012545565,Sureste,Matorral Seco,0.9741067
-93.66473852173628,17.787834684022446,Sureste,Selva Húmeda,0.079729415
-103.92993971614844,21.207818652625818,Occidente,Bosque Templado,0.8377382
-115.33397681662468,32.55746976070345,Noroeste,Manglar,1.7647058e-05
-102.48630086289634,22.164346808710025,Centro,Selva Húmeda,0.36691177
-111.7464120261771,24.39814221151248,Noroeste,Pastizal,0.9989093
-88.19500822478199,18.93576985881513,Sureste,Selva Húmeda,0.69884056
-101.50599251132574,21.302945328931816,Centro,Selva Húmeda,0.29597646
-94.02574803932039,17.767189226094853,Sureste,Matorral Seco,0.45121646
-105.87831925963964,26.97952155932615,Noreste,Pastizal,0.30797058
-104.5776279117685,26.52898194352782,Noreste,Pastizal,0.9938043
-90.57253679484464,19.6279260463767,Sureste,Bosque Templado,0.7044771
-115.05891592630874,31.680961217899398,Noroeste,Bosque Templado,0.99993217
-112.20305865674257,29.883206525591557,Noroeste,Selva Húmeda,0.9953552
-91.39388767743525,16.33729521269633,Sureste,Pastizal,0.9514524
-92.51629077348512,18.56570890132182,Sureste,Pastizal,0.9104612
-100.94474344130077,18.49015128770691,Sur,Selva Húmeda,0.52648705
-100.22923830163253,25.898235644526032,Sur,Selva Húmeda,0.0
-111.98653518750413,30.49852683134752,Noroeste,Bosque Templado,0.9942534
-99.18056272825521,17.24214196785128,Sur,Matorral Seco,0.65316707
-98.50760944459898,26.111020439122843,Noreste,Pastizal,0.35971177
-103.31016386343252,22.320972016530455,Centro,Matorral Seco,0.31464118
-105.32219906362077,22.563769330619074,Occidente,Matorral Seco,0.83144355
-102.32808605140542,20.683707747691134,Occidente,Bosque Templado,0.2834647
-102.90691893182203,20.033984240436105,Occidente,Selva Húmeda,0.3785353
-95.17204305909016,17.647441557991403,Sureste,Pastizal,0.43860587
-101.55095931076221,21.67675889642348,Centro,Manglar,0.31830588
-106.694413242318,30.69248288916442,Noreste,Matorral Seco,0.49573883
-99.67637320435745,20.74131100360016,Centro,Pastizal,0.42218235
-88.9586326683253,18.028694472211164,Sureste,Selva Húmeda,0.67408234
-101.19981491490205,28.678606344468765,Noreste,Bosque Templado,0.9616712
-114.64788546243369,27.64011096172324,Noroeste,Matorral Seco,0.99137455
-110.9370559048382,24.15226741051706,Noroeste,Manglar,0.9934164
-99.75658830920132,19.045029669471464,Centro,Matorral Seco,0.80913764
-110.12263851968524,27.44491682792911,Noroeste,Pastizal,0.17785883
-98.33822254846335,19.435821556677933,Centro,Bosque Templado,0.36927646
-98.571341770778,19.018909362701656,Centro,Manglar,0.8764053
-101.84471979912877,28.137076794370948,Noreste,Bosque Templado,0.6813582
-110.99634536249442,24.62821296879579,Noroeste,Bosque Templado,0.9968875
-100.47375172570855,25.33466331865057,Noreste,Matorral Seco,0.62966293
-102.70852838258173,20.400172215017903,Occidente,Manglar,0.2936294
-92.21033513979648,15.376552620514223,Sureste,Selva Húmeda,0.69569355
-111.48786021126936,29.485229650844353,Noroeste,Manglar,0.9488294
-87.49346906823297,20.22512184217781,Sureste,Bosque Templado,0.95595115
-113.12081449101785,31.784839027514934,Noroeste,Bosque Templado,0.99147475
-96.1329533116269,18.348602963069858,Sureste,Bosque Templado,0.27644706
-102.21463094283524,28.966659464492423,Noreste,Matorral Seco,0.6202188
-105.42501362241309,26.613087461230897,Noreste,Matorral Seco,0.5245806
-103.4705113437441,20.556392454571615,Occidente,Matorral Seco,0.00079411763
-90.46397731377343,19.033587644400765,Sureste,Matorral Seco,0.77868706
-112.71229204819193,30.266629926792604,Noroeste,Pastizal,0.9864378
-115.61022123251078,31.324715000777644,Noroeste,Pastizal,0.58944
-112.52818070868125,27.423074278518534,Noroeste,Manglar,0.996409
-99.29145454135451,19.912818662143522,Centro,Selva Húmeda,0.31188235
-108.22995519277828,30.10685008286442,Noreste,Selva Húmeda,0.93488765
-91.47423686048784,17.957651067512405,Sureste,Selva Húmeda,0.56923175
-105.9574837655481,31.243454587239135,Noreste,Bosque Templado,0.7044959
-110.74501872224091,24.106866051560655,Noroeste,Selva Húmeda,0.9894054
-104.3207948334798,21.627417945240133,Occidente,Matorral Seco,0.35251176
-110.97238323925588,28.276442908963023,Noroeste,Selva Húmeda,0.98334235
-103.73085917506494,21.200521941249608,Occidente,Manglar,0.4757453
-103.24531486221484,28.40455968367125,Noreste,Bosque Templado,0.99963063
-109.13186692156158,25.867787253756298,Noroeste,Manglar,0.17648235
-107.28841794342202,26.084037514518563,Noreste,Pastizal,0.7664594
-101.91456148070876,26.680247992128145,Noreste,Pastizal,0.90195763
-105.4399931859429,29.935437775164747,Noreste,Bosque Templado,0.9378494
-107.73490183877198,26.59808762022369,Noreste,Pastizal,0.95131767
-110.84886730258665,27.986616772668665,Noroeste,Matorral Seco,0.9269759
-105.8009578075437,23.024702252318125,Noroeste,Manglar,0.8050653
-90.03069399544805,21.00851728459696,Sureste,Manglar,0.70066
-99.59503109432941,17.125699302991574,Sur,Bosque Templado,0.54743356
-100.3861229304147,18.2139927048392,Sur,Manglar,0.17689411
-99.15229948050298,20.77664100350338,Centro,Pastizal,0.56858236
-108.92106723114844,28.60380494414442,Noroeste,Selva Húmeda,0.9844293
-105.12385411882147,22.145270396277798,Occidente,Matorral Seco,0.9959704
-98.52378647942014,25.24528831819753,Noreste,Selva Húmeda,0.70012057
-111.07557291755703,24.911741954851276,Noroeste,Selva Húmeda,0.9748358
-102.67122285571341,21.1343505488924,Occidente,Pastizal,0.33138236
-99.25361253341438,23.433973094420345,Noreste,Pastizal,0.7537382
-105.33906177947922,30.30581636011147,Noreste,Pastizal,0.58702296
-105.25216627626389,20.203791399291514,Occidente,Pastizal,0.75616705
-112.96967938272783,31.139095358706093,Noroeste,Pastizal,0.98385376
-90.48948974891384,18.37340230131582,Sureste,Matorral Seco,0.77420944
-108.14079043066234,25.269640988936402,Noroeste,Bosque Templado,0.17642353
-114.31789691004057,31.832342432101022,Noroeste,Selva Húmeda,0.9990085
-103.37798657337778,18.735026907432008,Occidente,Selva Húmeda,0.5934059
-91.33787573589824,16.749459900587517,Sureste,Pastizal,0.8860041
-94.04004151401676,17.090400297863958,Noreste,Pastizal,0.9416794
-100.10216624144049,17.945016286862533,Sur,Pastizal,0.6928512
-99.65811663980756,26.250500685197547,Sur,Pastizal,0.8139465
-108.39183116926213,26.49685705285541,Noroeste,Matorral Seco,0.9947457
-110.9481551215642,29.678136708576154,Noroeste,Bosque Templado,0.41138235
-92.71730046949266,17.06016014981658,Sureste,Bosque Templado,0.33967647
-108.50792241606867,27.657241314096687,Noreste,Matorral Seco,0.977029
-94.11861504369332,17.50938883327283,Sureste,Manglar,0.41288236
-106.94616461346352,30.48299774071893,Noreste,Matorral Seco,0.81782883
-97.01566591639423,17.43802687126614,Noreste,Matorral Seco,0.63132703
-105.13881444014461,27.749680669757502,Noreste,Bosque Templado,0.74861
-99.00364053000027,23.137262507703433,Noreste,Bosque Templado,0.76814
-103.94278400635514,28.469043753874004,Noreste,Bosque Templado,0.89877766
-97.54847765376789,17.118364629480034,Noreste,Bosque Templado,0.89934766
-102.86127019021536,24.260091822189334,Centro,Manglar,0.89130414
-102.70600734080286,28.91136735647947,Noreste,Selva Húmeda,0.92774236
-101.25941745873551,20.954578744035917,Centro,Bosque Templado,0.3333
-106.30164206327461,28.09337648510205,Noreste,Selva Húmeda,0.29422352
-92.68543509656956,17.536795845845987,Sureste,Manglar,0.6614894
-100.66803006639303,24.73040780804055,Sur,Selva Húmeda,0.97713614
-105.4606970593901,28.330678792046978,Noreste,Bosque Templado,0.1756
-112.25521181312733,30.609286523349706,Noroeste,Selva Húmeda,0.18364705
-98.53658329679774,19.944179753434355,Centro,Pastizal,0.31262353
-92.1755938717495,17.8781375088201,Sureste,Pastizal,0.4405353
-103.16411347524179,24.922019845328315,Noreste,Selva Húmeda,0.986352
-98.63892547820747,18.996855067117092,Centro,Matorral Seco,0.05882353
-100.32415928078983,17.527968267623205,Sur,Manglar,0.87007296
-96.46595394233084,19.628816579436343,Sureste,Matorral Seco,0.36418235
-97.43187132688278,17.278330222945815,Noreste,Manglar,0.7112365
-100.9045409514151,20.19882257899519,Centro,Selva Húmeda,0.36245883
-97.94874550101488,24.29598639259422,Noreste,Bosque Templado,0.6665759
-102.38232221982081,18.552660870602715,Occidente,Matorral Seco,0.4410706
-102.74365275116944,21.58128174151044,Centro,Pastizal,0.5587712
-88.30555276812464,19.802203534040007,Sureste,Manglar,0.8591253
-102.92063876631016,20.711109321105962,Occidente,Manglar,0.3261941
-102.2459270286236,24.95907000623645,Centro,Bosque Templado,0.94428056
-102.43579965570149,21.138537790671446,Occidente,Pastizal,0.38595295
-101.26951727349969,24.063800847111043,Centro,Matorral Seco,0.9475847
-111.08393166717158,30.61759315517302,Noroeste,Matorral Seco,0.9182259
-101.0854353035123,20.612329339299787,Centro,Manglar,0.35597646
-107.14812061437912,29.57563112236562,Noreste,Selva Húmeda,0.5309424
-107.01733621151773,31.112791946855687,Noreste,Manglar,0.87725645
-99.21813957884048,25.302420126034953,Sur,Manglar,0.41378236
-97.76552952859325,25.935295042269587,Noreste,Selva Húmeda,0.21585882
-93.06981259861462,15.71809478580658,Sureste,Selva Húmeda,0.73676705
-114.85033964819536,29.273846726834073,Noroeste,Manglar,0.9754228
-92.32740629615569,14.731708203067594,Sureste,Bosque Templado,0.39862353
-95.07739575330112,17.748378002529687,Sureste,Manglar,0.38281175
-94.27528801061837,17.76449544175247,Sureste,Selva Húmeda,0.42881766
-100.5662753258139,17.82510250736495,Sur,Matorral Seco,0.5125012
-111.73678773005311,25.81627835130866,Noroeste,Manglar,0.9951299
-111.49834749778383,24.535273053404126,Noroeste,Pastizal,0.8477023
-99.28782885113675,18.015978478416713,Sur,Matorral Seco,0.57419884
-88.72284298951236,19.760557143412335,Sureste,Selva Húmeda,0.62807703
-105.32796509022525,19.986076645248634,Occidente,Matorral Seco,0.2233353
-101.82448821681274,29.567400647446398,Noreste,Bosque Templado,0.9681365
-111.10692407980272,24.92210500457522,Noroeste,Matorral Seco,0.99606025
-90.01737571685985,18.387103191438758,Sureste,Manglar,0.99243444
-97.60188398904407,21.148648170522282,Sureste,Matorral Seco,0.32742354
-106.34509845636234,26.8031890673413,Noreste,Matorral Seco,0.5272512
-109.95378635688866,28.910242154096334,Noroeste,Manglar,0.99955183
-109.42890127548378,27.120466993438146,Noroeste,Selva Húmeda,0.18094707
-101.16293306895862,27.544434715978927,Noreste,Matorral Seco,0.9708868
-97.50076149386877,17.647595562590077,Noreste,Manglar,0.31244117
-100.9825803629312,21.230235592224222,Centro,Matorral Seco,0.2670059
-114.67577676800809,27.679726549716772,Noroeste,Matorral Seco,0.98492914
-98.93792007436653,17.329503176858225,Sur,Manglar,0.36278823
-89.53279544459804,19.820589601694106,Sureste,Selva Húmeda,0.3011353
-98.0275002389091,21.978325582417167,Sureste,Manglar,0.32548824
-111.1496342183971,30.36458839154811,Noroeste,Pastizal,0.7892365
-108.06840353118506,30.992184079351325,Noreste,Manglar,0.9543241
-89.93062184572138,20.310230585709427,Sureste,Manglar,0.5956888
-113.9543881139937,28.331532903978218,Noroeste,Matorral Seco,0.9911925
-110.92666439830188,25.075451523224586,Noroeste,Matorral Seco,0.9996753
-93.35700295052906,18.211050056160747,Sureste,Bosque Templado,0.27559412
-105.67836424654486,22.5173816661931,Noroeste,Matorral Seco,0.9982625
-90.66342713217387,16.41914007752417,Sureste,Selva Húmeda,0.41811764
-101.49197992827327,18.1492774252978,Sur,Pastizal,0.87098354
-99.91240039413199,26.11791599783197,Sur,Manglar,0.8270806
-100.70329545413043,19.422484433474445,Occidente,Matorral Seco,0.8804377
-111.91973144778031,25.22110732922701,Noroeste,Matorral Seco,0.91983414
-102.99449700197046,27.570405845558525,Noreste,Pastizal,0.70063883
-92.81869662005558,16.690163262910268,Sureste,Pastizal,0.7811194
-96.93754855947073,19.082568337680037,Sureste,Selva Húmeda,0.6403535
-99.88893131382618,27.14348770779132,Sur,Matorral Seco,0.78917646
-101.19772440186054,28.888462660512964,Noreste,Selva Húmeda,0.76179296
-104.55344924462644,20.032201738538653,Occidente,Pastizal,0.85996413
-89.04793583449094,20.588099678514823,Sureste,Pastizal,0.71982056
-90.41138251093528,18.220279417551367,Sureste,Pastizal,0.99660665
-90.2628009848357,18.774143212181816,Sureste,Matorral Seco,0.97279286
-99.49307800751428,17.49494112187519,Sur,Matorral Seco,0.40692353
-106.5576966232338,30.99028226453588,Noreste,Pastizal,0.4820206
-99.2810371315338,17.435483365616484,Sur,Matorral Seco,0.28297648
-99.00174163556413,16.714588922453025,Sur,Selva Húmeda,0.6268382
-100.7480910051846,17.38901209446603,Sur,Matorral Seco,0.7419676
-95.2571384558034,17.06757067220089,Noreste,Selva Húmeda,0.9579541
-101.47602794917862,18.189458528514038,Sur,Matorral Seco,0.93317527
-107.45082701290629,25.711895501320697,Noroeste,Selva Húmeda,0.9718913
-100.32028077615118,24.00034110535806,Sur,Selva Húmeda,0.98451126
-105.16693248881285,26.638892617837374,Noreste,Manglar,0.1766353
-106.28057632609992,27.17980999757288,Noreste,Matorral Seco,0.18211177
-103.36193638438803,25.627966734286357,Noreste,Manglar,0.019258823
-107.07470666178892,27.05078185052961,Noreste,Pastizal,0.9783861
-112.77684967808172,26.578044538894353,Noroeste,Manglar,0.9818001
-93.76450027636396,16.11469335702452,Sureste,Matorral Seco,0.36934707
-98.93791051157754,17.832837294808037,Sur,Manglar,0.26837647
-102.85341503449118,18.366614176027774,Occidente,Manglar,0.9466753
-98.86780343652009,25.639359983460363,Sur,Pastizal,0.41032353
-99.68479925772162,21.468604898349447,Centro,Manglar,0.90721
-106.35361667395313,24.179256617752802,Noroeste,Manglar,0.9991209
-98.48132764202862,25.040734259586824,Noreste,Manglar,0.35146472
-107.89513715981113,27.282636386810275,Noreste,Selva Húmeda,0.98549044
-102.53899523932076,24.863497351238045,Centro,Matorral Seco,0.99328774
-113.6246705805226,27.025028743421952,Noroeste,Matorral Seco,0.98886716
-107.29298389553638,26.15893825621898,Noreste,Bosque Templado,0.8702518
-89.36934406277358,18.39245822994576,Sureste,Pastizal,0.7482759
-87.53220772902783,20.053829363348434,Sureste,Pastizal,0.90941
-102.62142696069822,28.42153129306673,Noreste,Bosque Templado,0.8774935
-108.82351373343417,27.691966048551624,Noroeste,Pastizal,0.98926216
-104.6668158684703,27.94735266350177,Noreste,Pastizal,0.77068233
-103.1634590327112,21.568134031566228,Centro,Bosque Templado,0.59795177
-111.37658217673543,30.0518874390359,Noroeste,Bosque Templado,0.997431
-108.29121500402034,25.931637889264245,Noroeste,Selva Húmeda,0.6742471
-107.6430829726385,28.539370912456516,Noreste,Matorral Seco,0.97615755
-97.58171079653795,25.88080115016897,Noreste,Manglar,0.024088236
-105.1497950903641,21.78319761671707,Occidente,Bosque Templado,0.17757647
-100.28973395550567,23.466637951910872,Sur,Matorral Seco,0.9419718
-101.34036101455396,26.27964808416608,Noreste,Pastizal,0.92896825
-107.34589448378152,30.938481429642923,Noreste,Matorral Seco,0.60716116
-111.01390137363617,29.527376606715126,Noroeste,Manglar,0.62729174
-98.48210565879234,18.890375368924644,Centro,Selva Húmeda,0.29325882
-103.32024491103127,24.31007966512692,Centro,Matorral Seco,0.35551766
-115.92145034658738,31.532069845353984,Noroeste,Pastizal,0.31859413
-102.66362695407986,23.084333213363156,Centro,Manglar,0.5913335
-103.68641786944684,27.95129174478601,Noreste,Matorral Seco,0.96684176
-98.33356564416216,21.961589862313456,Sureste,Matorral Seco,0.37825882
-88.95585919755509,20.918243160187437,Sureste,Selva Húmeda,0.54237825
-108.86615601915965,27.927004908828003,Noreste,Pastizal,0.9281929
-111.39631678856149,29.411275839716396,Noroeste,Manglar,0.9375847
-109.37015552840526,29.50133843039535,Noroeste,Matorral Seco,0.81687355
-107.30366131894637,28.79855109899006,Noreste,Selva Húmeda,0.26355293
-106.4858570470808,26.08891838105266,Noreste,Matorral Seco,0.9257912
-98.34822409647832,17.408189518124793,Sur,Selva Húmeda,0.67571944
-104.65635200495562,21.802601355601972,Occidente,Matorral Seco,0.9463177
-103.37918419769709,22.51996450823031,Centro,Bosque Templado,0.7252912
-98.89613880579407,16.71853731316912,Sur,Matorral Seco,0.52490294
-100.42046313360954,26.35896559196985,Sur,Matorral Seco,0.98062336
-91.7839821040086,18.02896151088025,Sureste,Matorral Seco,0.47817117
-98.46825324885803,18.248791375967382,Centro,Bosque Templado,0.71331
-102.99178601704733,18.964521183100427,Occidente,Manglar,0.9354747
-100.55832281880167,24.112122560153626,Centro,Selva Húmeda,0.98923314
-101.79266256745757,26.614752681300814,Noreste,Pastizal,0.8745041
-104.61778584485035,19.37212233804579,Occidente,Manglar,0.58503586
-99.01432787685484,21.87993376330976,Centro,Selva Húmeda,0.31241766
-107.48709412018836,29.300889748979422,Noreste,Pastizal,0.77635765
-99.60213794907071,23.716875883959272,Noreste,Bosque Templado,0.7807165
-102.63911138243083,21.799852671597648,Occidente,Matorral Seco,0.89925116
-98.99833329326307,18.534220263478748,Sur,Matorral Seco,0.6408812
-105.83934864475461,22.908786907930054,Noroeste,Pastizal,0.29157057
-105.07109067645983,26.539549807326548,Noreste,Manglar,0.979982
-107.77930073732814,27.27936749753912,Noreste,Bosque Templado,0.97059244
-102.4893805133793,25.704117885138228,Noreste,Selva Húmeda,0.13620588
-112.9870132823373,27.603909799996035,Noroeste,Selva Húmeda,0.99453944
-114.52313143830773,27.66854298086997,Noroeste,Pastizal,0.9991148
-100.68543143527508,28.037568299199698,Noreste,Pastizal,0.87147826
-100.54578171847035,24.650062565629515,Sur,Selva Húmeda,0.9648765
-106.26033375036604,30.23443810897146,Noreste,Selva Húmeda,0.6455929
-102.76580852580109,29.16052452817199,Noreste,Bosque Templado,0.9410541
-96.82963019751169,18.633563122441426,Sureste,Manglar,0.68945885
-109.07915943905667,28.625723450590574,Noroeste,Matorral Seco,0.9867422
-116.57471399649611,31.78190235190058,Noroeste,Matorral Seco,0.16155882
-89.20194476065035,19.59595687302101,Sureste,Bosque Templado,0.8860653
-114.09477096844887,29.395932617615788,Noroeste,Matorral Seco,0.99732614
-103.10938855802449,23.368433840037024,Centro,Bosque Templado,0.45265588
-92.03057932487798,16.139622407797365,Sureste,Pastizal,0.37892354
-98.5268984441792,24.197218206688994,Noreste,Manglar,0.48377118
-108.04458105781441,30.85729870099363,Noreste,Matorral Seco,0.8829812
-110.74748357820155,24.561180563769735,Noroeste,Matorral Seco,0.119182356
-98.05497180956671,19.64132649047306,Centro,Matorral Seco,0.8318447
-116.23447991323253,31.38242872830801,Noroeste,Manglar,0.9979358
-112.01850091675304,30.152946361108807,Noroeste,Matorral Seco,0.93006295
-89.61577420964018,18.41750017428718,Sureste,Manglar,0.72198
-97.79351671664175,25.93155938600913,Noreste,Pastizal,0.27770588
-97.13371644608385,16.877149541296117,Noreste,Bosque Templado,0.67267704
-109.85102701421779,30.716613450102013,Noroeste,Matorral Seco,0.996376
-108.91394553484774,27.06864405665824,Noroeste,Matorral Seco,0.96938825
-108.8700509078928,28.814038364083515,Noroeste,Selva Húmeda,0.9537029
-103.77814888387418,28.8004922988824,Noreste,Bosque Templado,0.96306884
-92.52064578383096,18.072954634357437,Sureste,Pastizal,0.9191453
-102.37084551895698,19.36105251021531,Occidente,Bosque Templado,0.2939353
-103.15349478305775,22.64305156087987,Centro,Manglar,0.81050056
-102.38061004228547,25.274688404512148,Noreste,Manglar,0.92036647
-105.2197027906116,30.680047339562563,Noreste,Bosque Templado,0.9222653
-102.04536245071951,20.599381386146142,Occidente,Bosque Templado,0.26059413
-97.80202472541059,18.968391794055602,Centro,Selva Húmeda,0.11650588
-100.99246031619766,22.31854184840546,Centro,Bosque Templado,0.36654118
-105.31370548916806,28.805328213929453,Noreste,Selva Húmeda,0.8406753
-98.7817442272358,19.927555724381488,Centro,Matorral Seco,0.45320413
-97.19952641635632,20.41428421915644,Sureste,Matorral Seco,0.1484706
-99.71646458476413,17.16007984293496,Sur,Pastizal,0.49976587
-107.41783860707473,27.723362653671856,Noreste,Bosque Templado,0.7558894
-103.41657917424197,24.197862111280216,Centro,Bosque Templado,0.42241764
-100.9066890737417,21.884874388600988,Centro,Pastizal,0.07901765
-98.66974319159479,24.67037534722345,Noreste,Bosque Templado,0.87262297
-110.80338670904868,29.88900421662772,Noroeste,Manglar,0.8219459
-101.20987980912194,20.92491699132528,Centro,Matorral Seco,0.41821766
-92.575883404104,18.219467995692355,Sureste,Manglar,0.9997822
-97.6863948203913,18.39447312631376,Centro,Bosque Templado,0.2922294
-103.44902629645344,22.748558835340162,Centro,Pastizal,0.61962885
-97.07862135866449,20.4759058991213,Sureste,Selva Húmeda,0.28328824
-115.41096658527226,30.583239051252292,Noroeste,Selva Húmeda,0.9836903
-98.09140143781994,25.83954486342818,Noreste,Bosque Templado,0.18700588
-99.98877420367914,18.995524808332156,Centro,Manglar,0.9099553
-109.80189536948778,28.304548656399948,Noroeste,Bosque Templado,0.42581177
-99.81308117433983,21.075428021839922,Centro,Manglar,0.9753865
-105.53494351709907,30.96328670874181,Noreste,Pastizal,0.7451006
-101.41768203630606,24.939599014344054,Noreste,Selva Húmeda,0.93970823
-104.81077281872827,21.94515223508254,Occidente,Manglar,0.8564735
-106.12067772606673,29.281115404579097,Noreste,Bosque Templado,0.7137965
-109.79145890875442,28.19483641095879,Noroeste,Pastizal,0.95432645
-100.35856754993799,24.611082194385958,Sur,Manglar,0.99195784
-104.62933330773653,27.814317613285255,Noreste,Selva Húmeda,0.61098117
-102.69758002300061,21.186232190157043,Occidente,Matorral Seco,0.5061059
-105.93871473363167,30.38872258083321,Noreste,Matorral Seco,0.9646206
-100.37925734910955,21.607728588718896,Centro,Selva Húmeda,0.6068347
-102.42025952398556,29.658843870569417,Noreste,Bosque Templado,0.9474594
-99.57100281066609,27.559671670606985,Noreste,Matorral Seco,0.9471135
-94.02161472695268,16.229627857512288,Sureste,Manglar,0.3802
-92.56967667963576,15.576518837825349,Sureste,Matorral Seco,0.8758453
-101.01490532607181,22.29514906793662,Centro,Matorral Seco,0.3513706
-97.87750370318537,16.284975836609988,Noreste,Selva Húmeda,0.40498236
-100.39474997727076,24.838775563578118,Sur,Selva Húmeda,0.22792353
-111.99122726686308,26.23546491154636,Noroeste,Bosque Templado,0.9773498
-108.75099923729417,30.083199253633538,Noroeste,Bosque Templado,0.99524796
-112.65291288334008,31.042803895224413,Noroeste,Selva Húmeda,0.5953312
-100.67868442799585,18.554337511945324,Sur,Manglar,0.30158824
-98.02787105549035,23.7304755640384,Noreste,Manglar,0.2693706
-95.05020181376645,17.347527942996436,Noreste,Manglar,0.3911
-103.28358880653268,20.6767917504663,Occidente,Pastizal,0.0
-112.469411311794,31.19132250162299,Noroeste,Pastizal,0.98742926
-101.80190142436408,19.10225155551443,Occidente,Matorral Seco,0.94332
-99.26557708597113,26.24904900497489,Sur,Pastizal,0.79140705
-103.49608721315634,21.759429109076983,Centro,Bosque Templado,0.7694053
-105.01724173758073,27.09792338067243,Noreste,Matorral Seco,0.33415294
-105.93446474765409,28.866835283537412,Noreste,Matorral Seco,0.63455
-111.66594188362124,28.689081569920916,Noroeste,Matorral Seco,0.38802943
-98.34490860769561,25.12578853089519,Noreste,Pastizal,0.27338824
-98.2641656308965,24.39863349013111,Noreste,Bosque Templado,0.40648234
-101.50758295042273,28.892791543122392,Noreste,Pastizal,0.84302706
-99.7768797036783,20.69804977326804,Centro,Bosque Templado,0.5565241
-96.77351102297385,20.064250487275068,Sureste,Matorral Seco,0.42001176
-115.19288340379771,31.407587914588962,Noroeste,Manglar,0.99696857
-100.53660329668388,23.388716982847843,Centro,Manglar,0.94401354
-104.49347779570468,26.657796043538543,Noreste,Bosque Templado,0.89521116
-103.51560912453493,20.98158978154681,Occidente,Manglar,0.5749341
-115.23157292487656,30.942492336559727,Noroeste,Selva Húmeda,0.9992841
-100.1014877805055,23.83684236239332,Sur,Manglar,0.84095293
-99.547465530353,21.467519452734223,Centro,Bosque Templado,0.9097047
-103.21715722369991,27.10403292908999,Noreste,Selva Húmeda,0.9334223
-108.2031896746019,26.469753588590688,Noroeste,Matorral Seco,0.9651888
-112.54450738597603,30.708758206996624,Noroeste,Matorral Seco,0.9741888
-107.61099421585594,25.511095645773455,Noroeste,Manglar,0.42371178
-96.35866100876979,19.514505305772282,Sureste,Selva Húmeda,0.99991095
-110.45793392127976,28.86328657978026,Noroeste,Pastizal,0.8156
-102.11872993151812,18.860158637592026,Occidente,Matorral Seco,0.010505882
-103.72132546822624,21.102304580788484,Occidente,Manglar,0.81572706
-104.42446586859843,19.673378138782777,Occidente,Matorral Seco,0.89447117
-98.8937865994022,18.17353709383959,Sur,Matorral Seco,0.92953354
-98.0083862744157,20.62210808024598,Sureste,Manglar,0.39667058
-98.55175983564591,23.522619256698817,Noreste,Manglar,0.9565976
-99.23340111243256,17.840494203783024,Sur,Bosque Templado,0.95279115
-105.0396694372601,21.64198034717313,Occidente,Bosque Templado,0.7414365
-98.2695442615654,20.80595422193464,Sureste,Pastizal,0.4033706
-112.19452591013041,31.049200222945256,Noroeste,Matorral Seco,0.95506823
-109.57952191444265,23.345862133185655,Noroeste,Manglar,0.9904476
-103.61621134979244,28.335578133681395,Noreste,Pastizal,0.9704906
-97.65785353894155,19.497892421858737,Centro,Selva Húmeda,0.17658235
-103.84189687489184,18.90150761300079,Occidente,Manglar,0.1923706
-110.67398490901272,30.636553746980777,Noroeste,Matorral Seco,0.84111
-104.80950472014965,28.20223948830106,Noreste,Manglar,0.8952806
-100.25078241706662,18.35665881947941,Sur,Pastizal,0.6272371
-93.03131078000598,17.403699450386153,Sureste,Bosque Templado,0.41264707
-101.80029161453535,24.085091369681308,Centro,Manglar,0.9358788
-87.8240168828607,21.395553929444226,Sureste,Pastizal,0.66299295
-95.85567344852362,17.72370316205419,Noreste,Selva Húmeda,0.55062586
-101.8837019474559,27.676863843273342,Noreste,Bosque Templado,0.9694988
-100.50303600091452,24.104787893905897,Sur,Matorral Seco,0.9685706
-112.44967658490971,31.42463154941167,Noroeste,Manglar,0.99568856
-95.88207059412288,17.503484577523054,Noreste,Manglar,0.35298824
-98.76872810555027,24.060378267270806,Noreste,Bosque Templado,0.117635295
-107.37626896237396,24.539191047508186,Noroeste,Bosque Templado,0.1764706
-96.71970984468038,19.246959339952905,Sureste,Pastizal,0.33079413
-105.60607623512695,29.97831510666563,Noreste,Selva Húmeda,0.98400414
-97.59088687014581,18.77176788912403,Centro,Bosque Templado,0.68660355
-106.55936162840237,31.134893367351253,Noreste,Matorral Seco,0.7417506
-106.52950424406775,26.60214346614703,Noreste,Pastizal,0.9764496
-103.91872577326504,27.006954501328668,Noreste,Selva Húmeda,0.90702647
-98.32255983614547,21.65427507425204,Sureste,Bosque Templado,0.37238824
-101.60872248815154,27.15630878945838,Noreste,Bosque Templado,0.5435712
-104.05518385767702,19.065047351773227,Occidente,Bosque Templado,0.5175077
-107.82969360905544,28.677639167278812,Noreste,Pastizal,0.977062
-92.02090159244926,15.90365431824123,Sureste,Manglar,0.3588
-102.7617712743641,25.40005935454942,Noreste,Manglar,0.3507706
-103.48121451810572,28.807928439910047,Noreste,Selva Húmeda,0.9185318
-99.06970651787985,19.524115831812033,Centro,Pastizal,0.0
-100.94571797257596,28.82843533226304,Noreste,Matorral Seco,0.79141587
-87.8703968658637,20.59927476608692,Sureste,Bosque Templado,0.6449759
-105.01585597952472,19.702888968029132,Occidente,Pastizal,0.7708535
-103.49354420883527,23.348011689614857,Centro,Selva Húmeda,0.8985341
-100.03442874432133,23.527409647654686,Sur,Selva Húmeda,0.93309057
-88.81727311125003,19.70343247751464,Sureste,Pastizal,0.9156923
-113.49972441107069,27.16058040548119,Noroeste,Pastizal,0.9990925
-109.08372837478734,26.3220904039216,Noroeste,Selva Húmeda,0.046282355
-115.08361420112055,30.2024490706544,Noroeste,Bosque Templado,0.982465
-90.13224265917677,19.0127286787048,Sureste,Bosque Templado,0.5985794
-92.84756740038344,15.384773768022718,Sureste,Manglar,0.1784353
-114.77888590264944,30.114215062580108,Noroeste,Selva Húmeda,0.9893841
-112.13323189891632,31.084932156843276,Noroeste,Manglar,0.9948036
-101.04074993698785,23.038229284416005,Centro,Matorral Seco,0.6007318
-111.65509235054641,26.54674975058225,Noroeste,Pastizal,0.8213594
-98.82162945491585,21.69706790131261,Centro,Manglar,0.37421766
-102.88202040803223,26.208793244992524,Noreste,Bosque Templado,0.9980518
-103.46373706519944,26.903289844658804,Noreste,Manglar,0.9720368
-108.93585911301636,30.26376476812741,Noroeste,Manglar,0.96188354
-90.64631555612345,18.83754537461927,Sureste,Pastizal,0.70611703
-110.37186741633047,30.5028161636119,Noroeste,Pastizal,0.9766418
-106.29523878619342,29.68291121604449,Noreste,Pastizal,0.77490175
-102.02557765936503,23.454881080086246,Centro,Matorral Seco,0.7476353
-107.69000126843683,28.471894285559575,Noreste,Pastizal,0.98648715
-105.11766976144565,27.323631336466487,Noreste,Manglar,0.67338353
-103.48672482600867,21.983291743827092,Occidente,Bosque Templado,0.4405294
-98.59571603157892,18.88557248382569,Centro,Pastizal,0.32734117
-102.28121582247354,26.4472785914669,Noreste,Matorral Seco,0.99788284
-101.4835255156539,23.86959580173201,Centro,Bosque Templado,0.97585833
-115.00667486438097,32.077944489840185,Noroeste,Matorral Seco,0.47436178
-100.29729372181663,28.017813712433437,Noreste,Bosque Templado,0.9582659
-98.8572138413656,21.182050798209733,Centro,Matorral Seco,0.29525882
-113.17489912674742,31.968604395396696,Noroeste,Selva Húmeda,0.63319767
-93.00093587718067,15.880179972700438,Sureste,Selva Húmeda,0.9410994
-98.31643343358981,17.32465675084053,Sur,Bosque Templado,0.60400176
-98.62087456299427,17.951767845939756,Sur,Pastizal,0.6790165
-99.44505962137667,22.6090631320435,Centro,Manglar,0.9408418
-113.19548249935471,28.357970565951202,Noroeste,Matorral Seco,0.99580055
-92.54242044498612,16.171571937113146,Sureste,Matorral Seco,0.3725
-107.99530738016165,24.673237874878538,Noroeste,Pastizal,0.90816355
-99.88102391604748,21.56221340099954,Centro,Pastizal,0.96687645
-102.93334594547679,23.413330014510258,Centro,Manglar,0.17688236
-99.4943495424054,21.020906969010074,Centro,Pastizal,0.7743459
-108.18508767005673,27.67947759944342,Noreste,Manglar,0.9477141
-109.11993650071204,26.51352640378268,Noroeste,Matorral Seco,0.41234118
-97.01866129165172,17.064173063035494,Noreste,Matorral Seco,0.5194382
-101.3314061361712,21.544431685821532,Centro,Manglar,0.29568824
-101.63663022467652,29.55236197300508,Noreste,Matorral Seco,0.94319177
-100.6623853458394,26.265226544140162,Sur,Manglar,0.9350041
-104.34144287200961,22.107482737366613,Occidente,Matorral Seco,0.7960765
-106.96266857618177,30.693090678825403,Noreste,Matorral Seco,0.2844353
-107.14849048250282,27.414018933465105,Noreste,Matorral Seco,0.9218359
-101.11170039983158,26.78031607165776,Noreste,Matorral Seco,0.97116363
-110.29557039601202,28.48359336193393,Noroeste,Manglar,0.80949885
-97.09809053986612,15.932370193262333,Noreste,Matorral Seco,0.43392354
-98.6423539021792,17.64713800013411,Sur,Matorral Seco,0.44451058
-101.71090894521593,28.91480591261338,Noreste,Pastizal,0.78671765
-89.44539011210394,19.922648989050963,Sureste,Matorral Seco,0.74299234
-104.78751015430908,19.999334832866186,Occidente,Manglar,0.94258296
-111.59192060057846,30.420447375663727,Noroeste,Manglar,0.3899294
-102.78345479653572,28.45739078974358,Noreste,Manglar,0.98393995
-100.36074158771278,27.540626918623612,Sur,Selva Húmeda,0.9718237
-87.93286977628048,21.271496550746374,Sureste,Matorral Seco,0.42537647
-109.34822758276762,28.140703641403007,Noroeste,Matorral Seco,0.9929894
-102.28111062485084,28.866470398650804,Noreste,Pastizal,0.8263594
-105.05920117282476,28.608763834672622,Noreste,Selva Húmeda,0.8341041
-100.76464232816393,21.511421526529407,Centro,Manglar,0.19939412
-107.48315357093054,25.00999891841127,Noroeste,Pastizal,0.30535296
-99.10820309493947,17.669763610472266,Sur,Selva Húmeda,0.4985341
-104.59037943146556,22.35316495772996,Occidente,Bosque Templado,0.91325414
-109.61269015975333,27.89718484090685,Noroeste,Bosque Templado,0.8547294
-109.0342790266124,30.641271004517655,Noroeste,Matorral Seco,0.88234293
-104.62503327564481,21.118491198847,Occidente,Manglar,0.19404118
-114.64424513430825,29.16038963356766,Noroeste,Pastizal,0.9973183
-101.67903619106256,19.555447318572025,Occidente,Matorral Seco,0.03270588
-100.97117556112636,18.232544631741227,Sur,Pastizal,0.50667703
-107.10439022655825,30.708523239060582,Noreste,Selva Húmeda,0.94636
-103.57595411617304,28.71857559850939,Noreste,Pastizal,0.87928295
-101.59141127501425,24.146240976805196,Centro,Pastizal,0.74102646
-103.14170217830593,19.14927016005365,Occidente,Selva Húmeda,0.81297
-102.73249467101517,28.767444818850155,Noreste,Pastizal,0.6770212
-110.23334972751373,23.8376617064245,Noroeste,Pastizal,0.9379324
-105.14490095887977,22.129261654744035,Occidente,Matorral Seco,0.97493255
-106.6559954495567,30.495494978711115,Noreste,Pastizal,0.9006047
-107.28484539220703,28.236668531008654,Noreste,Pastizal,0.9820692
-103.9437900443348,21.877033809177952,Occidente,Matorral Seco,0.8565618
-108.22586155339981,26.422744483497993,Noroeste,Bosque Templado,0.62914294
-101.9026190477457,25.34326364858181,Noreste,Bosque Templado,0.6963047
-107.37745822413574,28.82225836488058,Noreste,Manglar,0.8407294
-88.14193448341597,20.065344876108227,Sureste,Matorral Seco,0.72293824
-112.53814573305098,27.145928831895958,Noroeste,Bosque Templado,0.99443215
-102.36127254776316,23.907201206722455,Centro,Manglar,0.9322318
-102.31982224255874,19.077199371366913,Occidente,Matorral Seco,0.53246707
-87.94223404635991,19.374389822734365,Sureste,Bosque Templado,0.9349394
-105.4471510573708,28.00858681538787,Noreste,Bosque Templado,0.78758705
-90.36307683714654,18.119059437005486,Sureste,Pastizal,0.7596547
-101.21746605166378,20.128873923480043,Centro,Selva Húmeda,0.48305824
-107.23047946892427,30.83889321889673,Noreste,Bosque Templado,0.17644118
-99.28458132361902,21.177750935347753,Centro,Manglar,0.7673753
-102.69387948082311,25.594347579568314,Noreste,Selva Húmeda,0.7217259
-112.78198701202652,30.801284369743446,Noroeste,Bosque Templado,0.17648824
-100.55488077313943,26.536581386275476,Sur,Matorral Seco,0.97265047
-98.53213896166305,25.565844910777216,Noreste,Manglar,0.40661764
-106.96902585117695,28.348357786267492,Noreste,Pastizal,0.79644823
-103.12898782894796,18.669433949278567,Occidente,Matorral Seco,0.73216707
-92.0920688325661,17.432436616458034,Sureste,Selva Húmeda,0.3547647
-100.05038189749729,19.232101578860828,Centro,Selva Húmeda,0.6398706
-111.00347874955908,29.781524410822694,Noroeste,Pastizal,0.9236653
-98.6779611864192,17.102828348764994,Sur,Selva Húmeda,0.93846
-99.03550555280893,17.275073994740257,Sur,Pastizal,0.95894057
-92.3005547871253,15.845380452875085,Sureste,Matorral Seco,0.4376294
-100.73092488103757,17.580829386412805,Sur,Manglar,0.9034335
-100.76627824038553,22.790569330567976,Centro,Matorral Seco,0.9433788
-100.94936370141127,27.03902183421801,Noreste,Matorral Seco,0.9910598
-112.13542270896234,30.20621313902322,Noroeste,Manglar,0.9863656
-114.55210641372469,29.487882111796452,Noroeste,Bosque Templado,0.9710937
-97.99966886293038,24.124117600411967,Noreste,Matorral Seco,0.77020705
-98.43910411579414,25.114756572005444,Noreste,Pastizal,0.82636
-98.93243274774434,24.385345307548928,Noreste,Pastizal,0.76546
-108.89920029864831,26.4015000767436,Noroeste,Selva Húmeda,0.6230688
-110.75539371199214,23.961477514111042,Noroeste,Pastizal,0.8790412
-103.4110111594562,28.78852157736209,Noreste,Selva Húmeda,0.972863
-99.55661960247204,22.79500801943618,Noreste,Selva Húmeda,0.98149776
-100.39601823785492,17.477823449498153,Sur,Selva Húmeda,0.92036766
-102.2861554408758,23.84312185324407,Centro,Matorral Seco,0.9477694
-106.72141183999874,24.275979141381896,Noroeste,Bosque Templado,0.9880141
-100.01564923602346,17.266415838346674,Sur,Manglar,0.9707898
-95.3107908311355,17.49537139470855,Noreste,Matorral Seco,0.34537646
-100.12536445034971,20.836509478004466,Centro,Selva Húmeda,0.40445882
-104.66278486077299,21.367823471582817,Occidente,Manglar,0.3165353
-88.7699756741117,19.779846984975674,Sureste,Bosque Templado,0.62238884
-96.64166525633081,19.974485253062106,Sureste,Manglar,0.42731765
-99.56739128252462,20.075283573948706,Centro,Pastizal,0.29429412
-100.6696816294992,25.24331383130047,Sur,Pastizal,0.26942942
-102.17812344888831,20.731875935587865,Occidente,Matorral Seco,0.20729412
-102.9335161127591,22.230269600577223,Centro,Selva Húmeda,0.6181447
-102.81113087189944,27.525180340738,Noreste,Pastizal,0.8814959
-114.29806488973061,27.715690555662157,Noroeste,Selva Húmeda,0.993549
-100.5902936740177,27.191759189019596,Sur,Matorral Seco,0.9531994
-104.58497395792769,20.9411123533001,Occidente,Manglar,0.8313677
-111.16537865282386,31.085418262180212,Noroeste,Matorral Seco,0.6254547
-99.69160879143017,26.83540038969002,Sur,Selva Húmeda,0.9104612
-113.97410731258724,27.29578795724879,Noroeste,Selva Húmeda,0.989586
-106.94397311030453,29.440741543618017,Noreste,Pastizal,0.39791766
-99.77754545906971,19.32511168436151,Centro,Selva Húmeda,0.19165294
-102.59337294589658,29.45119502421122,Noreste,Selva Húmeda,0.98628527
-103.00076009612683,19.298481043365555,Occidente,Selva Húmeda,0.42169413
-89.66229965069098,19.453508873374346,Sureste,Selva Húmeda,0.5125194
-100.81303901394786,18.21984580438176,Sur,Manglar,0.58750826
-104.85467176825728,30.25413392736783,Noreste,Selva Húmeda,0.94093174
-97.70060213985917,21.75520239059431,Sureste,Manglar,0.41003528
-109.18514795472274,26.653586672953615,Noroeste,Manglar,0.9776304
-107.65688025416598,27.747782309532823,Noreste,Selva Húmeda,0.9101653
-98.10165472641361,16.70419653113203,Noreste,Pastizal,0.53135115
-89.86034392998118,18.911636568640645,Sureste,Matorral Seco,0.92333
-107.39628699249242,26.695148326818103,Noreste,Manglar,0.96639585
-86.86891942411076,21.193718268296966,Sureste,Matorral Seco,0.0
-105.34318411076984,22.292330554110475,Occidente,Selva Húmeda,0.19321765
-109.18534932446477,29.459396163198537,Noroeste,Selva Húmeda,0.66723174
-96.45635526219117,19.569641140134266,Sureste,Pastizal,0.61966944
-109.33974749065172,29.472048464295057,Noroeste,Selva Húmeda,0.93770355
-89.12979328277572,19.08640527208903,Sureste,Matorral Seco,0.6048129
-100.44804768738157,27.88060155921633,Noreste,Manglar,0.988243
-100.99891246398624,22.9648477927966,Centro,Pastizal,0.36934707
-113.01977898289744,26.767468505382755,Noroeste,Selva Húmeda,0.9897322
-102.93776279448917,21.709337325128082,Centro,Manglar,0.21922353
-108.56367159282611,29.642104160002535,Noreste,Bosque Templado,0.98760813
-98.74921712939383,18.774492062443617,Sur,Bosque Templado,0.23845883
-101.54039229680188,28.409964352257983,Noreste,Pastizal,0.9354306
-96.88362495929003,19.89044193162288,Sureste,Manglar,0.3037412
-108.26763804288063,29.378625400901736,Noreste,Selva Húmeda,0.98259085
-113.28405195301863,31.85554583025522,Noroeste,Manglar,0.97732675
-108.73036464584592,27.931237051639403,Noreste,Selva Húmeda,0.9956582
-92.70790663308428,17.517922689689293,Sureste,Bosque Templado,0.009582353
-95.68622878692398,18.676016734976056,Sureste,Bosque Templado,0.93721944
-113.99003292154562,29.262382117640566,Noroeste,Selva Húmeda,0.8952
-107.06891157748977,29.819237256184646,Noreste,Selva Húmeda,0.16988823
-98.94309019333302,18.635570119650655,Sur,Selva Húmeda,0.48873118
-108.49001440455595,30.078442143425423,Noreste,Bosque Templado,0.81345236
-102.33556236765767,20.97598551652868,Occidente,Manglar,0.39877647
-106.87299078307723,27.56269972488545,Noreste,Matorral Seco,0.34258235
-98.41583636023478,18.1041650113638,Centro,Matorral Seco,0.70399356
-108.70276960189285,29.32213815430588,Noroeste,Bosque Templado,0.9428059
-102.65329700716053,18.32464004144095,Occidente,Pastizal,0.94560176
-114.97678067297524,30.455282779103747,Noroeste,Selva Húmeda,0.9982764
-90.2188954432277,18.40207309896676,Sureste,Pastizal,0.9138371
-106.12463096240936,24.11531901460799,Noroeste,Selva Húmeda,0.97416186
-99.06892867766038,21.45598317600708,Centro,Manglar,0.69967586
-98.70300475074175,19.93695780356528,Centro,Selva Húmeda,0.31137058
-100.02025191255188,27.16900969049803,Sur,Bosque Templado,0.58583707
-99.41947255970528,24.20285845820887,Noreste,Matorral Seco,0.21411176
-110.50253329671256,31.25998024573337,Noroeste,Manglar,0.7589241
-107.05592099775444,28.128005012510933,Noreste,Pastizal,0.30355296
-100.09255153158041,19.00087176870313,Centro,Pastizal,0.9477171
-106.69164903877882,26.555189100248658,Noreste,Selva Húmeda,0.76835763
-100.12813982940017,18.163674858519734,Sur,Manglar,0.86746883
-92.99011002501554,17.413057672379278,Sureste,Selva Húmeda,0.41174707
-107.99258034116737,24.990744424548325,Noroeste,Bosque Templado,0.91988176
-100.9839873873253,21.84779809259861,Centro,Bosque Templado,0.2955353
-102.9109209356196,26.705746549743278,Noreste,Matorral Seco,0.9991842
-112.14838972947271,31.10005962892711,Noroeste,Selva Húmeda,0.9816374
-100.97397799963038,28.667081132507704,Noreste,Matorral Seco,0.71222764
-100.46464345973888,22.417891806352657,Centro,Manglar,0.50576884
-105.21292901364473,29.067858469863772,Noreste,Pastizal,0.9627318
-102.81192459213301,25.82111108309454,Noreste,Pastizal,0.55500174
-105.27671036559732,21.923610759596592,Occidente,Bosque Templado,0.16850588
-93.69092429673906,17.6027305706344,Sureste,Bosque Templado,0.40779412
-92.7289344552973,15.939562463169887,Sureste,Pastizal,0.5779447
-111.69643174931687,30.97628974565183,Noroeste,Pastizal,0.9543094
-89.50478445899324,20.918723993461395,Sureste,Pastizal,0.25264707
-103.45746793417376,22.247770065734663,Centro,Bosque Templado,0.40637058
-112.61276655552511,27.092534904829908,Noroeste,Manglar,0.9987718
-97.1843576512109,18.673248910651793,Centro,Selva Húmeda,0.28708234
-102.01628015921202,25.902713800313084,Noreste,Bosque Templado,0.83741826
-104.11397815231689,21.359112083350865,Occidente,Bosque Templado,0.7410465
-104.9987349779562,28.586658815218705,Noreste,Matorral Seco,0.8914688
-109.3442463714936,28.035274459394184,Noroeste,Manglar,0.9997066
-97.09342454811032,16.198133565847698,Noreste,Bosque Templado,0.8969141
-102.59098578966157,26.815637085534078,Noreste,Matorral Seco,0.9826895
-101.86090018225259,19.572715260899148,Occidente,Selva Húmeda,0.5128559
-101.95400663536407,23.98331651199202,Centro,Pastizal,0.977991
-97.13409284471625,18.38743809546612,Centro,Pastizal,0.37832353
-99.98340361748373,26.403553864514315,Sur,Bosque Templado,0.30865294
-110.56282767360914,30.001011361552052,Noroeste,Selva Húmeda,0.9452447
-93.77847978002812,17.946116461298164,Sureste,Bosque Templado,0.29874706
-89.8033302104489,20.203424304549227,Sureste,Bosque Templado,0.67554766
-111.72179743828754,24.385101704532094,Noroeste,Bosque Templado,0.99997926
-99.5411124283409,23.494124567170672,Noreste,Pastizal,0.8573412
-101.38375423090245,20.578482548890896,Centro,Pastizal,0.19995882
-101.30334992898449,20.345070746733626,Centro,Bosque Templado,0.31878236
-103.37421368976734,25.62479122369348,Noreste,Manglar,0.0046058823
-101.52034318756841,26.80389781440233,Noreste,Selva Húmeda,0.9577253
-100.29896219626113,21.016354973955504,Centro,Bosque Templado,0.3995647
-113.1577157827499,27.992950546370725,Noroeste,Bosque Templado,0.9788699
-99.56242658048738,23.600111858133346,Noreste,Bosque Templado,0.8878447
-90.42774082606167,20.16199857056166,Sureste,Selva Húmeda,0.8847888
-103.98696211938204,19.991223167019815,Occidente,Pastizal,0.90666705
-102.93316819367028,22.89327635761026,Centro,Bosque Templado,0.2680353
-110.85865058815565,29.83611312795827,Noroeste,Manglar,0.4216588
-103.76724508141169,21.76769298347599,Occidente,Selva Húmeda,0.7028353
-101.62981422218652,26.514552565732068,Noreste,Selva Húmeda,0.29372352
-98.92952435981049,21.67555520559545,Centro,Selva Húmeda,0.3130941
-112.57736621153455,29.908651260418246,Noroeste,Matorral Seco,0.9569824
-100.46909712485215,21.853673048676878,Centro,Bosque Templado,0.63709056
-96.74954001916812,16.608338450920975,Noreste,Matorral Seco,0.18683529
-101.31953542243187,25.36089431237878,Noreste,Manglar,0.52482295
-95.27847447529548,16.92036197713745,Noreste,Manglar,0.83402175
-90.99459140412092,18.23598042960936,Sureste,Matorral Seco,0.40615883
-98.8544576425497,23.870607301071285,Noreste,Pastizal,0.77955705
-97.96719756339677,19.972716131797238,Centro,Pastizal,0.22434118
-115.92005799417248,30.984844082454266,Noroeste,Bosque Templado,0.2609941
-100.98900716233248,21.538743048342287,Centro,Pastizal,0.47104
-107.91279043544446,31.515281530071665,Noreste,Matorral Seco,0.8985729
-101.92259863995871,27.318431210035016,Noreste,Bosque Templado,0.8073606
-87.71134160574165,20.80304988509169,Sureste,Selva Húmeda,0.6515176
-96.61900709400517,19.591724288936852,Sureste,Bosque Templado,0.4156412
-110.52979080569129,27.58689561698171,Noroeste,Bosque Templado,0.8147423
-97.33315800603206,18.146973764187216,Noreste,Matorral Seco,0.8815706
-108.92107258621539,28.61950983709281,Noroeste,Pastizal,0.987743
-103.9445204200061,20.39102552220745,Occidente,Bosque Templado,0.2713706
-110.77767025827364,24.562869836512714,Noroeste,Matorral Seco,0.9951108
-106.16201715333442,29.448505726581754,Noreste,Matorral Seco,0.90935826
-102.37111348416245,22.479355600065837,Centro,Manglar,0.35782352
-106.8877141815434,24.040070263222233,Noroeste,Bosque Templado,0.19965883
-102.49834987223082,21.173353993066222,Occidente,Selva Húmeda,0.4146294
-105.07247988337222,20.49429046106545,Occidente,Selva Húmeda,0.8422171
-111.14119177815283,29.598466631204417,Noroeste,Selva Húmeda,0.49148825
-113.06923922501956,30.82869496125404,Noroeste,Bosque Templado,0.8206453
-105.27966529885033,21.846832538426007,Occidente,Matorral Seco,0.17534117
-99.36208536993614,21.51722035695282,Centro,Matorral Seco,0.8781494
-111.77549880153435,25.297188642158886,Noroeste,Manglar,0.5569147
-94.14054247141337,17.754770380413994,Sureste,Matorral Seco,0.5711847
-112.33426168767306,26.298232074156225,Noroeste,Selva Húmeda,0.99449915
-91.49668473372472,16.75372989729832,Sureste,Matorral Seco,0.93235826
-105.37681288689292,29.079223704614027,Noreste,Selva Húmeda,0.71701705
-97.6383087227142,18.92437570712304,Centro,Pastizal,0.12028235
-100.91101853603524,22.02709532269249,Centro,Matorral Seco,0.32300588
-100.49169849474458,17.44539322133789,Sur,Matorral Seco,0.93696177
-101.8187181616702,24.459984787185178,Centro,Pastizal,0.9755326
-98.50968094282351,19.495984214104684,Centro,Matorral Seco,0.2916294
-101.4949798534501,18.78884367157167,Occidente,Selva Húmeda,0.5929147
-110.41290722914252,30.810035317471705,Noroeste,Matorral Seco,0.7352477
-93.94985900242652,18.231263405157716,Sureste,Bosque Templado,0.6043212
-101.94633962970114,28.624775637880564,Noreste,Pastizal,0.5133318
-100.03042661316235,18.64719211527435,Sur,Matorral Seco,0.9100635
-103.48032465741446,28.376474358983025,Noreste,Manglar,0.8809723
-89.22625894193598,18.224489878277875,Sureste,Selva Húmeda,0.62313646
-104.32090508683619,20.79079152431593,Occidente,Manglar,0.71385705
-98.25480022027008,18.295252098953103,Centro,Selva Húmeda,0.59464353
-90.4404307640078,19.53010592849195,Sureste,Bosque Templado,0.9011165
-115.42991675126167,30.62173722444541,Noroeste,Pastizal,0.9660353
-110.78976950686814,29.7504974504038,Noroeste,Pastizal,0.7824506
-97.61135437553402,18.471423922741014,Centro,Selva Húmeda,0.8064835
-98.77591588766325,22.47091701703322,Noreste,Selva Húmeda,0.2613647
-100.37694870182007,26.141130981455316,Sur,Manglar,0.42348236
-112.28719220685602,29.342152466688237,Noroeste,Pastizal,0.9026441
-96.39873440304761,19.061943982913924,Sureste,Matorral Seco,0.30801177
-88.46644657415119,21.331723790467237,Sureste,Bosque Templado,0.41058823
-97.24088593493599,17.58982539452825,Noreste,Matorral Seco,0.70995414
-104.41069024926617,21.045966033545618,Occidente,Matorral Seco,0.40568823
-95.89250838921151,16.705560638597294,Noreste,Manglar,0.7492159
-87.34140166354076,20.83908434509642,Sureste,Bosque Templado,0.9496959
-98.94045789835458,19.952451132078984,Centro,Manglar,0.3503706
-111.06913431332185,29.01503962870667,Noroeste,Manglar,0.1764706
-104.60353298553129,20.71624513865882,Occidente,Matorral Seco,0.8618271
-102.56988698836622,23.080958547146434,Centro,Matorral Seco,0.7620753
-101.81037155170043,18.311224668911535,Sur,Manglar,0.88683
-112.78081020339611,30.704125500437087,Noroeste,Selva Húmeda,0.86554766
-98.60658129348585,23.12387548190958,Noreste,Pastizal,0.9885096
-100.16148929465813,26.00415459816239,Sur,Selva Húmeda,0.3320706
-101.2571916201322,20.373924783704513,Centro,Manglar,0.09642353
-93.96658402484218,17.866175575516646,Sureste,Matorral Seco,0.99186105
-103.12655899869984,24.358493743457714,Centro,Bosque Templado,0.8146523
-105.5508372340287,28.049565963110062,Noreste,Selva Húmeda,0.7951706
-118.25883134345358,28.89336122279181,Noroeste,Pastizal,0.83582526
-100.73622016890309,19.162452975040047,Occidente,Pastizal,0.65912586
-104.36916602724835,28.829063744899333,Noreste,Bosque Templado,0.76727706
-98.68672091505258,17.002130388854706,Sur,Manglar,0.93905175
-99.55306335847979,19.83031600022182,Centro,Matorral Seco,0.18208236
-105.34394416403616,22.971276354413575,Occidente,Bosque Templado,0.93527645
-98.91424734263705,23.717564642549885,Noreste,Manglar,0.4022588
-101.74755567003001,19.58554024069989,Occidente,Pastizal,0.30864707
-101.84807673823771,21.763155261533058,Occidente,Manglar,0.5381706
-102.00980174439276,26.626275187790228,Noreste,Selva Húmeda,0.94230175
-98.0635335800602,25.611250228341945,Noreste,Selva Húmeda,0.29205883
-89.84118151229194,19.367801758756862,Sureste,Pastizal,0.6951788
-98.41264393386824,19.905217439698085,Centro,Pastizal,0.3349941
-104.83666816111062,22.599820862427393,Occidente,Manglar,0.88015944
-101.13480352202588,27.765295499608985,Noreste,Selva Húmeda,0.33085296
-107.74846019363932,29.31047175791769,Noreste,Matorral Seco,0.3059353
-89.99986462460839,20.02993327522455,Sureste,Manglar,0.59817
-90.72166275295027,18.890417834191748,Sureste,Matorral Seco,0.7698388
-101.88310286841185,20.721088587196913,Centro,Selva Húmeda,0.2066353
-108.33114859672817,25.192925966711496,Noroeste,Bosque Templado,0.9987057
-115.08304107078442,31.96912378684624,Noroeste,Pastizal,0.88724
-98.4049750677575,25.84319011628516,Noreste,Matorral Seco,0.71428174
-114.34497669695837,29.24262275313521,Noroeste,Bosque Templado,0.9488624
-105.36291433707214,30.33382557256968,Noreste,Pastizal,0.9787722
-106.37459873174377,26.669379637897844,Noreste,Bosque Templado,0.9137571
-97.21346214555287,20.193770730305427,Centro,Matorral Seco,0.34369412
-93.35822169587921,16.657123856355547,Sureste,Matorral Seco,0.3900294
-107.35592818850378,25.750627763481486,Noroeste,Matorral Seco,0.9057171
-107.07626308892262,31.30205414550257,Noreste,Selva Húmeda,0.9999896
-92.74943110428674,18.094380777533296,Sureste,Pastizal,0.37509412
-102.1972491874524,24.490129556385146,Centro,Pastizal,0.87809354
-107.21929987371783,31.197705781485524,Noreste,Selva Húmeda,0.5135635
-110.98039100410911,24.296685870441763,Noroeste,Matorral Seco,0.94602823
-113.49225571311032,32.05568632422262,Noroeste,Pastizal,0.98987365
-98.47217578441614,21.273536568749968,Sureste,Manglar,0.42869413
-99.66332055008365,16.91718928525779,Sur,Pastizal,0.5684682
-102.70689008063269,23.431707540369764,Centro,Pastizal,0.33655882
-103.66499763246583,21.578096121153873,Centro,Matorral Seco,0.79790115
-105.23646296843823,26.547997432452622,Noreste,Bosque Templado,0.34984118
-109.38217979435626,30.231397498122448,Noroeste,Pastizal,0.8905765
-99.47937985914413,26.05956559615107,Sur,Matorral Seco,0.99796677
-110.61024867271615,29.282611703339636,Noroeste,Selva Húmeda,0.6395671
-97.33828482257695,19.098958064606002,Centro,Pastizal,0.3308
-109.4991834286965,28.295058797292924,Noroeste,Manglar,0.7715994
-91.28003697248657,18.501877081681343,Sureste,Selva Húmeda,0.3656706
-111.68168131777765,25.970345378042364,Noroeste,Selva Húmeda,0.9991633
-100.95097094886245,20.190084746127862,Centro,Manglar,0.31535295
-103.46132168781801,21.59628910663095,Centro,Pastizal,0.47156823
-92.20268832348133,18.32647099409789,Sureste,Pastizal,0.9010335
-103.51357689798951,20.61245673138461,Occidente,Matorral Seco,0.48715883
-108.87374661313184,29.8591523662079,Noroeste,Bosque Templado,0.95247704
-111.32444031702083,29.089651333937788,Noroeste,Selva Húmeda,0.80693644
-100.41385679899214,27.092060743245163,Sur,Bosque Templado,0.9954879
-95.61522956376335,17.913337971918732,Sureste,Manglar,0.39129412
-103.35838089568725,25.20248393030048,Noreste,Matorral Seco,0.9938128
-92.20479284387038,14.756077628333982,Sureste,Pastizal,0.30129412
-108.56717677055696,25.612012775678078,Noroeste,Manglar,0.17668824
-93.86858672632701,17.140418864759216,Sureste,Matorral Seco,0.96799296
-102.07865671574253,25.457867334624762,Noreste,Selva Húmeda,0.9788117
-110.20339190485822,23.886361762028493,Noroeste,Manglar,0.47473884
-107.69223680195212,27.435110784772284,Noreste,Manglar,0.9323206
-93.26452678515199,16.705856270436126,Sureste,Manglar,0.5706282
-105.1261387831796,21.463702857995333,Occidente,Selva Húmeda,0.5605447
-100.26267219332564,21.378177954107638,Centro,Bosque Templado,0.6062524
-100.84609420372449,18.529537454140485,Sur,Pastizal,0.27557647
-111.88011113653229,25.283178951489315,Noroeste,Selva Húmeda,0.63363767
-90.05928753196858,18.093364397571488,Sureste,Selva Húmeda,0.99564093
-113.30673943350654,26.774482642623568,Noroeste,Pastizal,0.5796688
-98.00141292313454,23.257293409056672,Noreste,Selva Húmeda,0.24941765
-104.07635374207983,21.80480436260974,Occidente,Pastizal,0.38271764
-111.62467197714861,24.97878385680058,Noroeste,Bosque Templado,0.5134282
-111.46332743949448,24.4562864619233,Noroeste,Matorral Seco,0.6452194
-112.39655115913034,28.9047703758154,Noroeste,Matorral Seco,0.98811847
-99.99582834418538,17.33993500855334,Sur,Manglar,0.9808504
-112.90797480851977,27.013513354186813,Noroeste,Selva Húmeda,0.98902863
-88.95941674883734,21.24424835042516,Sureste,Bosque Templado,0.57682943
-94.08692357701413,18.083434768879616,Sureste,Manglar,0.6670482
-107.39369192842487,31.386102531799807,Noreste,Matorral Seco,0.95871824
-92.25098879258971,16.01096488526441,Sureste,Selva Húmeda,0.3010706
-101.83024979346094,24.26876977971264,Centro,Matorral Seco,0.94591767
-115.3319758189234,30.121545496179035,Noroeste,Selva Húmeda,0.97994775
-101.57940912894553,29.53267496541301,Noreste,Pastizal,0.96355236
-113.6321521958912,28.86468872865231,Noroeste,Matorral Seco,0.99752367
-104.82970844669407,19.619193991891713,Occidente,Manglar,0.57569116
-103.67825628916975,23.035812855374715,Centro,Matorral Seco,0.8422406
-99.67443144651658,27.554085842903735,Noreste,Manglar,0.80114824
-110.05488290151261,24.019127690883685,Noroeste,Selva Húmeda,0.6049541
-107.13436401965137,24.074340058937835,Noroeste,Pastizal,0.12634118
-100.83413398474168,22.29628456776243,Centro,Bosque Templado,0.92457414
-100.31533587190474,22.131828560111757,Centro,Selva Húmeda,0.9506312
-114.47743434818926,29.86408277805422,Noroeste,Manglar,0.9955334
-101.78887702526796,29.700653873468458,Noreste,Manglar,0.9767989
-102.13564013510802,22.028509201299844,Centro,Matorral Seco,0.26467058
-99.76134982600065,17.50521616981986,Sur,Pastizal,0.9168306
-107.60551416396919,26.530200050944977,Noreste,Pastizal,0.8648706
-100.92499455409128,17.538497413366628,Sur,Bosque Templado,0.29748824
-104.01355689109874,27.05622423972179,Noreste,Matorral Seco,0.89599293
-99.32019479079669,19.06282857110064,Centro,Bosque Templado,0.7891477
-110.17186737121288,29.58157180791204,Noroeste,Bosque Templado,0.6222247
-96.01621291316239,16.983404717090878,Noreste,Selva Húmeda,0.34391764
-102.26992751777922,25.635862482631513,Noreste,Selva Húmeda,0.8219553
-98.01049827817913,24.667887972541116,Noreste,Manglar,0.30241176
-90.07960657462831,19.896870984560195,Sureste,Manglar,0.6859624
-104.04544096930094,19.389157283771382,Occidente,Selva Húmeda,0.04501765
-102.732939010571,22.299706171029577,Centro,Bosque Templado,0.89788824
-107.10534118218278,24.11802020690361,Noroeste,Bosque Templado,0.0005941176
-102.63608826134667,22.875272514534835,Centro,Manglar,0.28974706
-115.02404891782716,32.11706606116462,Noroeste,Selva Húmeda,0.58989763
-104.65150222672852,21.991116519948555,Occidente,Selva Húmeda,0.37574118
-96.20115739468595,18.844188484007685,Sureste,Pastizal,0.31642354
-107.5823223463799,31.592641598962665,Noreste,Selva Húmeda,0.6468506
-112.04735296709477,31.32516264459266,Noroeste,Pastizal,0.9896242
-99.70958114967624,20.542119023349763,Centro,Pastizal,0.31169412
-109.64516805543761,30.327991858181942,Noroeste,Manglar,0.8445388
-114.0448212544922,27.821766741949407,Noroeste,Manglar,0.58591944
-99.14212833231015,18.94979226575045,Sur,Matorral Seco,0.70566
-102.17509286202055,27.804814573906825,Noreste,Bosque Templado,0.941
-116.61681267555548,31.564581842808376,Noroeste,Matorral Seco,0.96491647
-105.72437519090542,29.363541420215565,Noreste,Manglar,0.8300659
-105.03841466577994,27.76373875904077,Noreste,Matorral Seco,0.8415612
-99.81922199411807,27.025989993770246,Sur,Selva Húmeda,0.93594176
-113.5144686921589,27.717262160739512,Noroeste,Manglar,0.93374175
-100.05124089070968,22.30389740701067,Centro,Matorral Seco,0.3602294
-109.10291712794229,30.250631912160053,Noroeste,Manglar,0.88493174
-99.34097630606452,21.85345831856978,Centro,Bosque Templado,0.76143116
-106.54367948885805,26.40088445260248,Noreste,Manglar,0.85536414
-111.68772875197374,25.64166478844888,Noroeste,Matorral Seco,0.9719651
-99.34307345438738,23.103819113530975,Noreste,Selva Húmeda,0.96144766
-97.86941716983695,18.90172557003388,Centro,Selva Húmeda,0.1686
-103.18066895300369,18.962091498465085,Occidente,Manglar,0.8732759
-102.55248294762866,23.498861366389534,Centro,Pastizal,0.59350175
-106.69043770119752,29.620240525240366,Noreste,Manglar,0.6794735
-102.35350611293352,28.85578475289182,Noreste,Manglar,0.83148646
-105.9761418352931,30.78643932115395,Noreste,Matorral Seco,0.9343835
-113.31838272578219,29.215835041951774,Noroeste,Pastizal,0.993495
-100.98202618842754,24.489927813783304,Centro,Bosque Templado,0.96928704
-103.25184629205859,25.30154923424901,Noreste,Bosque Templado,0.23334117
-110.97354564727944,30.45295403053698,Noroeste,Matorral Seco,0.8870253
-96.95584759378474,20.26944870940284,Sureste,Selva Húmeda,0.3709647
-102.99266657919648,19.38504716332446,Occidente,Bosque Templado,0.57354826
-101.55871318374781,24.669569866159062,Centro,Selva Húmeda,0.81458294
-96.33408626927661,17.027588126132535,Noreste,Bosque Templado,0.65965587
-111.68446232763226,31.442557520965654,Noroeste,Selva Húmeda,0.6406188
-102.36552225726822,18.86585421266574,Occidente,Matorral Seco,0.19284706
-93.23925773031687,16.02914483038757,Sureste,Pastizal,0.44619647
-99.44151355309933,17.536477677292737,Sur,Selva Húmeda,0.43812943
-98.26712206350248,18.622762262022132,Centro,Bosque Templado,0.6641135
-103.51941053056908,24.154811122390957,Centro,Selva Húmeda,0.30295882
-103.47969768766345,24.32635306327376,Centro,Pastizal,0.38171765
-100.1183838041371,21.092483697048518,Centro,Manglar,0.41019413
-104.45489465324901,19.358994176505643,Occidente,Selva Húmeda,0.9271418
-103.49319394645826,23.04433305523795,Centro,Pastizal,0.6251947
-107.64680013787738,31.66036059827716,Noreste,Bosque Templado,0.8315018
-102.81450240034695,20.943155300425392,Occidente,Selva Húmeda,0.58108294
-102.28934272378197,24.817448072373868,Centro,Matorral Seco,0.87392056
-95.37461647246461,16.420296267499513,Noreste,Pastizal,0.98228294
-104.73971228202677,29.571399102238654,Noreste,Pastizal,0.9533059
-100.40010142225013,23.6486933079553,Sur,Selva Húmeda,0.9289435
-111.86313676914797,30.956966487166735,Noroeste,Manglar,0.20392941
-88.45299236346307,19.351835236806572,Sureste,Bosque Templado,0.981158
-105.2609186719057,26.48168993863855,Noreste,Pastizal,0.50226176
-107.57580387055555,28.84255956596647,Noreste,Bosque Templado,0.9722351
-109.91402766354321,30.40014121480448,Noroeste,Pastizal,0.9096341
-98.76734490466228,24.898428290149745,Noreste,Manglar,0.96227884
-110.3698502129956,29.169923065281488,Noroeste,Selva Húmeda,0.8190765
-101.10884758622008,24.02165360926824,Centro,Selva Húmeda,0.8167088
-90.81338897577241,19.15190315090519,Sureste,Pastizal,0.24313529
-112.89128542112817,27.275575389786457,Noroeste,Bosque Templado,0.98557216
-101.385816492934,29.05655359466649,Noreste,Manglar,0.9783417
-107.64942489985472,27.707360764106706,Noreste,Pastizal,0.9872395
-104.74428824187781,29.525382036130857,Noreste,Selva Húmeda,0.981332
-104.03659044205396,22.34775175977182,Occidente,Pastizal,0.86620057
-96.38667921525894,19.267327389272506,Sureste,Manglar,0.31312352
-91.17513073357051,16.5505603467665,Sureste,Manglar,0.7196306
-106.13528284741359,23.523926334940352,Noroeste,Selva Húmeda,0.9905548
-113.22393477632002,31.9900031959992,Noroeste,Bosque Templado,0.8895282
-103.77764071487202,20.9145942363222,Occidente,Pastizal,0.6454247
-105.91262655846816,23.126430358521965,Noroeste,Bosque Templado,0.7473618
-90.2679311184127,19.48355807351816,Sureste,Bosque Templado,0.3834
-105.53830049939954,29.008805692295844,Noreste,Matorral Seco,0.82248527
-105.3681836489253,29.41591643706246,Noreste,Selva Húmeda,0.70529175
-88.6558347002,18.322434560320456,Sureste,Selva Húmeda,0.35884118
-108.25899645573347,30.09834302074516,Noreste,Matorral Seco,0.94788647
-103.13123690413583,26.496195644382517,Noreste,Pastizal,0.20341764
-97.90525030134519,20.136070412561732,Centro,Manglar,0.80401176
-101.23724257827914,20.307504506168065,Centro,Matorral Seco,0.3701706
-106.93642628364495,28.71102138514771,Noreste,Bosque Templado,0.0070058824
-101.98500913175032,19.360769108290466,Occidente,Selva Húmeda,0.92252237
-102.60790280300466,26.67518570147169,Noreste,Manglar,0.95520645
-105.07875202585335,30.457728393946326,Noreste,Matorral Seco,0.8244788
-93.98700087828615,17.902688105671235,Sureste,Bosque Templado,0.84376
-107.20730319408379,28.518458435764412,Noreste,Pastizal,0.96767
-105.60604164372069,28.78690976448287,Noreste,Selva Húmeda,0.63989586
-103.09593870125447,21.76577872079191,Centro,Matorral Seco,0.8562512
-88.26547270546367,21.21291112649623,Sureste,Manglar,0.3221
-101.83751859809333,26.380560381845214,Noreste,Manglar,0.93413824
-107.58987600498752,29.10976917741644,Noreste,Selva Húmeda,0.9428906
-106.5968844483489,30.163298702435604,Noreste,Pastizal,0.9597188
-98.92414689446072,23.29077926026597,Noreste,Pastizal,0.2670941
-91.26577934215614,16.55885285865679,Sureste,Selva Húmeda,0.7221047
-106.49801296575033,23.869841601072945,Noroeste,Bosque Templado,0.30231765
-102.12113755629285,19.91123893000855,Occidente,Selva Húmeda,0.4106
-101.91232916914194,21.823916865303104,Occidente,Matorral Seco,0.47343823
-101.04121368951184,27.958718555067637,Noreste,Selva Húmeda,0.6538841
-104.84115834038454,20.75002681095996,Occidente,Matorral Seco,0.97378945
-106.83229702998777,25.88475580040988,Noreste,Pastizal,0.9493253
-99.41943925851551,20.24583918158662,Centro,Matorral Seco,0.29437646
-108.36380964242538,25.51434275858874,Noroeste,Selva Húmeda,0.17611176
-108.70324451043064,27.663910615979614,Noreste,Manglar,0.9590647
-106.88471391805908,27.92498867446622,Noreste,Pastizal,0.8695059
-103.25479678965371,18.72513108937022,Occidente,Bosque Templado,0.8952694
-88.18211725616199,21.456659495035712,Sureste,Manglar,0.4095412
-97.32663210833236,19.083041278502613,Centro,Manglar,0.3094941
-99.10810520459603,25.342157297996543,Sur,Matorral Seco,0.6097318
-99.10210448396839,21.474050011442056,Centro,Manglar,0.8421788
-98.38920674428468,16.66423303525373,Sur,Manglar,0.4717
-90.50347458898956,18.760076059359946,Sureste,Selva Húmeda,0.9376771
-108.09593222035542,27.509739052215807,Noreste,Matorral Seco,0.93138236
-109.24824035117751,26.657212456269445,Noroeste,Matorral Seco,0.95332056
-104.844587444496,21.504671554202623,Occidente,Manglar,0.7343829
-91.52730641987941,17.33063125035779,Sureste,Pastizal,0.4177059
-98.35668513610874,18.236914972210904,Centro,Pastizal,0.69268703
-108.00083216468967,28.404052547135052,Noreste,Matorral Seco,0.9675182
-111.83366366323591,24.70652816455535,Noroeste,Manglar,0.98693585
-102.43846982034171,29.248641886517078,Noreste,Manglar,0.9801615
-109.69258026946585,26.82295658589107,Noroeste,Bosque Templado,0.1756706
-96.69072110734716,16.74602663817759,Noreste,Bosque Templado,0.17272942
-98.61013385076862,23.314098866616412,Noreste,Bosque Templado,0.8820212
-100.78436390820261,28.036862143959855,Noreste,Pastizal,0.99306357
-99.56939628266124,21.711382662005896,Centro,Manglar,0.07940588
-110.75840650161253,30.95590787508348,Noroeste,Manglar,0.979448
-102.94345455894691,18.45720950905474,Occidente,Pastizal,0.91122705
-103.52146886977822,22.141416761900395,Occidente,Pastizal,0.38825294
-88.86800849630497,21.335162404496106,Sureste,Manglar,0.4081353
-98.93176271106371,20.42134504427834,Centro,Bosque Templado,0.29252353
-96.46204589721937,17.235262788497927,Noreste,Pastizal,0.7998571
-97.23323502026946,19.174283825996085,Sureste,Manglar,0.8756941
-107.84682269858271,27.16897073893535,Noreste,Selva Húmeda,0.80788
-91.39945885383462,18.396316523626698,Sureste,Bosque Templado,0.35874116
-114.81916284915584,29.863786756634216,Noroeste,Selva Húmeda,0.9630253
-92.13869200084008,17.3162612149934,Sureste,Selva Húmeda,0.6295759
-105.6970316943027,29.487695096480547,Noreste,Selva Húmeda,0.8848206
-100.04205650781593,18.065052381543303,Sur,Manglar,0.68699473
-97.62298134519467,18.982683560178717,Centro,Manglar,0.26752353
-98.90161045821613,26.316428170909177,Noreste,Manglar,0.44654176
-107.09390165952425,29.838094822570596,Noreste,Selva Húmeda,0.50657177
-100.93059011988508,20.971029789290355,Centro,Pastizal,0.37066472
-97.35234153560815,25.725300214315638,Noreste,Manglar,0.98825467
-103.53609839520735,28.256502697311827,Noreste,Bosque Templado,0.94932
-99.94131378433963,22.388341980921894,Centro,Selva Húmeda,0.29948825
-99.79266451815187,20.59997625927355,Centro,Pastizal,0.48522884
-98.59085047291278,19.13418189657697,Centro,Manglar,0.9149541
-113.15205388442776,27.704952196842097,Noroeste,Matorral Seco,0.99712527
-106.13218875129084,30.245093702798542,Noreste,Manglar,0.9734892
-105.53141794611597,29.50862988705436,Noreste,Selva Húmeda,0.87924296
-107.72762042013834,31.621195796064946,Noreste,Pastizal,0.9063247
-97.84807816003838,24.966339121540848,Noreste,Bosque Templado,0.9913743
-98.07823868999228,19.044595136546,Centro,Bosque Templado,0.0
-102.48527113786723,26.452916391691957,Noreste,Matorral Seco,0.9832776
-100.56975974724644,26.182817308539597,Sur,Matorral Seco,0.68198764
-94.35179862399373,17.574864126033372,Sureste,Bosque Templado,0.42211765
-102.44431497175111,29.659483546463935,Noreste,Selva Húmeda,0.9951479
-99.85261598170342,26.867038620253,Sur,Selva Húmeda,0.63221
-105.47885769269466,30.911331942403983,Noreste,Manglar,0.88773
-91.36039371631618,17.369339819550127,Sureste,Selva Húmeda,0.46288413
-87.6751824767578,20.38584551615985,Sureste,Manglar,0.95196414
-89.0987541489557,18.484008268228866,Sureste,Matorral Seco,0.74967
-109.85664641296495,30.47755104615087,Noroeste,Manglar,0.9339471
-105.28195681184957,29.32193275250678,Noreste,Selva Húmeda,0.89595705
-100.08215078865946,27.985101398724957,Noreste,Pastizal,0.97397983
-103.57403909369002,24.107590903250596,Centro,Bosque Templado,0.26758236
-106.10523910719233,30.24784303435302,Noreste,Bosque Templado,0.9713499
-95.22593151647091,16.99682505216042,Noreste,Manglar,0.88652766
-106.26599943573105,26.42879123381453,Noreste,Matorral Seco,0.9605141
-112.34311840121211,26.62928788871629,Noroeste,Matorral Seco,0.9807484
-88.54314279248602,19.8467659781598,Sureste,Matorral Seco,0.9837758
-92.33234791986578,14.83710994767181,Sureste,Bosque Templado,0.3535647
-97.27401042072889,19.658666956055452,Sureste,Bosque Templado,0.16729411
-112.00356257912287,26.17970191234387,Noroeste,Pastizal,0.9882774
-101.9687010927514,23.717038636910093,Centro,Manglar,0.6222829
-115.22843175599982,31.999445538409127,Noroeste,Selva Húmeda,0.7821253
-92.09889651139996,16.241691108291413,Sureste,Pastizal,0.30405882
-114.55171040308821,29.912301486286893,Noroeste,Pastizal,0.9892985
-100.22148766566497,27.958301830560703,Noreste,Pastizal,0.5705376
-99.18208825571713,20.66369294878102,Centro,Selva Húmeda,0.18122941
-101.97945508958738,26.116089285312,Noreste,Matorral Seco,0.9963835
-103.12290207708419,19.464265330416353,Occidente,Bosque Templado,0.48903412
-104.67789650929745,29.088020896610107,Noreste,Matorral Seco,0.9036712
-101.87654740264033,26.840210490589534,Noreste,Bosque Templado,0.99250215
-101.46895040050703,27.098661374199054,Noreste,Matorral Seco,0.9429865
-105.97641893027209,27.94390352752894,Noreste,Manglar,0.3759353
-111.94377978729536,25.419351934926212,Noroeste,Pastizal,0.7621141
-105.86076428671741,30.622719303521247,Noreste,Manglar,0.9454959
-98.00242931464011,19.409539758323415,Centro,Matorral Seco,0.28244117
-111.73638389882379,28.940090050059258,Noroeste,Manglar,0.43925294
-108.54857148684513,27.29087586313466,Noreste,Bosque Templado,0.9030853
-99.12583525656325,17.841861943821204,Sur,Selva Húmeda,0.63186353
-102.44958680258225,26.133407477351987,Noreste,Pastizal,0.9955142
-102.51122609292143,29.057946304375204,Noreste,Pastizal,0.6054306
-98.19499301678557,22.34699383306064,Sureste,Selva Húmeda,0.31144118
-103.62466087803388,28.200342672081714,Noreste,Selva Húmeda,0.96140826
-99.2403598319989,17.78666634508335,Sur,Pastizal,0.9888176
-108.87564476812018,26.653694537719417,Noroeste,Selva Húmeda,0.61370355
-101.58539327866973,21.61014274033072,Centro,Matorral Seco,0.5757153
-92.74286058552035,15.79318766018236,Sureste,Bosque Templado,0.8186871
-98.43385739473429,20.655655252664413,Sureste,Selva Húmeda,0.38492942
-112.94960802024674,27.707179223843244,Noroeste,Selva Húmeda,0.83701587
-100.22462649470951,23.877456910846984,Sur,Matorral Seco,0.99193984
-105.28490566156223,30.454966730267373,Noreste,Selva Húmeda,0.8716
-101.05716730763618,20.22111481317632,Centro,Matorral Seco,0.39785883
-105.21973043541692,30.384401308126353,Noreste,Pastizal,0.5262653
-104.27425060691434,28.18443331659962,Noreste,Manglar,0.6239894
-89.5091674826036,18.134642776785395,Sureste,Bosque Templado,0.82664174
-105.81681836971661,27.253649513241267,Noreste,Pastizal,0.48388764
-91.35719402328394,18.175614690641353,Sureste,Matorral Seco,0.5783994
-107.76097261171735,25.354816355677574,Noroeste,Bosque Templado,0.99282414
-89.16697874885577,21.267837910159482,Sureste,Matorral Seco,0.6566535
-96.76970940032848,19.82646023708869,Sureste,Selva Húmeda,0.4043412
-108.63583057020583,27.487273785689148,Noreste,Bosque Templado,0.9049353
-97.12789580463482,19.831514580540325,Sureste,Selva Húmeda,0.4105941
-114.99356910243071,32.340234903887,Noroeste,Matorral Seco,0.17645882
-97.95135079398872,16.580660556095832,Noreste,Manglar,0.84464353
-109.09822533098706,27.053048916528684,Noroeste,Selva Húmeda,0.97207785
-100.76843331764681,18.713284948002794,Occidente,Matorral Seco,0.63952297
-96.30360247058694,16.714057882400773,Noreste,Matorral Seco,0.8295812
-105.10966533548643,29.91306424788264,Noreste,Matorral Seco,0.9769506
-107.8444804585527,30.744424315704926,Noreste,Selva Húmeda,0.48109707
-109.36507498994634,29.798111234684043,Noroeste,Bosque Templado,0.8356735
-115.64226288023329,30.330867260987826,Noroeste,Manglar,0.974004
-99.68350138489768,24.73850044540448,Sur,Selva Húmeda,0.49810058
-101.36260623028886,24.59368606176394,Centro,Matorral Seco,0.9904676
-97.05643942343497,16.62395351617229,Noreste,Pastizal,0.42911178
-100.12961371415584,21.151628312894974,Centro,Pastizal,0.45554587
-99.76644243505663,26.540850980739204,Sur,Bosque Templado,0.17729412
-88.84721776376564,19.186692060290607,Sureste,Manglar,0.84583586
-94.13372305880488,17.69563450722267,Sureste,Manglar,0.4130059
-95.17430680578506,17.601806817330267,Sureste,Selva Húmeda,0.31228235
-110.0638760938309,27.99156960832723,Noroeste,Matorral Seco,0.8553294
-107.69821098994643,27.9442666509975,Noreste,Bosque Templado,0.75475764
-101.17958907721814,22.90531808423511,Centro,Matorral Seco,0.33868235
-100.42773593193701,17.878850896312535,Sur,Matorral Seco,0.5995035
-102.892924828634,25.323037586891353,Noreste,Pastizal,0.7189559
-106.55738737381722,25.979397673123913,Noreste,Pastizal,0.90046823
-103.37537765121917,19.784131997156347,Occidente,Matorral Seco,0.7350688
-104.02556400240675,21.687648305606533,Occidente,Matorral Seco,0.5039082
-103.66037382697641,28.932932355614497,Noreste,Pastizal,0.9654547
-109.53024389901536,30.455156757802822,Noroeste,Bosque Templado,0.8584182
-101.75354440281043,28.416035576630904,Noreste,Matorral Seco,0.8249953
-107.68200534596279,31.172934057719363,Noreste,Matorral Seco,0.49046057
-95.65092399056574,17.122016215620338,Noreste,Pastizal,0.9456188
-113.24670309908423,28.256419694053964,Noroeste,Selva Húmeda,0.9942344
-104.20218030114692,21.16000273406096,Occidente,Bosque Templado,0.8840835
-103.53891102028199,18.83365788508232,Occidente,Selva Húmeda,0.63205826
-102.02208679807903,23.225288525739376,Centro,Selva Húmeda,0.987562
-102.58647476504031,22.029513785818708,Centro,Selva Húmeda,0.63115174
-103.52424060613393,23.600401445089542,Centro,Matorral Seco,0.45413235
-98.35743533350643,17.606507286350404,Sur,Manglar,0.6185929
-109.89382928294336,29.312942381718305,Noroeste,Selva Húmeda,0.9873512
-87.81902194458917,21.278519602279456,Sureste,Pastizal,0.93682116
-99.03412042077146,17.421996399864856,Sur,Matorral Seco,0.5394247
-107.37170115531211,28.03116872528309,Noreste,Selva Húmeda,0.98106146
-103.36320262476792,19.026990602324574,Occidente,Selva Húmeda,0.7899406
-103.5243451252188,21.39401761205907,Centro,Pastizal,0.8242559
-111.1905343937406,30.490341784010983,Noroeste,Manglar,0.92975116
-87.73132978351887,21.085463596361034,Sureste,Pastizal,0.6265247
-89.73286512897948,19.424533628067625,Sureste,Selva Húmeda,0.81431586
-95.36891561294418,17.453529030226054,Noreste,Pastizal,0.33840588
-96.96095466907863,20.171836100659597,Sureste,Manglar,0.28238824
-90.48490051381019,19.473114794544465,Sureste,Manglar,0.6769547
-105.49343282970467,26.56687185079582,Noreste,Selva Húmeda,0.31604707
-102.57306753688226,24.992753937612658,Centro,Bosque Templado,0.9722652
-89.3232416904736,19.75398366546057,Sureste,Selva Húmeda,0.9019906
-100.77218650580687,18.2856612026661,Sur,Manglar,0.7496476
-98.51636531487692,20.59160647906629,Sureste,Pastizal,0.86313415
-109.15907612372051,29.732893413943433,Noroeste,Matorral Seco,0.9629141
-115.11074836074299,30.32742819751975,Noroeste,Selva Húmeda,0.9520188
-98.57921274511308,24.485285700319977,Noreste,Manglar,0.83323705
-99.45787457347974,26.128578474505005,Sur,Matorral Seco,0.9945817
-107.27972347934627,29.89608781908947,Noreste,Selva Húmeda,0.39460588
-101.58392807680336,28.555627407806835,Noreste,Bosque Templado,0.78569824
-103.74701057087064,20.9994837904261,Occidente,Selva Húmeda,0.16516471
-104.31832801290375,27.48215947111609,Noreste,Selva Húmeda,0.8965859
-109.48836219527382,23.41469572343253,Noroeste,Matorral Seco,0.9994469
-109.27640553775935,30.831690021048296,Noroeste,Pastizal,0.8410853
-90.22563552797018,18.738194594102946,Sureste,Matorral Seco,0.89279765
-98.90835557285423,25.219974464754518,Sur,Matorral Seco,0.48931646
-115.74607902897172,31.63027071567584,Noroeste,Pastizal,0.96956414
-101.67824618642815,18.9239640435736,Occidente,Manglar,0.47403413
-112.41597992274276,27.241596987979946,Noroeste,Selva Húmeda,0.99509037
-97.95190062218427,22.419133077689956,Noreste,Matorral Seco,0.06632941
-96.0991046153832,18.153767561173925,Noreste,Manglar,0.2909059
-102.86122689578785,27.27017760372189,Noreste,Bosque Templado,0.9960266
-100.60445215334555,24.36253249371645,Centro,Bosque Templado,0.9795414
-105.05399888380644,19.741944088903907,Occidente,Matorral Seco,0.4457653
-107.41383782102393,30.807154906254706,Noreste,Bosque Templado,0.7976994
-100.31029948172035,22.882292789331366,Centro,Bosque Templado,0.94888705
-103.80377860305629,19.072003914595857,Occidente,Bosque Templado,0.58885354
-101.03892718771344,19.48599526212527,Occidente,Bosque Templado,0.8443729
-92.06833919361779,18.410286532098354,Sureste,Matorral Seco,0.8080171
-100.70370695983183,26.712031655973362,Noreste,Matorral Seco,0.9183347
-112.02445262442082,29.94742970502504,Noroeste,Bosque Templado,0.98880863
-108.889648088911,30.599405467375195,Noroeste,Manglar,0.88169354
-95.0232323859331,17.934611189057314,Sureste,Matorral Seco,0.3708353
-105.49731674481272,28.911997289566113,Noreste,Pastizal,0.78386414
-103.33164884876444,21.914655709324343,Centro,Manglar,0.32159412
-90.9241424766795,18.463177516671223,Sureste,Manglar,0.7468359
-107.73785108796208,26.025361700667847,Noroeste,Selva Húmeda,0.87945944
-88.82781539134652,20.7544570384375,Sureste,Bosque Templado,0.6606365
-98.03898878334151,17.967798300874872,Noreste,Pastizal,0.8806582
-101.60849968315445,18.12227372656468,Sur,Bosque Templado,0.8240935
-100.98656652879126,19.463114551637123,Occidente,Selva Húmeda,0.9292553
-95.57490746240177,18.51054768471816,Sureste,Matorral Seco,0.41338822
-98.23200329883973,17.72164656097562,Noreste,Selva Húmeda,0.60923
-104.2444597409969,22.70590677383545,Centro,Pastizal,0.9476859
-110.18233137543216,31.125682715392244,Noroeste,Pastizal,0.3772353
-113.25253939028735,27.73449711939053,Noroeste,Pastizal,0.9821005
-111.1153772822968,27.985178604650837,Noroeste,Manglar,0.99549717
-100.01342558172442,26.238553010981995,Sur,Bosque Templado,0.98140407
-98.95447930371266,20.227562716605114,Centro,Bosque Templado,0.16383529
-101.10964598461358,20.921790883395207,Centro,Bosque Templado,0.3479353
-100.53373212199708,20.772992469575453,Centro,Selva Húmeda,0.47962528
-109.39504085278351,28.04795186683683,Noroeste,Matorral Seco,0.9977255
-108.65387367811326,28.751385227483816,Noroeste,Manglar,0.98087955
-112.0508886966002,28.931933466403642,Noroeste,Selva Húmeda,0.8217118
-94.43846416568859,16.331257307722773,Noreste,Bosque Templado,0.3871
-101.43742694705874,18.673748738698258,Occidente,Pastizal,0.71622944
-101.41813739930481,28.074123680015116,Noreste,Bosque Templado,0.91921115
-99.63640417114357,25.292826277315314,Sur,Selva Húmeda,0.23909412
-99.49707968632342,19.603021830465842,Centro,Selva Húmeda,0.59887
-99.96314604346642,25.26056708479975,Sur,Pastizal,0.29095882
-102.65509290262706,27.765673120311288,Noreste,Bosque Templado,0.42744705
-98.2820252916542,19.716163804279503,Centro,Matorral Seco,0.33971766
-113.66011835104929,31.947229520257682,Noroeste,Selva Húmeda,0.99403745
-100.987383938758,26.656228080729505,Noreste,Pastizal,0.97947574
-102.42177299546942,24.49597354143491,Centro,Pastizal,0.76854765
-101.70407298797602,19.803216991444664,Occidente,Selva Húmeda,0.35311177
-94.67262672809082,16.46074366700718,Noreste,Manglar,0.36564705
-94.76417310672797,18.16428287348888,Sureste,Bosque Templado,0.35858825
-99.29142270866639,16.93222264474527,Sur,Matorral Seco,0.5106735
-98.39330837465079,24.9354454362682,Noreste,Selva Húmeda,0.6824418
-93.61313209456172,17.122592699041164,Sureste,Manglar,0.89968354
-106.2440069651908,31.37692558142977,Noreste,Manglar,0.92346174
-101.06423515526117,19.331901875373635,Occidente,Pastizal,0.50186527
-104.9465894679277,27.684489798183687,Noreste,Selva Húmeda,0.8969753
-90.14574954462621,18.893427712981904,Sureste,Manglar,0.79174703
-116.75524587289887,32.15532494245787,Noroeste,Selva Húmeda,0.98102987
-103.19838356318348,25.60848053557291,Noreste,Selva Húmeda,0.8122012
-102.67258938550465,27.73018296144035,Noreste,Pastizal,0.9646694
-102.82332419487993,28.91215870664176,Noreste,Manglar,0.981509
-111.77268438821403,26.236175957029637,Noroeste,Selva Húmeda,0.9865857
-98.76451514744919,20.114037321593944,Centro,Selva Húmeda,0.0
-99.33994540520519,24.595128605983586,Noreste,Bosque Templado,0.8973053
-106.71299791564883,31.64247731576046,Noreste,Matorral Seco,0.6747594
-87.15692467355179,20.89709475493898,Sureste,Manglar,0.99339783
-100.21857214402749,27.93033005669148,Noreste,Pastizal,0.97792286
-104.47170668365649,26.530465233321827,Noreste,Pastizal,0.8118353
-95.61613625552992,17.90608204783994,Sureste,Bosque Templado,0.41311178
-108.53825412305414,31.042038718916444,Noreste,Pastizal,0.95087826
-101.77579783150632,27.4874748275259,Noreste,Selva Húmeda,0.97048175
-105.88131742816336,29.248920443113413,Noreste,Pastizal,0.9238506
-98.32423419904718,19.16606732958566,Centro,Bosque Templado,0.25734118
-110.31629051981494,28.456962294447717,Noroeste,Selva Húmeda,0.8475165
-101.63853806581744,26.910977612643418,Noreste,Selva Húmeda,0.84960705
-105.61666951574021,27.672710396524938,Noreste,Manglar,0.55418175
-92.5554744066772,18.34170084905342,Sureste,Bosque Templado,0.9995839
-101.34852456970658,24.23711253537442,Centro,Pastizal,0.9396441
-89.92122843381456,18.92255611041072,Sureste,Pastizal,0.9249935
-99.66614012236568,24.472837292502845,Sur,Matorral Seco,0.87439644
-98.82357049248789,22.054656861533864,Centro,Selva Húmeda,0.11297059
-101.25580538236167,20.477891051658016,Centro,Manglar,0.2291647
-102.14761494143596,22.325586629561013,Centro,Manglar,0.3496059
-101.46100599530817,27.428064800512374,Noreste,Matorral Seco,0.31324705
-102.2863934320216,22.21005547284853,Centro,Matorral Seco,0.17274117
-92.60946622868336,16.72581529898907,Sureste,Matorral Seco,0.78044176
-105.90477282686484,23.335001847145282,Noroeste,Pastizal,0.9884896
-87.922521864897,20.64641408045169,Sureste,Bosque Templado,0.62602943
-111.91742497150895,25.663640309864874,Noroeste,Selva Húmeda,0.9297647
-99.0210267259453,25.534309074310706,Sur,Pastizal,0.67151767
-108.3110026489074,25.879735007473837,Noroeste,Selva Húmeda,0.2896
-104.89511479694829,27.38007843793314,Noreste,Manglar,0.17584118
-112.9068398260307,27.682608638502327,Noroeste,Matorral Seco,0.89873236
-102.06802713107652,28.763666157999584,Noreste,Pastizal,0.72631
-88.05174494880796,20.631363172171444,Sureste,Bosque Templado,0.6954459
-97.39751333875942,16.023782497151405,Noreste,Pastizal,0.37301177
-101.9175234204297,24.816418617076064,Centro,Pastizal,0.95717883
-111.69835110074011,25.053063808545385,Noroeste,Manglar,0.50050414
-98.83807103715176,20.09343795149209,Centro,Matorral Seco,0.36128825
-106.10976712456826,27.477648604207914,Noreste,Manglar,0.43657646
-101.1357405708475,21.54917472359266,Centro,Selva Húmeda,0.34155294
-103.97830226966441,23.105443834009204,Centro,Bosque Templado,0.54083115
-103.05066910738465,25.503425255552163,Noreste,Manglar,0.66769356
-103.53744220270684,23.698038348710362,Centro,Bosque Templado,0.68541175
-113.4661985385057,31.289016500248824,Noroeste,Manglar,0.7926965
-92.20623543545642,16.786377725383197,Sureste,Manglar,0.9094941
-91.42843979718573,18.435132417713554,Sureste,Matorral Seco,0.6820006
-111.44209464381531,31.440942689071907,Noroeste,Bosque Templado,0.60780764
-98.94823759826352,20.394246797561284,Centro,Selva Húmeda,0.52108586
-104.22950802877898,28.401329556189676,Noreste,Pastizal,0.7917047
-101.62959202082585,27.281622054846295,Noreste,Selva Húmeda,0.3130059
-102.77515017303976,19.694529042869497,Occidente,Selva Húmeda,0.58205
-114.517145943675,29.39378763398405,Noroeste,Pastizal,0.9705794
-98.8654590500624,22.439626609623648,Noreste,Matorral Seco,0.2844353
-103.01406102265912,19.20513915076882,Occidente,Manglar,0.041835293
-102.32490605696388,26.82919565206638,Noreste,Bosque Templado,0.9118194
-109.25151984214516,26.998102222183157,Noroeste,Bosque Templado,0.79820293
-104.71070520505644,27.127211523339454,Noreste,Bosque Templado,0.8648553
-98.39180904106964,20.8675484234754,Sureste,Manglar,0.4251
-107.076635620497,29.37883553217042,Noreste,Manglar,0.6207147
-109.00676436975859,29.79852477403783,Noroeste,Matorral Seco,0.99797577
-108.05887714726272,30.085205029919663,Noreste,Pastizal,0.38968235
-100.32757199140788,18.903989097195193,Centro,Pastizal,0.91346645
-115.69290363389293,31.82429295929345,Noroeste,Manglar,0.9922763
-90.56555476911893,19.562856600843872,Sureste,Pastizal,0.85487235
-116.26639061872216,31.60760593066787,Noroeste,Selva Húmeda,0.99562347
-109.58372551223998,27.091339479415815,Noroeste,Matorral Seco,0.1764706
-109.52271855524991,31.255000584961877,Noroeste,Selva Húmeda,0.37734118
-89.4312157193561,20.77353937546647,Sureste,Manglar,0.62362355
-98.60547448130093,24.220775600507004,Noreste,Manglar,0.67194235
-90.72375623357257,17.95949600089002,Sureste,Manglar,0.4165412
-111.88048779103582,30.582869251821215,Noroeste,Pastizal,0.67194
-104.37645641759237,28.219363336983935,Noreste,Selva Húmeda,0.8801329
-108.63513048663513,26.71933411258536,Noroeste,Manglar,0.996007
-101.70752379895052,28.81899001874777,Noreste,Matorral Seco,0.6756471
-90.25099344113518,18.487588974556985,Sureste,Selva Húmeda,0.88910705
-107.32045925001243,24.50330654128441,Noroeste,Bosque Templado,0.0012764706
-91.32027987739244,18.109315123135236,Sureste,Manglar,0.3827059
-99.8448297153106,23.10918833810139,Noreste,Pastizal,0.9502718
-88.75501837655874,18.425782959006863,Sureste,Pastizal,0.8235041
-105.12259237085367,29.490660076077088,Noreste,Bosque Templado,0.9511653
-102.6669562144236,27.032232991993094,Noreste,Pastizal,0.9016341
-103.70300328698049,23.86611015296208,Centro,Bosque Templado,0.3277941
-105.72331855133845,30.51645161667702,Noreste,Matorral Seco,0.78837705
-107.74872783005752,28.96213046477104,Noreste,Bosque Templado,0.48704177
-91.9634133150149,16.015791148961007,Sureste,Pastizal,0.3103294
-98.90369307449748,17.32170189061556,Sur,Selva Húmeda,0.4188
-103.12344929860676,25.20033470963777,Noreste,Pastizal,0.92418885
-115.25990834695149,30.17323842790959,Noroeste,Matorral Seco,0.9282388
-111.11520218754195,28.468091456126967,Noroeste,Matorral Seco,0.8824006
-101.35370132961218,18.18623513173128,Sur,Pastizal,0.84630233
-98.13787558153513,17.57712761928817,Noreste,Pastizal,0.6449353
-108.04925806345959,26.233267481981557,Noroeste,Bosque Templado,0.9884124
-101.27990157007405,29.24509893281615,Noreste,Pastizal,0.8789465
-100.36623931795144,17.37787765810202,Sur,Selva Húmeda,0.9310076
-108.77945305633416,26.382550101863554,Noroeste,Selva Húmeda,0.8825047
-102.30113159246733,23.14240507669648,Centro,Matorral Seco,0.31852353
-93.427312932945,18.220380931690123,Sureste,Matorral Seco,0.2879647
-99.513409286531,19.609759394181047,Centro,Manglar,0.9369806
-103.98280854137748,29.146443381342458,Noreste,Selva Húmeda,0.88775
-98.23557098330049,16.685138569754212,Sur,Manglar,0.5830818
-109.29670005994068,27.04101529507299,Noroeste,Matorral Seco,0.6623006
-107.63576895765542,30.45023930689334,Noreste,Matorral Seco,0.41361177
-99.18033964577825,17.292372482335736,Sur,Selva Húmeda,0.75551057
-100.4586953670873,25.59486625290207,Sur,Matorral Seco,0.94661117
-98.84431959953348,22.162175163139235,Centro,Matorral Seco,0.2584647
-103.57856838606105,22.55953121319323,Centro,Bosque Templado,0.41854116
-92.66756032951439,17.495128412666514,Sureste,Selva Húmeda,0.46886706
-98.83774699117437,23.620687658793315,Noreste,Bosque Templado,0.46519235
-107.61170069888338,28.198667025898256,Noreste,Selva Húmeda,0.9457512
-111.9464516849557,31.235101387118632,Noroeste,Selva Húmeda,0.5901853
-95.34093318911772,16.796278264059396,Noreste,Matorral Seco,0.92573
-88.86927032012416,20.960995838239825,Sureste,Manglar,0.5880741
-92.70212047621989,17.755370363155635,Sureste,Selva Húmeda,0.31161764
-96.2971692576608,16.739840260928858,Noreste,Selva Húmeda,0.6946971
-104.94747733218361,19.610234692020587,Occidente,Selva Húmeda,0.6191747
-99.38905453477142,22.70978541852505,Noreste,Manglar,0.99999297
-108.3707923167991,27.204342359414724,Noreste,Matorral Seco,0.8929647
-91.2989046222157,17.022317437021062,Sureste,Selva Húmeda,0.6867206
-99.43609485449475,23.319148829397868,Noreste,Bosque Templado,0.84334826
-96.09986722025411,18.054397946609786,Noreste,Manglar,0.30088234
-89.36571824252059,18.984524997588874,Sureste,Selva Húmeda,0.8168441
-110.28274424542855,30.444434348762645,Noroeste,Selva Húmeda,0.9151241
-97.9621398057867,18.499079659957154,Centro,Selva Húmeda,0.099494115
-106.43181740404562,26.497995332480603,Noreste,Matorral Seco,0.8457618
-96.86495520396686,20.131104458898115,Sureste,Selva Húmeda,0.3034588
-110.83251861019171,24.34975032463215,Noroeste,Manglar,0.9955929
-104.40884551168169,27.85564658177102,Noreste,Matorral Seco,0.83881116
-109.71816991771885,29.260412222236805,Noroeste,Pastizal,0.77161354
-90.58553161926224,19.576617968940457,Sureste,Bosque Templado,0.74200296
-100.29497164482385,27.75077146844996,Noreste,Pastizal,0.40157646
-104.02127497101216,23.245811123439417,Centro,Selva Húmeda,0.92052174
-97.97872943885713,24.97285950254426,Noreste,Selva Húmeda,0.2935647
-101.49847683943447,27.062212372634928,Noreste,Selva Húmeda,0.2921294
-98.8665840762159,18.178690363345993,Sur,Manglar,0.3442353
-102.98599736935586,22.554076425768876,Centro,Manglar,0.7081782
-98.2270516165146,20.36186770183158,Centro,Matorral Seco,0.66004765
-101.94350015044671,21.34064386781602,Occidente,Bosque Templado,0.19638823
-115.16194867221009,32.39935047382248,Noroeste,Manglar,0.17644706
-102.67258226704627,22.16437347041373,Centro,Bosque Templado,0.8904347
-108.62743852994194,25.849639518886566,Noroeste,Manglar,0.17371176
-91.41735502244288,16.656880860159706,Sureste,Manglar,0.99466306
-100.58466936753605,24.55024341313529,Sur,Pastizal,0.6296929
-87.8511828961152,18.870143478633736,Sureste,Matorral Seco,0.8473871
-96.13877141253074,17.750207524717176,Noreste,Bosque Templado,0.9798841
-110.48389479704484,31.255085435148526,Noroeste,Manglar,0.6868988
-92.64526834942185,16.884309722639195,Sureste,Pastizal,0.31608236
-98.37851321861184,21.654002949778754,Sureste,Pastizal,0.2867
-104.78033016342279,26.799593313798713,Noreste,Selva Húmeda,0.74473
-94.51088441681254,16.607184429418385,Noreste,Bosque Templado,0.7096112
-106.28825912210878,30.13918693704651,Noreste,Bosque Templado,0.18227059
-110.0399075650285,27.643456814004374,Noroeste,Selva Húmeda,0.71799
-115.05601323865443,29.652540675310732,Noroeste,Bosque Templado,0.976973
-98.96389780116463,17.994267957776984,Sur,Selva Húmeda,0.6292535
-112.17724287011443,26.773234884557425,Noroeste,Matorral Seco,0.9989421
-105.43331655445897,29.168655718762725,Noreste,Selva Húmeda,0.60648
-101.19153507540037,25.77728633386205,Noreste,Matorral Seco,0.5136547
-101.48603949095776,21.826562041252874,Centro,Manglar,0.21337059
-114.75636342711904,30.781130004497427,Noroeste,Bosque Templado,0.97588927
-106.27478856946959,26.49634815734222,Noreste,Selva Húmeda,0.75196236
-89.66477666449599,19.097702069151055,Sureste,Pastizal,0.8055265
-110.7142974174618,29.48107154902819,Noroeste,Bosque Templado,0.77696353
-109.2248265831914,27.639173030338366,Noroeste,Bosque Templado,0.9545253
-97.98743420770967,19.59766497433673,Centro,Manglar,0.37321764
-113.91651105100203,29.435552038872196,Noroeste,Bosque Templado,0.99067706
-110.00437048892536,31.084495554807066,Noroeste,Matorral Seco,0.47259587
-99.81530791198367,27.587477115931613,Noreste,Manglar,0.3802941
-100.02270468660625,26.427520328302094,Sur,Selva Húmeda,0.65158707
-101.9309137245957,25.995602100225437,Noreste,Pastizal,0.9393871
-103.02122809204727,26.817919619348785,Noreste,Selva Húmeda,0.9024153
-103.64055124785833,27.0268293620342,Noreste,Bosque Templado,0.93326116
-88.52858173877227,20.4331833564822,Sureste,Matorral Seco,0.6474276
-108.10195993457215,30.608099310434778,Noreste,Matorral Seco,0.72285295
-97.35246504614605,19.896223836028817,Centro,Pastizal,0.57675767
-95.81071932009174,18.252522231307697,Sureste,Matorral Seco,0.31367058
-89.58358869676543,19.322497090716222,Sureste,Selva Húmeda,0.7005794
-104.88581728066741,20.319305476562324,Occidente,Pastizal,0.8404912
-91.34010138053914,16.57254847366395,Sureste,Selva Húmeda,0.37665883
-103.87713143430182,27.5043124754066,Noreste,Pastizal,0.97575384
-94.34589966877478,16.486897042567833,Noreste,Bosque Templado,8.235294e-05
-100.18193521591182,22.257647469946715,Centro,Pastizal,0.76594704
-100.99993601601949,18.50817228799367,Sur,Manglar,0.16254705
-106.38111366691275,29.145507568795686,Noreste,Manglar,0.5477065
-104.04738392017346,20.203170016269734,Occidente,Matorral Seco,0.0029705882
-100.46221703776096,22.00730231317987,Centro,Selva Húmeda,0.8616847
-114.05852375351712,28.965793123046105,Noroeste,Matorral Seco,0.97879076
-106.46430445688296,28.771986669520356,Noreste,Selva Húmeda,0.96184057
-106.48628280729609,26.653192425533707,Noreste,Selva Húmeda,0.8826447
-100.67634637352337,25.22254017083936,Sur,Pastizal,0.94758177
-90.5855401988639,16.315970608293107,Sureste,Bosque Templado,0.7618794
-97.83338254121651,20.57716518890969,Centro,Manglar,0.34191763
-89.24022214640117,19.081976671045467,Sureste,Selva Húmeda,0.9096259
-88.19696422121838,19.163741894947854,Sureste,Manglar,0.9916652
-102.53492840760387,27.135304947279714,Noreste,Matorral Seco,0.80474645
-109.88926893528564,29.719882974062077,Noroeste,Bosque Templado,0.83473176
-102.3820443851623,20.254218532322007,Occidente,Pastizal,0.2907059
-113.23148795627002,31.875464428024067,Noroeste,Selva Húmeda,0.9301759
-109.75182063682514,28.05568145949492,Noroeste,Selva Húmeda,0.7931382
-107.69000177828649,25.399659255650555,Noroeste,Bosque Templado,0.48328
-102.09550512659762,23.72739008583706,Centro,Pastizal,0.6365035
-93.43286963894147,18.020725113267506,Sureste,Matorral Seco,0.3270941
-100.2895441096057,27.779954470051216,Noreste,Manglar,0.33894706
-100.02037605604774,24.304432247467865,Sur,Selva Húmeda,0.92083585
-111.81423666245347,29.682738758310382,Noroeste,Matorral Seco,0.9855227
-100.6395238824916,21.46869273436658,Centro,Pastizal,0.41852942
-100.52831756369353,25.61090131214141,Sur,Selva Húmeda,0.95473236
-114.17308753898307,31.807542831508204,Noroeste,Selva Húmeda,0.9999706
-107.42745104246002,25.94713666990836,Noroeste,Manglar,0.63703
-92.44339743021254,17.734042129554513,Sureste,Selva Húmeda,0.40695295
-101.06205671065591,28.1525139654357,Noreste,Pastizal,0.88154763
-101.21265456606697,29.25090549762686,Noreste,Matorral Seco,0.9059482
-94.23371187836021,17.249593287212328,Sureste,Bosque Templado,0.8300206
-100.86024190484143,17.615032373203544,Sur,Matorral Seco,0.9494488
-98.35548416512529,21.688340327612195,Sureste,Pastizal,0.36405882
-106.89918996975511,24.78876326188634,Noroeste,Pastizal,0.95964646
-98.57670741811877,18.69936299863542,Centro,Pastizal,0.6061147
-104.79478263971197,27.910944503815465,Noreste,Manglar,0.6677794
-99.05142970013742,21.81631210041469,Centro,Pastizal,0.22098823
-109.42885190336749,27.700886225266505,Noroeste,Bosque Templado,0.9953769
-101.74197469777641,21.076945140948155,Centro,Matorral Seco,0.17577647
-114.88408993666789,29.628491030998756,Noroeste,Bosque Templado,0.97781295
-98.09110951839509,24.845806577992857,Noreste,Pastizal,0.20092942
-100.03721721802499,26.792416344525797,Sur,Pastizal,0.9202941
-100.1739200749324,21.021066975564267,Centro,Selva Húmeda,0.66352177
-109.43510253228031,30.189066712482816,Noroeste,Manglar,0.9596294
-88.15702469184318,19.1271165603351,Sureste,Selva Húmeda,0.8372447
-90.5340698746198,16.311370250321392,Sureste,Manglar,0.36818236
-102.67444060671885,21.86805138139486,Centro,Pastizal,0.17872353
-99.50376676895193,22.840754002855064,Noreste,Selva Húmeda,0.88125885
-100.6074577689015,24.836104579839933,Sur,Bosque Templado,0.98395807
-88.94517318519819,18.2200146012873,Sureste,Matorral Seco,0.7098753
-103.09387670035005,24.37550129309299,Centro,Manglar,0.7833006
-97.91007945263765,18.298557517526074,Centro,Pastizal,0.60268056
-103.21631915098186,22.771711924800975,Centro,Bosque Templado,0.9168659
-100.81820769761173,25.997831892446253,Sur,Manglar,0.90377116
-109.08009117222298,25.809476489180152,Noroeste,Matorral Seco,0.1579
-99.01666714536668,18.84720274495345,Sur,Manglar,0.63293177
-97.42101109434131,20.21699665210563,Centro,Selva Húmeda,0.30935293
-110.9810887298836,28.462580551931225,Noroeste,Matorral Seco,0.999908
-89.7978618035149,18.457655682642976,Sureste,Bosque Templado,0.7704553
-102.94861979035255,23.489667576043875,Centro,Pastizal,0.6182988
-100.68632101619966,25.391031240537757,Noreste,Manglar,0.59565175
-90.68559583048608,18.151020879975448,Sureste,Matorral Seco,0.8482765
-102.4674315745429,20.258335547240872,Occidente,Manglar,0.25575882
-98.47770946878427,18.338934720933736,Centro,Matorral Seco,0.7892371
-91.19572369861268,18.85509394528345,Sureste,Pastizal,0.52218527
-104.11984114764348,29.074240442072963,Noreste,Manglar,0.95654297
-93.34162866099825,16.978049922395826,Sureste,Selva Húmeda,0.33263528
-107.06582416403997,30.64705511777524,Noreste,Pastizal,0.86944294
-100.47754464444719,19.952864029418883,Occidente,Matorral Seco,0.20892353
-104.78047467565017,29.19259052752518,Noreste,Bosque Templado,0.92524296
-103.09429603936327,21.48364566710768,Centro,Matorral Seco,0.19133529
-101.23464860594643,26.74262639004734,Noreste,Matorral Seco,0.98478776
-100.58391688538016,28.188118031859965,Noreste,Manglar,0.6356118
-88.5375711988904,18.5883158699806,Sureste,Pastizal,0.8876812
-91.68713046922451,18.34631346894265,Sureste,Selva Húmeda,0.4995347
-98.0836130951189,20.761180129923282,Sureste,Matorral Seco,0.296
-90.31886282679834,20.130454300469083,Sureste,Manglar,0.63678175
-104.35344976730363,21.71686659735733,Occidente,Manglar,0.80862826
-101.81276708103984,25.9074608585343,Noreste,Matorral Seco,0.9956999
-100.27249256683983,21.315543733680602,Centro,Selva Húmeda,0.88655764
-108.79410171501803,28.519705094433498,Noroeste,Pastizal,0.9554088
-105.26468347769773,19.8010763226654,Occidente,Pastizal,0.19299412
-87.64437585968494,19.457336542751275,Sureste,Pastizal,0.9403588
-102.77126819700429,20.77442009153232,Occidente,Pastizal,0.27795294
-99.44786523812927,17.694062612898723,Sur,Pastizal,0.95634174
-108.96512771863966,29.49280328890379,Noroeste,Manglar,0.9693253
-100.59956246783655,24.109544333870083,Centro,Manglar,0.8361194
-99.39607321542789,26.20330072971895,Sur,Matorral Seco,0.9823082
-103.90303160846383,19.34915233313321,Occidente,Pastizal,0.78608704
-107.59236996687368,26.30752510845739,Noreste,Bosque Templado,0.9757964
-99.8933936019133,21.941211240372862,Centro,Pastizal,0.29144707
-102.57135771324904,23.111782341947883,Centro,Manglar,0.9756994
-108.65400381414543,26.925482494140667,Noroeste,Pastizal,0.9881762
-109.07259866397665,27.958411969060894,Noroeste,Pastizal,0.9812631
-102.08622745801624,23.829461789905093,Centro,Matorral Seco,0.94791824
-103.67425602250167,23.52155133806028,Centro,Matorral Seco,0.2063294
-100.317122112837,17.40480005105437,Sur,Pastizal,0.93196297
-114.82989822809586,30.74459204195392,Noroeste,Manglar,1.0
-102.79615813867503,18.2241904882177,Occidente,Bosque Templado,0.62761825
-106.9023873969258,30.5122301374288,Noreste,Selva Húmeda,0.81712705
-98.44938107651744,18.89704395819757,Centro,Pastizal,0.13724706
-107.55124850962088,26.546261999583926,Noreste,Matorral Seco,0.8282447
-98.22408967861433,24.464071672126572,Noreste,Matorral Seco,0.8000382
-108.77719772779628,27.790233287045474,Noreste,Manglar,0.98848146
-99.52260393408102,25.709239661064153,Sur,Bosque Templado,0.40841764
-89.49094684784578,20.128848277663696,Sureste,Selva Húmeda,0.6464447
-103.47352221420597,18.403516270993713,Occidente,Bosque Templado,0.70103824
-106.66571579255721,30.554394693043516,Noreste,Selva Húmeda,0.8067188
-113.4762927762303,31.55798721787461,Noroeste,Manglar,0.7744347
-105.30341875188368,20.15451121330611,Occidente,Matorral Seco,0.33008236
-99.26186200791342,17.046313549295974,Sur,Selva Húmeda,0.44451883
-89.82358654744979,19.98744958626653,Sureste,Selva Húmeda,0.21328235
-108.32791769873307,26.690949162671824,Noroeste,Matorral Seco,0.29329413
-110.08550414768592,29.936631517757384,Noroeste,Pastizal,0.86940587
-115.60111310674694,30.454492838263565,Noroeste,Selva Húmeda,0.9912643
-100.18220769644755,25.790136249100172,Sur,Selva Húmeda,0.0
-101.91734952445235,25.374590007660384,Noreste,Pastizal,0.23325883
-91.52621217199628,16.415069505392086,Sureste,Matorral Seco,0.3439647
-99.4046276866264,21.44179152179221,Centro,Selva Húmeda,0.48023883
-97.76360160808134,16.755911635791897,Noreste,Matorral Seco,0.8600435
-99.91510205323823,18.765529096928493,Centro,Manglar,0.40442353
-113.45344013108773,31.853664732879725,Noroeste,Pastizal,0.98087305
-99.16336093460552,20.971366599612136,Centro,Selva Húmeda,0.9448735
-99.32246285216064,20.533057239591916,Centro,Bosque Templado,0.17452942
-101.98738356167969,25.878296409532787,Noreste,Bosque Templado,0.8556588
-102.70197361701221,18.959031949596184,Occidente,Bosque Templado,0.61063
-102.91220269614574,23.518135027849375,Centro,Pastizal,0.32641175
-104.1029449943512,19.759538081109294,Occidente,Manglar,0.7447006
-97.74843064204909,18.306539473536393,Noreste,Pastizal,0.77789706
-101.18730418168012,24.37573171823204,Centro,Selva Húmeda,0.98518705
-102.68797697927506,29.426141086274395,Noreste,Bosque Templado,0.9846901
-94.1755105519857,17.047824209678062,Noreste,Manglar,0.9679565
-105.56747127663367,27.20083909500064,Noreste,Manglar,0.3337647
-98.87769746188195,25.532430434112207,Sur,Matorral Seco,0.56164175
-113.23602527536144,27.014141690328156,Noroeste,Manglar,0.9577312
-116.0920488546796,31.93766609845302,Noroeste,Matorral Seco,0.9986808
-102.22625112035747,19.939699547494065,Occidente,Manglar,0.5890459
-102.5149937857933,24.339696011854556,Centro,Matorral Seco,0.9484553
-106.43301726571111,30.50496109477239,Noreste,Matorral Seco,0.30124706
-116.22901570176298,31.507158816908436,Noroeste,Pastizal,0.9998493
-107.26414606484543,26.97255543640039,Noreste,Pastizal,0.94819355
-106.57429082098656,29.13999217615908,Noreste,Matorral Seco,0.97761065
-111.04751706787678,28.002367780377728,Noroeste,Matorral Seco,0.96232116
-103.0081721100173,18.44466707592683,Occidente,Pastizal,0.7814794
-106.28768107215157,29.797457258827432,Noreste,Matorral Seco,0.5986606
-111.83823440655311,29.755030477988964,Noroeste,Matorral Seco,0.9948911
-102.36931705680225,19.957479965873144,Occidente,Pastizal,0.5876024
-87.96789143961153,21.235873069122547,Sureste,Manglar,0.50296
-104.88588897187232,28.702500783594232,Noreste,Bosque Templado,0.61023885
-111.28192935719657,30.09098026157754,Noroeste,Selva Húmeda,0.90806884
-107.97250048061078,27.233711762528696,Noreste,Bosque Templado,0.9686565
-115.06630738353962,30.40189076277144,Noroeste,Bosque Templado,0.9690912
-101.04547597666411,25.883537283575894,Noreste,Selva Húmeda,0.9385006
-110.59370929141289,30.541389776533244,Noroeste,Pastizal,0.9699206
-105.25362067886185,21.906409232191514,Occidente,Selva Húmeda,0.1764647
-91.00793817659122,19.066020664654562,Sureste,Bosque Templado,0.47086647
-101.83806882664194,18.209613360114968,Sur,Pastizal,0.7213865
-96.64198972882235,18.01438896549412,Noreste,Pastizal,0.8870853
-89.10772800488874,18.63578258618991,Sureste,Pastizal,0.8504541
-108.80025124365073,26.777796183999016,Noroeste,Bosque Templado,0.99924517
-102.1135598141049,24.048632583092274,Centro,Matorral Seco,0.8719641
-89.6231699237857,21.255402006321486,Sureste,Pastizal,0.6180218
-105.50998955558053,27.63702497889343,Noreste,Bosque Templado,0.94770765
-102.24704718152233,18.382865822608846,Occidente,Selva Húmeda,0.4721147
-89.12529697301133,19.568119760869614,Sureste,Matorral Seco,0.7696682
-100.91025266055868,24.770294212539163,Noreste,Bosque Templado,0.8582447
-110.87278772279238,30.751839420134363,Noroeste,Matorral Seco,0.60970473
-107.71402926731646,27.128959640834395,Noreste,Matorral Seco,0.327
-100.41959525055617,24.80106003071751,Sur,Matorral Seco,0.8081194
-113.66837321442561,31.75552680634364,Noroeste,Manglar,0.9861061
-107.04117927952397,27.047861972194898,Noreste,Manglar,0.68388236
-93.24006764406677,18.163734637809707,Sureste,Manglar,0.30100587
-99.69956164968114,22.95521205696493,Noreste,Matorral Seco,0.94901174
-98.62948442143986,25.624807431542663,Sur,Matorral Seco,0.4265059
-98.12887478693702,17.936892457001083,Noreste,Pastizal,0.2410353
-97.9725206464041,18.525850217364084,Centro,Manglar,0.28232354
-96.96722330202549,17.30162770229528,Noreste,Manglar,0.41418824
-100.56984093473842,22.713939905294364,Centro,Pastizal,0.97849035
-94.27104084546953,16.629017564713998,Noreste,Manglar,0.97714263
-105.01213906876299,26.595522508268818,Noreste,Bosque Templado,0.9736579
-97.90450384600994,16.370298004712847,Noreste,Pastizal,0.37201765
-109.15490882373163,27.88138002199771,Noroeste,Selva Húmeda,0.94244766
-100.5938910618814,17.506798253356283,Sur,Bosque Templado,0.86378586
-100.28054366635668,28.146275194467574,Noreste,Selva Húmeda,0.5893512
-111.32808621910517,30.783666163614175,Noroeste,Pastizal,0.96722883
-105.20827673951955,30.71723414455148,Noreste,Matorral Seco,0.95446527
-110.78692672602597,28.584472223581805,Noroeste,Manglar,0.80848294
-101.60662564370242,29.27692514876542,Noreste,Matorral Seco,0.984739
-104.92340756665395,28.3555164268492,Noreste,Pastizal,0.6907029
-89.98604245636626,20.912053749134753,Sureste,Matorral Seco,0.67971236
-102.92643052865932,20.521032068871254,Occidente,Matorral Seco,0.45559472
-101.45136323390693,22.62737509745732,Centro,Manglar,0.65148646
-101.87026484761745,21.105080195138463,Centro,Bosque Templado,0.2667353
-100.3660865799352,25.450130816490457,Sur,Selva Húmeda,0.8416082
-100.97307594629295,18.882754706887848,Occidente,Bosque Templado,0.74465764
-93.56282994164577,18.271057409384827,Sureste,Bosque Templado,0.5529241
-103.48957552873325,28.28615648705892,Noreste,Pastizal,0.9581359
-91.36426730417008,18.021372421800827,Sureste,Selva Húmeda,0.2612588
-100.23557351334318,21.344671239415725,Centro,Bosque Templado,0.50761056
-107.18933584363546,27.311747523619267,Noreste,Matorral Seco,0.8369606
-91.75306935710286,18.15813650938443,Sureste,Selva Húmeda,0.56287646
-108.81089456394443,27.7990120914444,Noreste,Manglar,0.97696686
-111.00546096619613,24.24063956595561,Noroeste,Manglar,0.9804951
-106.827748470652,28.956235116610806,Noreste,Selva Húmeda,0.29084116
-107.11360362277843,26.214754035706537,Noreste,Matorral Seco,0.9762399
-105.83593670077003,28.020624957243193,Noreste,Selva Húmeda,0.82625645
-92.70783055624247,15.910553072653968,Sureste,Bosque Templado,0.5391071
-103.65642359365627,23.307837536820436,Centro,Bosque Templado,0.5081759
-114.32341698341588,29.05689133536497,Noroeste,Manglar,0.9856583
-112.59449322823255,30.590449913717254,Noroeste,Matorral Seco,0.7637947
-91.55598446472133,16.181576168167297,Sureste,Bosque Templado,0.39962354
-101.15318261337096,24.115153614795187,Centro,Selva Húmeda,0.5539418
-95.41227444033761,18.678358476421703,Sureste,Manglar,0.3812059
-115.17845625795636,30.27258067470105,Noroeste,Bosque Templado,0.99187064
-94.81479118998742,18.224632160606962,Sureste,Manglar,0.37451765
-89.05348169409956,20.083292384937263,Sureste,Matorral Seco,0.13861765
-95.6277354091377,16.55971845368963,Noreste,Manglar,0.7216053
-88.59537671998568,20.96954998981674,Sureste,Pastizal,0.43511176
-99.12167219707818,17.695245443064362,Sur,Pastizal,0.5188265
-111.27524454849791,28.715900224118712,Noroeste,Pastizal,0.94014
-89.64465367476627,20.7506813756031,Sureste,Selva Húmeda,0.64999944
-102.01547281714917,19.458339010100737,Occidente,Selva Húmeda,0.30968824
-99.63630491117262,18.641482498727164,Sur,Pastizal,0.29255882
-89.58844764330557,18.997672800470767,Sureste,Bosque Templado,0.8222359
-114.68764800476885,29.742578918220715,Noroeste,Manglar,0.9920874
-101.32433429405896,21.678016974485825,Centro,Bosque Templado,0.5336223
-105.69060011341715,26.69831773108671,Noreste,Selva Húmeda,0.7613653
-88.05211686551714,20.0705910944531,Sureste,Bosque Templado,0.8364188
-114.95556979693437,31.813220278979152,Noroeste,Manglar,0.9986339
-107.57942587545917,30.842710089554966,Noreste,Selva Húmeda,0.48760942
-91.45235067394046,18.272057582064306,Sureste,Selva Húmeda,0.36397648
-116.19229086102895,31.40697237397112,Noroeste,Matorral Seco,0.9962831
-90.08437622303613,20.964924145552438,Sureste,Selva Húmeda,0.6929847
-100.89711972940088,26.156655066353117,Sur,Bosque Templado,0.9656053
-93.68353548644842,16.235487407170208,Sureste,Matorral Seco,0.5046465
-95.17264588841621,16.34597568761258,Noreste,Selva Húmeda,0.46922293
-102.95754562885624,23.523426038167454,Centro,Bosque Templado,0.32507646
-93.51786125766215,17.562456919091034,Sureste,Pastizal,0.33798236
-106.45919734219667,27.790547132909264,Noreste,Manglar,0.39732942
-104.87409183173294,22.57805851002647,Occidente,Pastizal,0.9738105
-100.76612660867627,18.51589154592942,Occidente,Pastizal,0.61778826
-102.36534190459678,18.52003776057475,Occidente,Matorral Seco,0.56797
-92.06826337546693,16.111475175656427,Sureste,Manglar,0.80505824
-98.14608885360386,22.214807703146803,Sureste,Selva Húmeda,0.1954647
-105.35714322498909,30.218574776303523,Noreste,Manglar,0.9717581
-102.51068335970237,25.956763047205804,Noreste,Matorral Seco,0.97754514
-108.67765339275063,26.58127816302525,Noroeste,Bosque Templado,0.9959816
-98.64923731802638,25.250056183401693,Noreste,Selva Húmeda,0.8488006
-104.12038571800616,28.42188021599804,Noreste,Manglar,0.5217765
-107.98009451948083,29.462716586261582,Noreste,Pastizal,0.68150294
-103.72628521278754,23.309878857905712,Centro,Bosque Templado,0.8776347
-103.67590679198575,23.60981717218673,Centro,Pastizal,0.43024707
-113.80505048260463,27.837853744973213,Noroeste,Matorral Seco,0.94831884
-100.44545989833084,20.893629767383167,Centro,Manglar,0.57897586
-99.94121750565952,22.48600077725314,Centro,Selva Húmeda,0.9520994
-109.60853475839828,30.98925063110006,Noroeste,Pastizal,0.71424353
-108.47929396425107,28.473864980458846,Noreste,Pastizal,0.98545
-90.7365363318252,16.558601802938828,Sureste,Pastizal,0.7335988
-112.06377159507925,30.968911500622546,Noroeste,Selva Húmeda,0.75674766
-104.271950934213,19.84115162180435,Occidente,Selva Húmeda,0.33171177
-105.64080002046659,29.662743586576887,Noreste,Manglar,0.67966884
-111.38013620191474,25.176654250976725,Noroeste,Pastizal,0.9006647
-100.53191462413028,23.598223540876774,Centro,Manglar,0.31169412
-113.80824479261506,28.90382923293714,Noroeste,Matorral Seco,0.9807675
-102.38621544837507,25.496720768126984,Noreste,Matorral Seco,0.9901456
-88.50811743360053,19.545950707084295,Sureste,Matorral Seco,0.9948805
-96.15002152690877,16.120169783594104,Noreste,Matorral Seco,0.86655235
-112.48247078496847,27.03337518628677,Noroeste,Matorral Seco,0.996146
-93.36477728035878,17.77286937720205,Sureste,Pastizal,0.40104705
-107.67559219971344,28.471307273497093,Noreste,Matorral Seco,0.9790294
-111.94046208806101,25.1660018544352,Noroeste,Pastizal,0.7387671
-99.60297433996895,27.517861447463265,Noreste,Matorral Seco,0.29265293
-97.24100203167743,19.270115367867337,Centro,Bosque Templado,0.1775353
-100.92035650938321,26.131757591935063,Sur,Bosque Templado,0.99714166
-97.03044105109626,19.810457679834556,Sureste,Bosque Templado,0.41677058
-99.40507522053286,26.352093891554762,Noreste,Pastizal,0.98063654
-92.45505277287704,16.984120847561535,Sureste,Bosque Templado,0.8266441
-89.03755436640967,18.878963307036308,Sureste,Matorral Seco,0.64952826
-101.18341529220784,21.36073752887041,Centro,Bosque Templado,0.35857648
-93.41887487386205,17.58777344500636,Sureste,Matorral Seco,0.43824705
-93.35193142738508,16.616208254818456,Sureste,Selva Húmeda,0.42579412
-102.88353486495585,26.912892347601627,Noreste,Pastizal,0.95042115
-113.21540854759503,28.017947545421887,Noroeste,Matorral Seco,0.9481394
-104.25619991200715,21.825349555901866,Occidente,Pastizal,0.9153771
-90.6883471349727,16.42204313705447,Sureste,Matorral Seco,0.67904705
-98.53968769950356,25.078958536777304,Noreste,Selva Húmeda,0.6744177
-108.04938674248162,27.68938448363686,Noreste,Bosque Templado,0.9794286
-92.137653617046,17.749772231724464,Sureste,Pastizal,0.40387058
-107.84890133473678,25.05858756349281,Noroeste,Matorral Seco,0.20931765
-100.12709166933378,17.76906496450496,Sur,Bosque Templado,0.52834177
-104.47631277753196,21.112341011926265,Occidente,Manglar,0.43344116
-113.14262092440114,28.01957812145394,Noroeste,Matorral Seco,0.98402905
-101.67650011362302,18.717812777381805,Occidente,Pastizal,0.8566529
-89.16906249734544,21.32298926982152,Sureste,Matorral Seco,0.71433765
-98.75459977621537,17.884677795979204,Sur,Matorral Seco,0.83635646
-101.19513818101868,24.04502350608558,Centro,Selva Húmeda,0.9717303
-102.75717185569391,22.490564928049753,Centro,Matorral Seco,0.32940587
-102.46427146254709,20.166562063244854,Occidente,Selva Húmeda,0.18674117
-107.96143241720391,28.147029716721466,Noreste,Bosque Templado,0.9875206
-102.27420069587461,22.570349393380358,Centro,Manglar,0.49764118
-97.34018417005473,20.903903583608674,Sureste,Manglar,0.22004117
-113.09207153781954,28.199760733541417,Noroeste,Pastizal,0.99649715
-110.2427561659469,31.12299508476354,Noroeste,Pastizal,0.47591
-108.7449877286687,28.545908016011857,Noroeste,Pastizal,0.8819324
-101.22544498291272,26.48497753932856,Noreste,Bosque Templado,0.92439944
-104.82673711110704,26.994599734624362,Noreste,Selva Húmeda,0.48251706
-104.31488882380197,28.91757940078231,Noreste,Matorral Seco,0.95726585
-95.93898811148757,16.466473609350114,Noreste,Manglar,0.8218641
-101.93336840193685,27.79382205694666,Noreste,Matorral Seco,0.98355097
-102.02255745553236,25.020673296179318,Centro,Pastizal,0.99959517
-110.17483093744902,28.743131292792693,Noroeste,Pastizal,0.64442414
-105.48469442515047,20.422165545532728,Occidente,Bosque Templado,0.6522565
-89.75714469585442,18.70657694287868,Sureste,Matorral Seco,0.9894169
-98.1437552663067,25.08914981427431,Noreste,Selva Húmeda,0.51322824
-115.23757334312079,31.191334680309815,Noroeste,Bosque Templado,0.9999512
-113.45953028123243,28.314946821489933,Noroeste,Matorral Seco,0.9869229
-93.13178883192195,15.690996503913398,Sureste,Manglar,0.67803824
-103.64251337858978,29.027448843025674,Noreste,Manglar,0.95683885
-104.4705297385708,29.27271027841607,Noreste,Pastizal,0.9755935
-109.55872529602672,26.924082063402007,Noroeste,Bosque Templado,0.17681764
-111.34599963899917,31.041888154681214,Noroeste,Matorral Seco,0.9880439
-87.27386987891188,20.903407232996102,Sureste,Bosque Templado,0.97878826
-107.68958339254291,27.300600777114067,Noreste,Pastizal,0.9849577
-105.61257412167059,28.961907957169306,Noreste,Selva Húmeda,0.86370295
-92.32353948141645,18.224474781911574,Sureste,Pastizal,0.8379247
-98.09992033575512,19.990722654056928,Centro,Selva Húmeda,0.4356588
-104.81877042629185,20.191527900283994,Occidente,Matorral Seco,0.4362706
-112.34439505435299,31.19794874168793,Noroeste,Matorral Seco,0.90271825
-110.42693590033885,27.887075340007584,Noroeste,Bosque Templado,0.99551433
-114.79066576303363,29.20844128989176,Noroeste,Bosque Templado,0.9868728
-106.152813033958,28.597830874619284,Noreste,Manglar,0.3216
-105.39428984404506,29.765326881054285,Noreste,Selva Húmeda,0.88209355
-89.15850256940283,19.5551344048635,Sureste,Manglar,0.95394355
-101.52041573537144,23.673348624956553,Centro,Manglar,0.9977679
-98.52686514883192,19.41361999385288,Centro,Bosque Templado,0.27882943
-105.8580585122799,22.757066132977045,Noroeste,Bosque Templado,0.28855294
-98.61668613778896,22.518195495074853,Noreste,Manglar,0.19404118
-96.75407271876396,15.873249597233345,Noreste,Pastizal,0.8145153
-104.2032286567035,20.78602641302417,Occidente,Pastizal,0.2743
-97.91173716352836,22.03909052104823,Sureste,Selva Húmeda,0.31902942
-115.47080238059829,31.864434483560355,Noroeste,Manglar,0.99949926
-92.86637194134023,16.10754705559059,Sureste,Bosque Templado,0.30238235
-110.77362669551583,24.987088873904924,Noroeste,Manglar,0.9976202
-99.30308452221908,18.557206925298136,Sur,Bosque Templado,0.38011765
-99.01570605970407,20.788305564181805,Centro,Bosque Templado,0.775987
-105.55031232413525,22.944287331062426,Noroeste,Bosque Templado,0.93159235
-95.73137481440607,18.71656469748671,Sureste,Matorral Seco,0.9149824
-116.63414082074206,31.972163212662775,Noroeste,Matorral Seco,0.88077
-95.2007593780514,18.033497199133365,Sureste,Selva Húmeda,0.3225353
-113.39826808582734,31.613062765014977,Noroeste,Selva Húmeda,0.9842256
-103.23170197323633,22.117174491796654,Occidente,Manglar,0.4441547
-106.871504060262,28.173332373740095,Noreste,Matorral Seco,0.70081943
-106.08788952758165,24.08112696773411,Noroeste,Selva Húmeda,0.9932612
-109.58343707895466,31.23636279982773,Noroeste,Pastizal,0.2248
-101.01245779215893,18.003778139894248,Sur,Selva Húmeda,0.8242612
-103.49330071135336,28.435138320604857,Noreste,Matorral Seco,0.86840117
-106.57828516210368,25.766153339094643,Noreste,Manglar,0.7004035
-102.31659062237928,23.821597933998746,Centro,Manglar,0.90569
-100.54379719956307,26.53809461980999,Sur,Pastizal,0.94251174
-103.80887562760097,20.769635589786848,Occidente,Selva Húmeda,0.88740116
-101.98986528095946,21.107491946699074,Occidente,Selva Húmeda,0.46404648
-106.67175989471995,28.099968279405154,Noreste,Selva Húmeda,0.74704415
-98.23977393501553,20.967273389162795,Centro,Pastizal,0.6781447
-103.350040024872,21.192610415841884,Centro,Bosque Templado,0.48596528
-115.99656910024791,32.195852744108784,Noroeste,Selva Húmeda,0.73000646
-100.33170018866696,18.58576918763515,Centro,Selva Húmeda,0.44738352
-99.86643465499236,17.254062451588293,Sur,Pastizal,0.7256459
-108.18852097536237,25.341143136599744,Noroeste,Matorral Seco,0.17432941
-115.21457470655079,31.16152409215668,Noroeste,Manglar,0.9984796
-100.85542839960753,25.658089255414797,Noreste,Selva Húmeda,0.55312175
-103.0166305077645,24.223458008538273,Centro,Matorral Seco,0.8395647
-101.32095185441031,28.120711898769294,Noreste,Selva Húmeda,0.80317414
-111.52558301423184,30.321143493141605,Noroeste,Selva Húmeda,0.95539826
-100.33094274678584,23.44974470849224,Sur,Selva Húmeda,0.95644176
-98.91474961190771,17.23428803092212,Sur,Bosque Templado,0.9566371
-102.48956778849197,28.30944989150948,Noreste,Bosque Templado,0.6681541
-100.47255610631608,21.63717966446215,Centro,Pastizal,0.87629765
-101.82979844280564,18.016702309955733,Sur,Selva Húmeda,0.6620023
-101.97686965011025,21.775675828737917,Occidente,Bosque Templado,0.2652
-98.25911804427473,22.950528395013787,Noreste,Bosque Templado,0.81444645
-102.07216223945152,22.07391884857177,Centro,Manglar,0.59864
-115.18403788122679,30.998944160565063,Noroeste,Pastizal,0.9975353
-92.21323688496312,15.753901857483994,Sureste,Manglar,0.32294118
-101.60320041577408,22.432488008454108,Centro,Pastizal,0.8055182
-106.46838228349992,26.85050147209236,Noreste,Pastizal,0.6118847
-105.23625912242298,29.845725652495506,Noreste,Matorral Seco,0.99312854
-98.72588328667901,18.019925863157106,Sur,Pastizal,0.3069
-106.82447260433712,31.47347211442933,Noreste,Pastizal,0.91254115
-113.58422996189033,27.73020830425982,Noroeste,Pastizal,0.9899489
-114.94199997663272,32.23698710123808,Noroeste,Matorral Seco,0.17637059
-107.61729767537989,26.414673912591734,Noreste,Pastizal,0.9414918
-105.5112503785568,27.050156735058305,Noreste,Pastizal,0.4252353
-116.80433318198268,32.52533329602075,Noroeste,Manglar,0.99972576
-100.737241242907,18.601735704025504,Sur,Selva Húmeda,0.98461986
-87.36747053917495,20.63900462017172,Sureste,Matorral Seco,0.9498247
-108.87163358019936,29.47142899475412,Noroeste,Pastizal,0.8930147
-105.7624220623867,26.853221304516232,Noreste,Manglar,0.38738823
-96.98741756185649,18.296293661059284,Noreste,Manglar,0.37374705
-114.82929061066166,30.155354300470023,Noroeste,Bosque Templado,0.98928285
-97.60577013949829,18.50739541010361,Centro,Matorral Seco,0.76721644
-99.10639206379186,24.9017125628814,Noreste,Matorral Seco,0.90690297
-93.68338429759991,16.593739409375193,Sureste,Selva Húmeda,0.43158236
-96.18727338270155,18.343488811411266,Sureste,Manglar,0.34631765
-101.08888383871353,19.703528446430887,Occidente,Bosque Templado,0.28177646
-99.80868141078919,17.025200146780545,Sur,Bosque Templado,0.52320766
-106.82186253017142,31.260429442662424,Noreste,Matorral Seco,0.8087747
-115.19870162571769,31.877968592732618,Noroeste,Matorral Seco,0.98999476
-109.6558864017889,23.171093298993174,Noroeste,Manglar,0.8710865
-98.6962823710904,16.734542031330605,Sur,Bosque Templado,0.4685
-109.66939209204415,23.47727082912618,Noroeste,Matorral Seco,0.9349482
-101.06863621927734,27.932282706864825,Noreste,Manglar,0.75271297
-98.32408876127283,25.01776905273658,Noreste,Selva Húmeda,0.35756472
-101.09180096880104,20.158583715295126,Centro,Matorral Seco,0.70138824
-99.64974817217826,18.206573199174997,Sur,Manglar,0.4345588
-95.95637186638608,18.331831848426702,Sureste,Bosque Templado,0.31555882
-108.60120665235219,26.36350992353985,Noroeste,Pastizal,0.38409412
-99.52811116962219,19.730098167378163,Centro,Manglar,0.7516653
-114.27324635294379,28.926831194165295,Noroeste,Selva Húmeda,0.9884758
-102.57901380420653,22.76289809584033,Centro,Pastizal,0.0
-109.67501286725461,26.953808296451527,Noroeste,Selva Húmeda,0.13577648
-105.78197468809093,30.150732817017293,Noreste,Manglar,0.95064414
-110.30565152211837,31.09768976629412,Noroeste,Bosque Templado,0.5974488
-103.43891347779969,27.633396797463995,Noreste,Pastizal,0.9853039
-111.27099212469555,28.97452816078386,Noroeste,Pastizal,0.88437885
-105.50641361108349,23.135590974412796,Noroeste,Selva Húmeda,0.97500134
-92.5088798169144,15.343366374731291,Sureste,Selva Húmeda,0.9846296
-93.61628707427509,17.543809708276065,Sureste,Pastizal,0.4082941
-98.21511676790563,20.10208855678655,Centro,Manglar,0.4351706
-102.68689469033716,27.238744647383392,Noreste,Pastizal,0.9732058
-89.42004197199314,18.859400402715284,Sureste,Selva Húmeda,0.77310354
-100.2108312262449,27.928193200403236,Noreste,Bosque Templado,0.92712057
-100.25307222233116,20.798796313708802,Centro,Bosque Templado,0.67097473
-115.11082650034595,29.98489084047182,Noroeste,Manglar,0.9775024
-109.81835437464437,30.38014317554235,Noroeste,Bosque Templado,0.90290236
-103.18782121220548,24.11184825190364,Centro,Matorral Seco,0.29577646
-99.34475902186578,25.654873243336088,Sur,Bosque Templado,0.11765294
-99.63238329150153,16.759084734907724,Sur,Selva Húmeda,0.27511764
-98.61175263908069,20.996918722419405,Centro,Matorral Seco,0.56447
-98.15771609351756,16.56312375325718,Noreste,Matorral Seco,0.5513935
-110.71168143771732,31.063481247567875,Noroeste,Manglar,0.87848294
-108.06340330097731,28.58663955675207,Noreste,Matorral Seco,0.98226684
-102.46267074717598,27.958946338116426,Noreste,Pastizal,0.9699794
-111.39117642521583,25.26137693735445,Noroeste,Selva Húmeda,0.97938204
-113.04142422404765,28.216150862362063,Noroeste,Matorral Seco,0.99134195
-103.16932740963775,25.097675399614182,Noreste,Selva Húmeda,0.99051934
-103.49234623386477,23.74458177830106,Centro,Pastizal,0.3098412
-116.001278771584,31.310960354050692,Noroeste,Bosque Templado,0.9663006
-109.48466114527257,27.500713743564848,Noroeste,Pastizal,0.9285894
-115.4338572722236,32.43654955853525,Noroeste,Manglar,0.98041296
-91.21228234108995,17.018879691639203,Sureste,Bosque Templado,0.984999
-110.03730087458483,29.8758739021185,Noroeste,Bosque Templado,0.9089747
-109.54968528224028,28.46589701694204,Noroeste,Matorral Seco,0.8720153
-98.80832545176764,21.37334224303609,Centro,Manglar,0.25365293
-99.75225265955679,22.030786038536505,Centro,Manglar,0.85922176
-103.05378199047729,18.341363768331973,Occidente,Matorral Seco,0.6018841
-98.41893016775347,19.246805370823907,Centro,Bosque Templado,0.08892353
-103.52342245736868,21.29092751468877,Centro,Pastizal,0.87479764
-101.31491917516594,25.41195943839998,Noreste,Matorral Seco,0.2688941
-106.70053126167403,24.31471475382675,Noroeste,Matorral Seco,0.30865884
-106.01237323763925,23.419171855709166,Noroeste,Manglar,0.94357944
-104.17836039778047,20.054933020404142,Occidente,Pastizal,0.7255153
-99.58166931762423,23.058558180718048,Noreste,Matorral Seco,0.91227883
-114.80806355176897,30.53714057778117,Noroeste,Pastizal,0.98236793
-97.94142191006013,22.68889581339333,Noreste,Matorral Seco,0.3519353
-101.924165183804,24.67287041150999,Centro,Manglar,0.9735616
-92.3954000336499,18.15885136931034,Sureste,Selva Húmeda,0.9992237
-87.56798127533568,19.95429130641771,Sureste,Manglar,0.95030296
-99.97126869294563,27.89487673441244,Noreste,Selva Húmeda,0.96529
-101.8461586198075,21.697549284665108,Occidente,Bosque Templado,0.36541766
-96.77958812157406,17.530808127159734,Noreste,Bosque Templado,0.6114547
-103.72616953879968,28.151214602103483,Noreste,Bosque Templado,0.9136053
-109.55853564520339,27.272713596085975,Noroeste,Bosque Templado,0.6997923
-103.34232656027262,18.912488318239888,Occidente,Matorral Seco,0.3676706
-112.06418774422396,31.565889719945396,Noroeste,Pastizal,0.9846941
-90.82789461191055,19.01919919279169,Sureste,Selva Húmeda,0.34627646
-111.8967055166755,24.71592037386133,Noroeste,Selva Húmeda,0.9845535
-101.54143475647166,25.73483897238623,Noreste,Bosque Templado,0.64069414
-96.95390364009036,18.881768822745585,Sureste,Selva Húmeda,0.0041588238
-114.56252313418366,29.79076417600619,Noroeste,Manglar,0.987829
-101.47476649513247,20.588313431785682,Centro,Matorral Seco,0.18230589
-87.68675913338821,20.836798484825554,Sureste,Pastizal,0.66825116
-92.39057425588844,16.677074514205447,Sureste,Manglar,0.30714118
-104.74993314739307,27.297748351628446,Noreste,Bosque Templado,0.43131176
-98.07402415154507,22.714346211489445,Noreste,Matorral Seco,0.37684706
-100.62099304039256,18.424865868627155,Sur,Selva Húmeda,0.19051765
-107.20416870805855,29.56864681752892,Noreste,Matorral Seco,0.9576877
-113.49290487735006,27.885221355380402,Noroeste,Selva Húmeda,0.94656235
-103.43876055989692,18.670205548357035,Occidente,Bosque Templado,0.6920253
-98.67674152717561,16.9553665090655,Sur,Bosque Templado,0.92821705
-99.02562596703098,22.956702390565255,Noreste,Manglar,0.17656471
-104.86823387604738,29.681816829524053,Noreste,Manglar,0.93023765
-105.72525997497792,28.67377964922483,Noreste,Matorral Seco,0.9949796
-100.72567575999126,25.884696182647914,Sur,Selva Húmeda,0.89508235
-105.60137627680453,21.97964855846334,Occidente,Pastizal,0.028882353
-99.12807098978574,19.407295218491953,Centro,Matorral Seco,0.0
-97.132217460868,20.201397435630597,Sureste,Selva Húmeda,0.2982
-114.99717630904233,29.719270682149077,Noroeste,Matorral Seco,0.9748351
-99.19641471947298,18.6422028766954,Sur,Manglar,0.1772294
-102.19443202730359,27.852891728025487,Noreste,Bosque Templado,0.87160295
-90.40647582197622,18.445428737464795,Sureste,Pastizal,0.8933553
-116.16061975396515,31.274166194297585,Noroeste,Selva Húmeda,0.1764706
-99.80371886025895,26.01534039370722,Sur,Matorral Seco,0.7669035
-97.60596546134401,25.899548274456308,Noreste,Matorral Seco,0.21401764
-109.7456622233544,30.49075797175609,Noroeste,Selva Húmeda,0.99505836
-106.05208575730205,27.91294214337077,Noreste,Bosque Templado,0.31624117
-100.04480756060039,19.656041034556395,Centro,Selva Húmeda,0.22766471
-107.03225053804128,24.441398526890957,Noroeste,Bosque Templado,0.7397
-98.26254466251957,20.46645823067845,Centro,Bosque Templado,0.91118586
-103.37698244808888,28.99810743814449,Noreste,Manglar,0.9813573
-104.88049589938909,27.578759659441804,Noreste,Manglar,0.8408912
-97.2197718967007,20.69123578836787,Sureste,Pastizal,0.33977646
-98.63264528562371,21.387170276545394,Centro,Manglar,0.28124705
-99.23716819378392,25.092082813787144,Sur,Pastizal,0.31277058
-91.54080869891538,16.40947129957529,Sureste,Manglar,0.90525174
-100.19168435359464,23.400038908899123,Sur,Selva Húmeda,0.89336294
-100.69136401503256,17.795151098521902,Sur,Manglar,0.93897355
-100.6488037627797,20.40750111031255,Centro,Manglar,0.30638823
-94.464377959274,17.474628999303775,Sureste,Bosque Templado,0.5692447
-107.55516596823037,25.723816687959516,Noroeste,Pastizal,0.9422988
-101.14903972255235,21.72053292595505,Centro,Manglar,0.73804766
-101.2181563408746,18.81841209166153,Occidente,Selva Húmeda,0.6788612
-109.93982692528189,23.590812402775473,Noroeste,Matorral Seco,0.9797973
-98.87418084035015,22.62780066026606,Noreste,Manglar,0.31492352
-114.88751512745775,27.74615126979273,Noroeste,Bosque Templado,0.970949
-101.37585555437062,27.23333111576938,Noreste,Selva Húmeda,0.8190371
-102.45438246762741,19.276844953948647,Occidente,Selva Húmeda,0.56299824
-97.70608733985635,21.28096465717461,Sureste,Bosque Templado,0.3261
-108.44289682347456,27.818611401120265,Noreste,Bosque Templado,0.5930818
-102.4560394217327,26.81495052239394,Noreste,Manglar,0.98911196
-89.74144668614616,17.96572374001271,Sureste,Matorral Seco,0.79294413
-102.3805477607692,25.89285288879247,Noreste,Selva Húmeda,0.13044117
-115.52222805035161,30.292070999067455,Noroeste,Manglar,0.6510677
-100.71598551782036,17.722936839450224,Sur,Bosque Templado,0.94572705
-113.55295248787067,28.613691479342254,Noroeste,Pastizal,1.0
-94.48269695827051,17.660328131627853,Sureste,Manglar,0.41005883
-91.07479042232494,18.20331051093206,Sureste,Selva Húmeda,0.25279412
-107.42179254267153,29.427735408959062,Noreste,Selva Húmeda,0.3528
-97.56793631050311,21.298289497089492,Sureste,Manglar,0.37452352
-91.79939591984662,17.281230643348287,Sureste,Pastizal,0.56755
-99.63700798775528,16.837271426016482,Sur,Selva Húmeda,0.34117648
-100.97389605705023,18.05444472378291,Sur,Matorral Seco,0.49834237
-101.45118767786927,22.038485168459378,Centro,Matorral Seco,0.8506082
-95.63211161750715,18.543396791222015,Sureste,Pastizal,0.39424118
-101.99444412920872,21.813914931325215,Occidente,Pastizal,0.30505884
-108.1828882957549,30.711291538968947,Noreste,Bosque Templado,0.7843671
-103.94824065371623,19.617996823348935,Occidente,Pastizal,0.35622942
-111.8532405125623,29.05444914585154,Noroeste,Bosque Templado,0.9281559
-108.23757164285969,26.10423538209536,Noroeste,Manglar,0.97505254
-101.35412498174131,22.596916069301333,Centro,Pastizal,0.8475141
-99.54454311590155,20.134895982378968,Centro,Manglar,0.28457057
-100.0003275734731,27.497802855285855,Sur,Manglar,0.82538
-103.45830903341366,28.49348098751051,Noreste,Bosque Templado,0.9452341
-98.68154557745737,22.86655139842223,Noreste,Matorral Seco,0.28542352
-110.09861956051628,30.104366923556363,Noroeste,Bosque Templado,0.9964652
-100.49350658022,24.8316084652473,Sur,Bosque Templado,0.8771953
-106.34109291449376,26.341210336351182,Noreste,Selva Húmeda,0.97813153
-102.40283813613357,25.891172866706892,Noreste,Bosque Templado,0.1649
-101.3132743225234,26.286243758164282,Noreste,Manglar,0.95947826
-105.7165035510467,29.688658933223287,Noreste,Manglar,0.8347924
-89.33255306125639,20.61589332190801,Sureste,Bosque Templado,0.6002106
-102.09925518196638,28.712241212555853,Noreste,Selva Húmeda,0.7609259
-92.36612972400204,15.002196560089034,Sureste,Bosque Templado,0.29241765
-102.28178302847061,20.760962145794686,Occidente,Matorral Seco,0.1610353
-109.6246992939357,29.80095232438849,Noroeste,Manglar,0.6147653
-102.81371079642832,27.010128912918685,Noreste,Manglar,0.9671853
-114.09842487414627,28.932271805655237,Noroeste,Selva Húmeda,0.98687077
-113.25935864205702,27.212120313933138,Noroeste,Manglar,0.4408588
-104.97943253430013,29.469776254366835,Noreste,Pastizal,0.82437176
-98.73628316326432,19.747191402927236,Centro,Selva Húmeda,0.32312942
-111.77877560606015,25.217474346658364,Noroeste,Pastizal,0.17647646
-106.57691477405034,27.80413105698437,Noreste,Matorral Seco,0.35474706
-100.17844937144977,23.487899480226083,Sur,Bosque Templado,0.70696175
-99.92576012143996,26.64400547905337,Sur,Selva Húmeda,0.23497647
-99.78187976111919,21.63655131565942,Centro,Selva Húmeda,0.24651176
-87.65813717492357,20.48720822888816,Sureste,Pastizal,0.8747059
-115.20172211650944,32.60680907033802,Noroeste,Pastizal,0.17645293
-94.47856615014886,17.52240629436017,Sureste,Selva Húmeda,0.44591
-98.37056211071362,17.41996103644661,Sur,Selva Húmeda,0.7917994
-105.26346885405894,21.73948221184256,Occidente,Bosque Templado,0.17533529
-92.25794310397453,16.10465675155027,Sureste,Pastizal,0.31025884
-105.92637712415815,30.227855237253184,Noreste,Matorral Seco,0.8664094
-104.38800652017188,20.29452155208856,Occidente,Pastizal,0.7505812
-108.71575317063063,29.510651021985343,Noroeste,Matorral Seco,0.50945824
-106.53114949525425,29.93472271203987,Noreste,Manglar,0.5647359
-99.54194051669703,26.360944624519338,Sur,Matorral Seco,0.75071293
-93.07878920115346,16.00564892779815,Sureste,Bosque Templado,0.43437058
-111.17016377139711,24.41226770522071,Noroeste,Selva Húmeda,0.9811739
-111.79289009953563,25.989871831320087,Noroeste,Pastizal,0.99419266
-96.93601345169944,19.65264105231658,Sureste,Pastizal,0.08221765
-97.14403076879641,20.129426694760845,Sureste,Selva Húmeda,0.32249412
-103.95319422719426,22.434781161088026,Occidente,Bosque Templado,0.88775766
-112.83561574689003,31.442299142581874,Noroeste,Manglar,0.95678824
-96.8307305940772,19.55029595757873,Sureste,Selva Húmeda,0.34123528
-105.1719656267705,27.820612745553458,Noreste,Bosque Templado,0.1764
-100.14319520898887,17.221035883738143,Sur,Matorral Seco,0.5355529
-99.2076847454839,25.837163139342557,Sur,Pastizal,0.3573353
-98.0834310577951,25.90767905944195,Noreste,Matorral Seco,0.21012352
-102.04242377528769,29.2250002088372,Noreste,Matorral Seco,0.8948818
-111.81838036043027,28.740450326322154,Noroeste,Bosque Templado,0.89508766
-102.97167503780021,25.182297040217964,Noreste,Manglar,0.9849168
-103.61433772043542,28.697421057259017,Noreste,Manglar,0.96451056
-99.73463130746836,19.810985479114855,Centro,Matorral Seco,0.29631764
-106.85384343978158,28.23340444466201,Noreste,Bosque Templado,0.9013712
-111.16367367023821,28.97397407551318,Noroeste,Matorral Seco,0.80383
-106.84370593682557,24.14636683808867,Noroeste,Manglar,0.9967764
-87.74843574648015,20.588836994013576,Sureste,Selva Húmeda,0.8539259
-99.75582197902847,19.24696305191716,Centro,Matorral Seco,0.0
-94.61661488454568,17.950574010440523,Sureste,Manglar,0.46560413
-96.29945781795234,16.780912677232685,Noreste,Manglar,0.2952
-101.76467278670123,22.998317563667257,Centro,Manglar,0.4007647
-102.44762944542533,27.37955966245569,Noreste,Pastizal,0.9951031
-102.27488423806393,27.611751911519143,Noreste,Manglar,0.9673088
-110.91849167959347,24.557558073938537,Noroeste,Selva Húmeda,0.9938801
-101.26261157405911,25.253168953832404,Noreste,Manglar,0.88453174
-111.4868306107221,25.12346460058836,Noroeste,Manglar,0.97391266
-106.99774026234508,28.196279682742443,Noreste,Selva Húmeda,0.28920588
-111.65366645083736,29.96389686888397,Noroeste,Matorral Seco,0.98754233
-94.9357441011866,17.47460213381059,Sureste,Pastizal,0.4094294
-97.99432332126742,24.126233928721597,Noreste,Pastizal,0.77815294
-107.86268524253532,27.873551692511562,Noreste,Pastizal,0.9879924
-98.68690658300818,20.428962610688302,Centro,Pastizal,0.8705394
-102.08103737134574,21.062152675428894,Occidente,Selva Húmeda,0.3215647
-99.97299377033,22.51411228333668,Centro,Manglar,0.9392059
-99.40506111647002,22.200509497470808,Centro,Pastizal,0.9952522
-108.41515309903585,25.897678069706473,Noroeste,Manglar,0.20121765
-106.7550201616885,24.16725780784002,Noroeste,Pastizal,0.9627894
-98.32167698573637,23.66127510828115,Noreste,Bosque Templado,0.40952942
-107.30175870885601,28.784460861729645,Noreste,Selva Húmeda,0.26655883
-98.08092326374809,24.250503067130712,Noreste,Selva Húmeda,0.28271765
-111.31395553612379,29.63816486929203,Noroeste,Manglar,0.68599707
-111.49413862142057,28.94690013988037,Noroeste,Matorral Seco,0.9060453
-92.69722573332966,15.459001474941285,Sureste,Bosque Templado,0.90516174
-89.60985584840577,19.315235354118677,Sureste,Pastizal,0.76973706
-102.50576046247836,21.32032499456243,Occidente,Manglar,0.37999412
-98.74503732759214,21.026242351489373,Centro,Pastizal,0.41791177
-101.9389770870797,19.78113417400543,Occidente,Bosque Templado,0.87760884
-105.8008320952114,30.15864851191023,Noreste,Bosque Templado,0.97555965
-100.32737010548442,19.21489132538472,Centro,Pastizal,0.48580176
-101.66470707526483,24.92052535052114,Noreste,Pastizal,0.96737355
-107.45810035617379,30.92022403826077,Noreste,Bosque Templado,0.19044118
-110.4807139207126,31.155819711723755,Noroeste,Selva Húmeda,0.8659959
-104.87336227417943,27.395380403524136,Noreste,Pastizal,0.28541178
-104.52785029655557,27.666868693514882,Noreste,Selva Húmeda,0.9696388
-100.72465405322909,19.929918582587778,Occidente,Selva Húmeda,0.7522041
-111.52805994901537,30.35443846846882,Noroeste,Matorral Seco,0.7217794
-108.17530509375719,27.641060122628538,Noreste,Pastizal,0.972273
-106.69852258461705,27.511141970595666,Noreste,Manglar,0.63883704
-100.41981293210809,17.271132960577184,Sur,Bosque Templado,0.6299647
-101.4822764557236,18.50460929404473,Sur,Matorral Seco,0.6712253
-102.64830399786594,19.693428700845246,Occidente,Pastizal,0.9092335
-105.07172696194546,20.7821387501256,Occidente,Pastizal,0.7655241
-104.9959485781989,21.049430121916547,Occidente,Matorral Seco,0.81348294
-96.48095105266839,16.9791515306879,Noreste,Manglar,0.31025293
-100.67185020733207,23.220965218565663,Centro,Pastizal,0.9557518
-105.0530927813188,29.967611723555454,Noreste,Matorral Seco,0.95371115
-103.36491326934899,27.941854814187092,Noreste,Selva Húmeda,0.9675959
-88.51710484884752,21.201778454465725,Sureste,Manglar,0.41058823
-101.46605418471535,20.37381898129041,Occidente,Matorral Seco,0.17832352
-109.55207358452763,28.124718523122098,Noroeste,Bosque Templado,0.9986859
-101.4188676849707,19.92902831048909,Occidente,Pastizal,0.9527341
-110.17997851493082,29.77225575920678,Noroeste,Pastizal,0.68461645
-101.06185385496408,21.204435720841417,Centro,Bosque Templado,0.33052352
-102.77902606787919,19.739630342488205,Occidente,Matorral Seco,0.75125
-95.91897514457845,17.83021164552083,Noreste,Matorral Seco,0.3234353
-100.8008774608632,18.199765932321714,Sur,Selva Húmeda,0.5794447
-99.89395013328505,19.616546764920656,Centro,Pastizal,0.18349412
-95.0829253164506,16.329723136124322,Noreste,Pastizal,0.32412353
-110.23708552461525,30.916754984712732,Noroeste,Matorral Seco,0.997362
-93.70147328993345,17.073522702547955,Sureste,Selva Húmeda,0.41034117
-102.59784992771222,18.377319496697268,Occidente,Manglar,0.9503635
-111.4290074833645,31.121688676555042,Noroeste,Selva Húmeda,0.9928506
-87.90101900981118,20.135572079642237,Sureste,Matorral Seco,0.8172388
-101.81139129465554,27.302625443028422,Noreste,Pastizal,0.9823152
-106.42215824346133,31.706684936089324,Noreste,Selva Húmeda,0.0019352941
-110.674267206288,29.514381354397884,Noroeste,Manglar,0.8021859
-101.25574061576872,20.367427836457964,Centro,Bosque Templado,0.30231178
-101.50342798956075,24.929042572093355,Noreste,Selva Húmeda,0.63444704
-97.74818392818375,24.564165388730306,Noreste,Matorral Seco,0.81569237
-113.40061181700722,27.899048481052297,Noroeste,Manglar,0.9891422
-92.61714870823276,15.566136405171429,Sureste,Pastizal,0.75428414
-101.46997250311986,22.354536436857188,Centro,Matorral Seco,0.6378665
-110.5976209444298,23.73936499105949,Noroeste,Selva Húmeda,0.99678576
-93.30218164396783,16.36545530840807,Sureste,Matorral Seco,0.20474707
-102.56779965998446,19.127146393621313,Occidente,Manglar,0.7041688
-110.80720346259709,28.120941166778696,Noroeste,Selva Húmeda,0.9985619
-98.86099922204049,26.286412940463773,Noreste,Selva Húmeda,0.47663707
-102.93690322260257,20.88252401121002,Occidente,Matorral Seco,0.93691707
-103.05358413699666,27.494503139734466,Noreste,Pastizal,0.76459473
-103.12961876964665,21.364317361717973,Centro,Selva Húmeda,0.28668237
-108.46060636247138,26.127254883667476,Noroeste,Bosque Templado,0.9941715
-109.76817208396793,30.951770361477614,Noroeste,Pastizal,0.28807646
-98.725465030719,17.147657108355105,Sur,Selva Húmeda,0.9627553
-100.74309406073878,24.157792145502416,Centro,Selva Húmeda,0.9995179
-103.19778824307355,21.82191271339273,Centro,Bosque Templado,0.8757394
-99.70369161088405,20.824011634333953,Centro,Matorral Seco,0.30992353
-101.3956352666509,28.52158977722527,Noreste,Matorral Seco,0.91865176
-109.99631100635962,28.184972386272992,Noroeste,Selva Húmeda,0.47036177
-90.1969861482106,19.4845634319431,Sureste,Selva Húmeda,0.40342352
-101.67686703181795,19.183245301641723,Occidente,Selva Húmeda,0.8000894
-102.30651059422962,23.760347008224123,Centro,Manglar,0.67194414
-107.06484577839053,28.531596408695766,Noreste,Manglar,0.98332906
-114.02083201439929,27.607642083644688,Noroeste,Bosque Templado,0.99238443
-94.4121659649307,18.078979516528765,Sureste,Selva Húmeda,0.0035588236
-101.81941444206541,26.879622260883085,Noreste,Pastizal,0.9712296
-102.03471028695817,22.373631386932495,Centro,Matorral Seco,0.18198824
-102.25449509053081,26.68309215882594,Noreste,Manglar,0.9892672
-94.76737703828115,16.878489453483287,Noreste,Manglar,0.99963415
-114.03355499338913,31.626510044956042,Noroeste,Bosque Templado,0.99149716
-92.19778725984645,16.318626489043147,Sureste,Bosque Templado,0.26845294
-113.68693651661907,26.80015957161437,Noroeste,Selva Húmeda,0.9192253
-99.26294862177434,18.265720664382854,Sur,Matorral Seco,0.5970065
-102.56377094708438,21.51451089821306,Occidente,Manglar,0.34593529
-96.94228690931669,16.063691127471234,Noreste,Pastizal,0.79194057
-101.27476271194205,18.442164058811382,Sur,Selva Húmeda,0.4632347
-115.68372577977942,32.64123059965129,Noroeste,Pastizal,0.98710895
-105.11000212043136,22.3600223640638,Occidente,Matorral Seco,0.77614117
-101.57880619814915,27.0653906667309,Noreste,Manglar,0.1764647
-105.2329377121475,27.654079200707912,Noreste,Bosque Templado,0.17635882
-99.86676253761397,19.519187984456366,Centro,Pastizal,0.29128236
-89.17482066598424,20.255346054726715,Sureste,Bosque Templado,0.7706706
-97.68571817940627,20.126842957811274,Centro,Bosque Templado,0.42847058
-107.4897079618342,25.49540521454921,Noroeste,Matorral Seco,0.94510823
-99.73431913308984,22.056395928312106,Centro,Matorral Seco,0.8566141
-101.37146914784881,19.269949987195524,Occidente,Selva Húmeda,0.86627644
-113.21685960431128,29.159023220643707,Noroeste,Matorral Seco,0.999153
-101.28807951605306,20.518291277183284,Centro,Manglar,0.18812941
-101.66458875551666,27.13857905122601,Noreste,Bosque Templado,0.28876472
-103.85026253367727,27.909923536218542,Noreste,Pastizal,0.68756527
-111.36164161462344,29.62651207543566,Noroeste,Selva Húmeda,0.48178235
-99.60777901780818,26.205741504431412,Sur,Matorral Seco,0.8662629
-91.99647519259261,16.25557275200927,Sureste,Manglar,0.49838588
-109.63545528047949,29.95318208980115,Noroeste,Manglar,0.68637174
-110.63689997459711,30.20414084308125,Noroeste,Manglar,0.93334293
-89.44242107519362,18.908381194569632,Sureste,Pastizal,0.77038354
-98.7044295321511,17.92242559222854,Sur,Manglar,0.18899412
-109.02449002207048,28.51751507421219,Noroeste,Matorral Seco,0.9062453
-103.54901929881844,20.90093588510585,Occidente,Matorral Seco,0.43000588
-100.68967869572823,26.707515997764514,Noreste,Matorral Seco,0.87093884
-109.33093729233778,31.12734163761641,Noroeste,Matorral Seco,0.90539587
-107.08173328973902,28.65118585211299,Noreste,Selva Húmeda,0.89687294
-104.30347469516057,19.461168943122573,Occidente,Manglar,0.90201235
-97.4317222710011,16.280112153689398,Noreste,Matorral Seco,0.73157704
-103.74183739088345,29.1750206522583,Noreste,Matorral Seco,0.9058047
-92.3642193361119,15.618154795232625,Sureste,Pastizal,0.9530441
-99.02867090741978,22.07150361383532,Centro,Bosque Templado,0.46497294
-105.54352484992674,22.44377618060722,Occidente,Manglar,0.2615706
-112.41459520748735,29.565013020842326,Noroeste,Manglar,0.94073826
-107.20688262417828,26.759754026577696,Noreste,Selva Húmeda,0.5975329
-107.86324212159965,24.9830765427949,Noroeste,Pastizal,0.32351765
-101.32613871554082,28.819672486859865,Noreste,Pastizal,0.7913
-93.58256363212385,18.024462443292776,Sureste,Matorral Seco,0.26364118
-103.02989486075045,18.261539146896805,Occidente,Manglar,0.7316541
-99.48923134996011,16.855986365456644,Sur,Manglar,0.28060588
-93.04433970628808,15.888972757010503,Sureste,Matorral Seco,0.9650953
-111.53743745302889,29.85413859310143,Noroeste,Pastizal,0.9782057
-103.64427858089547,27.08190399115699,Noreste,Manglar,0.9577359
-112.16076116171541,29.171612514208125,Noroeste,Pastizal,0.93932414
-112.8692976632266,26.6951562837832,Noroeste,Bosque Templado,0.96450233
-92.51619981847224,15.181282009809655,Sureste,Selva Húmeda,0.3976059
-104.86402775474953,29.43731808421731,Noreste,Matorral Seco,0.98007685
-93.98980648126462,16.131902424424197,Sureste,Pastizal,0.3556294
-89.79591635741791,18.414508221848372,Sureste,Matorral Seco,0.96631473
-103.52015587539039,24.190716896107293,Centro,Pastizal,0.2948294
-102.00008553192939,26.86401986309619,Noreste,Pastizal,0.8941823
-99.00297694710235,18.32268548914434,Centro,Bosque Templado,0.5965094
-97.22468729064876,20.35073134830886,Sureste,Selva Húmeda,0.4655941
-114.92395698249315,30.399444688993576,Noroeste,Pastizal,0.9986061
-97.81109633176129,17.50487998446716,Noreste,Matorral Seco,0.22718823
-89.72280143074714,20.702021361632834,Sureste,Matorral Seco,0.66566473
-108.43440415304491,26.774980691957865,Noroeste,Matorral Seco,0.6466547
-108.51584964618762,27.94897416655057,Noreste,Manglar,0.94257885
-101.44629601123512,28.85287404472161,Noreste,Manglar,0.7797159
-97.68837718879608,21.446686904340865,Sureste,Selva Húmeda,0.41147646
-101.90358544952909,27.4107699652908,Noreste,Pastizal,0.73466176
-111.28980136780552,28.6113259242223,Noroeste,Pastizal,0.9719491
-93.22579392873996,15.708656235554672,Sureste,Bosque Templado,0.39827648
-98.6274220092699,19.061169807875242,Centro,Manglar,0.8814841
-92.05028604401014,18.587591963235823,Sureste,Pastizal,0.99701196
-104.25285345516517,21.603505503894635,Occidente,Bosque Templado,0.41504118
-106.48782733031855,30.507656383070863,Noreste,Pastizal,0.86445767
-90.1175172170548,19.427156491744846,Sureste,Manglar,0.8557653
-90.0635532806827,20.559551771783838,Sureste,Selva Húmeda,0.5744382
-108.16820869424225,25.571987386994575,Noroeste,Selva Húmeda,0.25748235
-107.60414585171395,30.956074740455545,Noreste,Bosque Templado,0.49072
-114.91375121668551,29.726609704328805,Noroeste,Manglar,0.97168577
-99.38552138376886,21.225517901271342,Centro,Manglar,0.95779234
-107.0722711199654,29.326917394230815,Noreste,Selva Húmeda,0.33505884
-100.69338257354565,28.46876334863571,Noreste,Bosque Templado,0.08375294
-103.1993321335693,28.210156988406926,Noreste,Matorral Seco,0.99228394
-101.74118773099411,24.43551143357534,Centro,Bosque Templado,0.985728
-104.2616975828027,28.391418391805065,Noreste,Manglar,0.8997147
-107.17610113228484,25.48845613881222,Noroeste,Manglar,0.9082159
-111.66802576128003,25.594452857466216,Noroeste,Selva Húmeda,0.98964083
-101.74214311329499,26.734835250113456,Noreste,Pastizal,0.77179825
-88.74169446126173,19.77522268444056,Sureste,Matorral Seco,0.86544234
-114.23699067201053,28.766317879522255,Noroeste,Pastizal,0.9078241
-98.90929273629432,24.447182685333726,Noreste,Matorral Seco,0.7673718
-107.81354538752701,27.03332135774438,Noreste,Manglar,0.91868764
-94.81010793516856,16.586469305348928,Noreste,Matorral Seco,0.22171177
-107.93028413287782,29.792267445864073,Noreste,Selva Húmeda,0.5182853
-99.08740303983208,18.0763762284893,Sur,Manglar,0.7142394
-102.63696124504504,25.160187689158136,Noreste,Pastizal,0.9919876
-98.1713092607489,23.658973046671075,Noreste,Selva Húmeda,0.5518659
-115.96162655012613,31.565792353134395,Noroeste,Bosque Templado,0.3103941
-111.39856643618111,25.920329497373608,Noroeste,Bosque Templado,0.9922647
-107.13760077445605,25.26053696969499,Noroeste,Selva Húmeda,0.99700046
-90.69669088736835,18.519355303589812,Sureste,Matorral Seco,0.8095941
-101.25089370198273,27.270585170102613,Noreste,Selva Húmeda,0.9442553
-116.46660863939871,32.41316366198879,Noroeste,Bosque Templado,0.9978135
-99.78174326650974,17.05272145768797,Sur,Bosque Templado,0.6027347
-95.15805221995454,17.58537244677536,Sureste,Matorral Seco,0.32241765
-104.78844041803882,19.412157169511556,Occidente,Matorral Seco,0.7597147
-111.26737601361934,29.68442111217963,Noroeste,Matorral Seco,0.44640118
-107.38526162304348,29.837704824701436,Noreste,Pastizal,0.68329
-100.92716210601705,18.286807438231786,Sur,Matorral Seco,0.8957947
-95.99986233877118,17.640983540842786,Noreste,Matorral Seco,0.33754706
-109.06431892518523,28.90527947115562,Noroeste,Bosque Templado,0.77051944
-99.28653007333479,23.639853473143006,Noreste,Matorral Seco,0.96468
-113.2963459110735,28.56106515770272,Noroeste,Bosque Templado,0.9941074
-103.65634799858894,28.70118016788162,Noreste,Bosque Templado,0.6715218
-102.66004321790517,25.507440477782712,Noreste,Pastizal,0.99867445
-104.23767602810742,27.740383890594067,Noreste,Bosque Templado,0.9014671
-108.49295697529044,31.134615470931482,Noreste,Pastizal,0.94291353
-93.60372428533478,16.89916780973639,Sureste,Matorral Seco,0.9628406
-106.37969600509034,24.29275533377311,Noroeste,Selva Húmeda,0.9659
-99.67361919818097,22.089951083319225,Centro,Matorral Seco,0.9953666
-107.69053914384594,30.242912244898783,Noreste,Selva Húmeda,0.1761
-104.97917852103079,22.201138715233732,Occidente,Manglar,0.73790294
-112.58325474071819,30.88951543200757,Noroeste,Bosque Templado,0.96183825
-104.47777361690939,20.224049058363555,Occidente,Bosque Templado,0.4006294
-100.95535439684616,25.795117101725904,Noreste,Pastizal,0.9144147
-107.84070322836916,26.272250602394667,Noreste,Selva Húmeda,0.5363953
-98.60202925172285,20.211169003609537,Centro,Matorral Seco,0.31665882
-111.6715736458612,25.55594403193309,Noroeste,Bosque Templado,0.9968576
-107.26086487044158,29.557861583145275,Noreste,Manglar,0.9634318
-101.0770036965256,18.48870898825941,Sur,Matorral Seco,0.33381766
-96.77219104754349,17.80149690928855,Noreste,Pastizal,0.84145707
-95.3486872447412,18.2249446751789,Sureste,Selva Húmeda,0.32057646
-108.19632963900365,27.798826078969736,Noreste,Matorral Seco,0.87081707
-105.20297463699187,27.492235039264195,Noreste,Bosque Templado,0.7359247
-98.70557118359915,21.890847789922493,Centro,Bosque Templado,0.2907294
-101.36137497969888,28.406774179414143,Noreste,Pastizal,0.87725884
-107.50518972062942,31.047089380942584,Noreste,Bosque Templado,0.9586965
-92.1409977781098,17.02985833036664,Sureste,Matorral Seco,0.6847206
-110.95316850097662,28.404327469876886,Noroeste,Bosque Templado,0.9957638
-102.3618251752193,27.55459011600548,Noreste,Selva Húmeda,0.85123765
-112.94521361082816,27.041805789775342,Noroeste,Pastizal,0.9007624
-87.95761677568338,19.897287179654683,Sureste,Selva Húmeda,0.7620141
-99.97583109356154,26.617611440114366,Sur,Selva Húmeda,0.3196294
-115.14838813165584,31.289310291715303,Noroeste,Bosque Templado,0.99997425
-96.76272550592907,18.314496186444057,Noreste,Manglar,0.9776248
-112.02417521167834,26.175161122430655,Noroeste,Matorral Seco,0.988663
-111.5878959625791,25.69389999109273,Noroeste,Manglar,0.99919987
-105.63358562016823,30.40080909166427,Noreste,Manglar,0.9614676
-108.70894403684527,26.991693147202174,Noroeste,Pastizal,0.9347094
-106.2477328987462,31.126008372825034,Noreste,Matorral Seco,0.89938587
-100.40493273148181,17.92922742121762,Sur,Bosque Templado,0.58964944
-103.86433666198222,27.815342289236032,Noreste,Manglar,0.18608823
-93.62458166179741,17.0867270765516,Sureste,Selva Húmeda,0.8832441
-105.7590677291206,28.833091514419337,Noreste,Matorral Seco,0.8414712
-98.18999532782415,25.053540338493,Noreste,Matorral Seco,0.34148234
-110.63987275652154,30.11027930851176,Noroeste,Matorral Seco,0.8826059
-98.81118230245418,25.830537639871462,Sur,Bosque Templado,0.45869824
-98.60118673389924,24.26316055310488,Noreste,Manglar,0.8019741
-99.72753055448591,22.196424629424268,Centro,Bosque Templado,0.88459766
-87.50422660716129,19.53067506925614,Sureste,Bosque Templado,0.86693764
-89.29385602320941,21.098115134565813,Sureste,Matorral Seco,0.00021176471
-104.51634638890265,29.36187224510457,Noreste,Pastizal,0.9826513
-101.10017982501316,25.340863297521356,Noreste,Selva Húmeda,0.8599476
-109.86961082629814,23.061506092153397,Noroeste,Bosque Templado,0.995533
-101.17424503497399,25.09417513869351,Noreste,Bosque Templado,0.86137295
-103.30607034023232,20.134789714507257,Occidente,Selva Húmeda,0.42024705
-95.95474448144788,15.987232678677916,Noreste,Pastizal,0.94104177
-100.74821151235416,20.8394920017801,Centro,Pastizal,0.76815116
-101.00931719754871,23.33237984258233,Centro,Bosque Templado,0.9602735
-113.09156661759144,31.40181821234453,Noroeste,Manglar,0.9935243
-99.34157916023507,17.293718728427873,Sur,Pastizal,0.65891296
-111.1565983737656,30.846587466614082,Noroeste,Pastizal,0.47097763
-96.26766458019144,16.333564341557313,Noreste,Selva Húmeda,0.3207
-107.76587135083786,28.79761665959325,Noreste,Pastizal,0.9597947
-93.8172012213043,16.59595130904749,Sureste,Manglar,0.3148647
-102.70363878753797,21.955396314440556,Centro,Bosque Templado,0.5354712
-96.891487227121,19.101976333714642,Sureste,Matorral Seco,0.33122352
-104.60046842806585,27.080798586216652,Noreste,Pastizal,0.97457427
-105.02008601858238,28.83921756974491,Noreste,Matorral Seco,0.81892586
-115.24191627513164,28.071803959388223,Noroeste,Manglar,0.94744354
-107.96297405416031,30.563952056903112,Noreste,Manglar,0.49343354
-105.82312151095381,30.84509654613663,Noreste,Pastizal,0.70741
-101.68660255394714,23.676901942389346,Centro,Pastizal,0.96552765
-95.6967622574241,17.186001336222358,Noreste,Selva Húmeda,0.96373826
-89.69811113760001,20.445004070990482,Sureste,Bosque Templado,0.31651765
-100.9655526032044,25.53615397721179,Noreste,Selva Húmeda,0.00020588236
-108.89297085045567,29.59972331311535,Noroeste,Selva Húmeda,0.98420715
-102.33599728968906,24.75966867654169,Centro,Manglar,0.9063206
-88.44753744482725,19.85744950701836,Sureste,Bosque Templado,0.8388406
-100.71919006437503,28.32533064547945,Noreste,Matorral Seco,0.50282586
-105.83689548387719,22.853251471182205,Noroeste,Matorral Seco,0.5278312
-98.10629394913795,20.600612127584988,Centro,Bosque Templado,0.4130941
-103.01466393912784,21.32105710837816,Centro,Manglar,0.91597056
-113.33068919759287,29.22902919214563,Noroeste,Selva Húmeda,0.99118054
-109.91613870736637,28.472263607002233,Noroeste,Selva Húmeda,0.9427265
-112.27849512026467,26.142068877250242,Noroeste,Selva Húmeda,0.97472584
-106.59850875401521,27.25536292373078,Noreste,Manglar,0.93145174
-102.38630644157956,24.433261760071698,Centro,Selva Húmeda,0.8297435
-111.10153864817339,31.318401826110147,Noroeste,Pastizal,0.9330353
-97.57829265577843,18.254545801942534,Centro,Matorral Seco,0.42044705
-106.26719728143269,28.730667794171616,Noreste,Bosque Templado,0.49800295
-103.24429799801902,25.06641181431932,Noreste,Bosque Templado,0.99544275
-99.47771578456195,22.36159306577455,Centro,Bosque Templado,0.8904359
-114.95042899536257,27.754166713327557,Noroeste,Manglar,0.9999606
-105.15070872644567,30.13945164967678,Noreste,Manglar,0.9097124
-105.62301894174088,28.341769538692876,Noreste,Pastizal,0.7563
-101.18802632584094,24.841231015022814,Noreste,Selva Húmeda,0.99016345
-105.1671746331443,22.86492905512824,Occidente,Selva Húmeda,0.9299076
-92.74669494556505,16.40902624431405,Sureste,Matorral Seco,0.294
-98.45011911853837,17.869938193666332,Noreste,Pastizal,0.99742573
-114.82222231212566,31.795730399809322,Noroeste,Matorral Seco,0.9916609
-100.85003394982935,24.524430238096606,Centro,Selva Húmeda,0.9391723
-104.36274715105755,28.44963567147855,Noreste,Selva Húmeda,0.58524704
-103.54469653095694,19.908899687173324,Occidente,Bosque Templado,0.18445882
-99.15021711562767,21.133796535390353,Centro,Manglar,0.90209943
-99.09300789758134,21.586803240177325,Centro,Selva Húmeda,0.5138353
-102.82898822114251,19.29328047286254,Occidente,Selva Húmeda,0.2920941
-109.27046034454874,28.282928796723148,Noroeste,Pastizal,0.8955053
-107.00693719891042,26.418511735633768,Noreste,Bosque Templado,0.55228645
-88.24896857026411,19.549404670961575,Sureste,Pastizal,0.9181747
-91.83473422326914,17.960202179329645,Sureste,Bosque Templado,0.40561175
-99.6769154817968,18.12396859775475,Sur,Selva Húmeda,0.6243347
-103.43071236830372,22.0722531300899,Occidente,Pastizal,0.31735295
-97.90008749508924,18.982926198183662,Centro,Pastizal,0.0008529412
-104.52189113951053,27.235414851250255,Noreste,Selva Húmeda,0.80776703
-107.87085960466821,29.837285477932674,Noreste,Pastizal,0.9922019
-100.02423418505686,24.05560427235415,Sur,Selva Húmeda,0.95531297
-93.19717675092116,16.206437077717062,Sureste,Manglar,0.23932941
-108.61320802829918,29.242458804636552,Noreste,Selva Húmeda,0.99356246
-108.09562291207263,31.534297285442968,Noreste,Selva Húmeda,0.96325
-100.64215625422688,18.530227982265085,Sur,Manglar,0.2952294
-114.8523395567449,29.489984050614186,Noroeste,Bosque Templado,0.9906577
-110.05758939096918,28.771162070173297,Noroeste,Pastizal,0.43027648
-109.3344670839146,29.567862421739076,Noroeste,Pastizal,0.44652823
-113.60370046865351,32.08269403785994,Noroeste,Selva Húmeda,0.995018
-109.18650174282733,27.803958635428174,Noroeste,Matorral Seco,0.973597
-101.33020907387979,27.676564595900146,Noreste,Bosque Templado,0.96244705
-97.33941469852824,16.420769107733364,Noreste,Bosque Templado,0.4357647
-97.82351835859032,23.34666252793772,Noreste,Selva Húmeda,0.27037647
-103.02551732590251,26.306824026788224,Noreste,Bosque Templado,0.99769795
-98.26043619081322,20.410982798752187,Centro,Pastizal,0.62457883
-101.97420277189245,28.010140922903858,Noreste,Pastizal,0.7040435
-108.07750724703774,27.679185249545288,Noreste,Manglar,0.45341942
-107.06175536817231,26.661499600647463,Noreste,Bosque Templado,0.88755
-105.91410274148731,23.390453693519202,Noroeste,Bosque Templado,0.94007176
-89.64795446732833,20.753095115965333,Sureste,Selva Húmeda,0.63362765
-110.00019821890248,28.451095931919454,Noroeste,Selva Húmeda,0.92663234
-104.73052373029881,27.879256303290074,Noreste,Matorral Seco,0.8939912
-88.00055305209425,21.298257550189938,Sureste,Matorral Seco,0.4176647
-86.95247277390182,21.50272632501588,Sureste,Pastizal,0.8339253
-101.5729573950162,22.805741911666974,Centro,Matorral Seco,0.95054764
-103.08532195637677,28.121792360330723,Noreste,Selva Húmeda,0.98666847
-114.44941897446864,27.406543885267713,Noroeste,Selva Húmeda,0.9985798
-114.20292827289431,29.52125839971085,Noroeste,Selva Húmeda,0.9879379
-92.30858882800435,17.832587472125145,Sureste,Pastizal,0.45581764
-107.96915535062996,25.19665117406724,Noroeste,Pastizal,0.35505295
-89.22155954545774,18.846437097359434,Sureste,Matorral Seco,0.8419094
-106.53234344995012,26.078706294416904,Noreste,Matorral Seco,0.975725
-102.13446955822924,20.240448711539507,Occidente,Selva Húmeda,0.2099706
-101.03561436563608,19.527931066104944,Occidente,Pastizal,0.92274
-114.96202304395472,30.30411069918371,Noroeste,Bosque Templado,0.98284423
-101.78559641447421,27.511005588812942,Noreste,Bosque Templado,0.7808535
-100.10829499794212,25.40334666965892,Sur,Pastizal,0.8284847
-114.7334488586555,29.21249645961774,Noroeste,Pastizal,0.97508943
-113.13863749295555,31.694959008179474,Noroeste,Pastizal,0.9617677
-97.80024087816506,19.76664943744155,Centro,Pastizal,0.59627706
-104.42714510677813,28.09754167750475,Noreste,Pastizal,0.8199353
-98.14544370533169,23.234684339940998,Noreste,Matorral Seco,0.4043
-100.25917608890758,22.541737982729217,Centro,Bosque Templado,1.0
-107.50139110122878,29.974113157632257,Noreste,Matorral Seco,0.17085294
-103.1234311344112,21.144322655220694,Centro,Bosque Templado,0.78411645
-101.75868037099768,21.090766945589376,Centro,Pastizal,0.068735294
-101.45484335125568,18.38886207899015,Sur,Matorral Seco,0.72495353
-106.57493017552953,24.068494875644163,Noroeste,Selva Húmeda,0.9812407
-92.98114453229122,16.249128189335316,Sureste,Manglar,0.46677354
-113.24765598720953,26.988074369643346,Noroeste,Pastizal,0.9281559
-103.90830748767223,28.334584507756293,Noreste,Matorral Seco,0.97129273
-108.50228378718496,30.659773798916955,Noreste,Selva Húmeda,0.4879088
-89.21527126924451,18.992691679618364,Sureste,Matorral Seco,0.9715278
-89.52498904395064,18.27249589609406,Sureste,Selva Húmeda,0.9663494
-98.89521516952784,16.633932773762954,Sur,Pastizal,0.60430586
-106.56364604758039,23.528177472863963,Noroeste,Matorral Seco,0.71359056
-100.49036326023767,20.082872669396078,Centro,Selva Húmeda,0.30371177
-112.61368371091376,27.270472947762553,Noroeste,Bosque Templado,0.9941573
-98.20200868211901,20.23363506534469,Centro,Pastizal,0.9995489
-103.44076200875222,23.267892156608184,Centro,Bosque Templado,0.77882296
-101.58241922178459,25.36828932223725,Noreste,Pastizal,0.51011825
-112.43926753087875,30.285500585419662,Noroeste,Pastizal,0.9869624
-116.50623693739682,32.457673911663335,Noroeste,Selva Húmeda,0.9893927
-106.20103983386558,30.017498019163014,Noreste,Manglar,0.9489506
-90.1578909085635,18.827754036778366,Sureste,Matorral Seco,0.89617884
-99.6358842490311,21.014973107581753,Centro,Pastizal,0.4591853
-101.86959603692512,19.495963980435295,Occidente,Selva Húmeda,0.2694412
-101.83408329823365,22.70047374933258,Centro,Manglar,0.35019413
-98.57795430251876,25.637219156443088,Noreste,Manglar,0.6503606
-96.88273452544932,19.384084622230517,Sureste,Selva Húmeda,0.9727528
-98.9444180937875,23.7217435992926,Noreste,Matorral Seco,0.29355294
-100.10161949758687,20.057360511967566,Centro,Pastizal,0.1760353
-106.9160829270092,27.877300381565853,Noreste,Pastizal,0.94683707
-99.42672790212258,16.948150847550565,Sur,Pastizal,0.34342352
-98.0597084202818,16.865243604228777,Noreste,Manglar,0.4175059
-109.95805818891094,27.983188835191168,Noroeste,Selva Húmeda,0.94658
-98.25759947321951,18.427185391511863,Centro,Pastizal,0.36605296
-89.6032192680331,20.45993230503957,Sureste,Matorral Seco,0.40988237
-101.10010749113945,20.653896629853673,Centro,Matorral Seco,0.3232706
-104.19413807106392,20.52782061857809,Occidente,Selva Húmeda,0.39351764
-100.63236155059307,20.4768038644836,Centro,Selva Húmeda,0.17957647
-98.53888910364465,21.11055547594489,Centro,Bosque Templado,0.5716047
-95.06917952371705,18.224848447632635,Sureste,Selva Húmeda,0.35862353
-112.11783171396281,29.441202678046526,Noroeste,Manglar,0.86083
-111.26225745156627,30.034582893869267,Noroeste,Matorral Seco,0.4145294
-107.96732992631955,26.817962026451966,Noreste,Manglar,0.96556765
-97.53157984483018,19.205380113231346,Centro,Manglar,0.28728825
-96.16983253801314,16.50374868110373,Noreste,Bosque Templado,0.50046587
-101.87458095926661,22.3593736379726,Centro,Matorral Seco,0.41915882
-105.09286600813354,26.98872398588808,Noreste,Manglar,0.94661117
-107.09248256741445,24.254185037946986,Noroeste,Pastizal,0.28491175
-106.19008048284567,30.13264666026611,Noreste,Selva Húmeda,0.17551765
-106.41629503593413,28.509440202939125,Noreste,Matorral Seco,0.5940853
-99.84594403792448,18.745177074961937,Centro,Matorral Seco,0.34565294
-89.74831852152066,19.85663507067378,Sureste,Manglar,0.87168413
-106.98975654108685,27.438728861822003,Noreste,Bosque Templado,0.77156824
-114.77133724352036,31.727959647285257,Noroeste,Selva Húmeda,0.9888037
-104.94462602019739,21.723713176283486,Occidente,Selva Húmeda,0.9124459
-104.58336706381473,28.61052488839783,Noreste,Matorral Seco,0.99613726
-107.04073187462629,29.48647596754029,Noreste,Bosque Templado,0.66461825
-101.79503290543602,27.463829587942104,Noreste,Bosque Templado,0.97764087
-113.69332168636238,26.87640778730299,Noroeste,Bosque Templado,0.94015473
-98.82467630757372,20.91743719138691,Centro,Manglar,0.34811178
-97.0345012622619,20.0089871876327,Sureste,Matorral Seco,0.33451176
-111.16859791897268,29.065580510600512,Noroeste,Manglar,0.90419
-109.01086564768958,28.083260078489303,Noreste,Manglar,0.9688041
-87.16948214611324,20.997181557442055,Sureste,Manglar,0.68805
-108.15021406504809,27.09482533147869,Noreste,Manglar,0.87989056
-99.08601980256574,18.617187842813642,Sur,Selva Húmeda,0.43405294
-93.33196627333889,16.02328882076051,Sureste,Matorral Seco,0.5049524
-108.81032599471888,27.435061086712686,Noroeste,Matorral Seco,0.9882676
-87.68050382102592,19.919368664704816,Sureste,Manglar,0.9055841
-98.77121957963455,17.56472245684581,Sur,Matorral Seco,0.30874118
-108.77328091802906,27.290184309542056,Noroeste,Bosque Templado,0.9641818
-110.24168068266239,29.67398261499926,Noroeste,Bosque Templado,0.6475635
-89.36865409711233,20.0238284568649,Sureste,Bosque Templado,0.76543176
-107.2552518461956,24.851437398073905,Noroeste,Pastizal,0.6550559
-106.99065939912053,25.96941664421502,Noreste,Pastizal,0.9699771
-115.3683874671256,31.658808361756535,Noroeste,Bosque Templado,0.9999832
-94.93999113651178,17.04008020882601,Noreste,Bosque Templado,0.92400587
-99.00051547245316,25.503317828820734,Sur,Matorral Seco,0.47148412
-100.85998660665473,24.265928803652706,Centro,Pastizal,0.5994971
-104.85805297354396,27.05487539124834,Noreste,Bosque Templado,0.17665882
-103.03623291256537,22.685170404910796,Centro,Manglar,0.3286706
-89.51265564470049,18.666400652861558,Sureste,Manglar,0.6826312
-102.1128084969506,26.294842641826346,Noreste,Pastizal,0.98892176
-99.20356914776195,23.192598564765216,Noreste,Matorral Seco,0.98910505
-110.22390479613287,29.773133558668288,Noroeste,Matorral Seco,0.76894647
-98.49717517115204,24.21518359569798,Noreste,Matorral Seco,0.05462353
-104.47355728947315,28.31334119010772,Noreste,Manglar,0.80157
-99.32300637461971,22.48382367206795,Centro,Pastizal,0.20521176
-109.6129811678851,29.00366806249441,Noroeste,Matorral Seco,0.9804072
-106.42872895154692,31.27468598912223,Noreste,Selva Húmeda,0.40638822
-98.62439039064478,17.578369922608626,Sur,Bosque Templado,0.29629412
-105.499566569449,29.438649166767267,Noreste,Manglar,0.7965329
-101.46395487026096,19.77174550652728,Occidente,Matorral Seco,0.2640941
-103.6663288653819,19.112928406248223,Occidente,Pastizal,0.6620441
-109.98111471433869,23.838085253104058,Noroeste,Bosque Templado,0.43018237
-87.80067427646244,19.564126393253737,Sureste,Pastizal,0.92422056
-100.85748603205532,20.41408280513728,Centro,Bosque Templado,0.34601176
-99.65552151016622,17.015479229165038,Sur,Bosque Templado,0.56686765
-109.03508533968578,28.538382346845875,Noroeste,Matorral Seco,0.4786659
-97.11554089822123,19.912412484103076,Sureste,Bosque Templado,0.30119413
-99.64022034528593,17.199181215397132,Sur,Matorral Seco,0.6551406
-100.06716179925243,24.094367154088108,Sur,Bosque Templado,0.31089413
-105.16462049563069,27.916575405468063,Noreste,Manglar,0.5283047
-107.43443644201956,27.06073938255482,Noreste,Bosque Templado,0.93818057
-95.92761706404423,16.288141133040995,Noreste,Bosque Templado,0.9479965
-114.24795822361108,31.599766307611503,Noroeste,Manglar,0.9979963
-88.68926739459368,20.582464622130377,Sureste,Pastizal,0.62943
-100.51101405856718,21.032798010924388,Centro,Selva Húmeda,0.2717706
-89.13402800850336,20.648823211957016,Sureste,Bosque Templado,0.63607234
-95.22951880076981,16.98742475100239,Noreste,Pastizal,0.69836116
-103.12088798280544,25.550915734293106,Noreste,Bosque Templado,0.48768234
-91.95183014105494,17.59069971535213,Sureste,Manglar,0.54540706
-99.96410237903255,17.866111043094637,Sur,Manglar,0.5953382
-102.05858602700367,21.62690824290073,Occidente,Matorral Seco,0.52056825
-101.60254140057863,25.830842496986147,Noreste,Bosque Templado,0.9839557
-107.10068741543782,30.866148511222786,Noreste,Matorral Seco,0.84811413
-100.24583766643474,21.92571232951139,Centro,Manglar,0.9752324
-100.64174267878342,25.943329316418662,Sur,Pastizal,0.94612706
-104.92640544278913,29.379928882049228,Noreste,Selva Húmeda,0.9143841
-112.03428998217377,26.820702996874044,Noroeste,Selva Húmeda,0.9991619
-98.56940618901173,23.116522533251068,Noreste,Selva Húmeda,0.9900551
-102.31203032327572,23.45858887656122,Centro,Matorral Seco,0.6602347
-104.37008466553208,26.935533119209733,Noreste,Manglar,0.62374765
-99.11279301343676,20.11564415824643,Centro,Manglar,0.10390588
-108.5133849312774,28.459196124810788,Noroeste,Bosque Templado,0.97185576
-100.28160032199814,25.940230805754783,Sur,Matorral Seco,0.23835294
-107.25673707370518,30.430851757183003,Noreste,Manglar,0.89116824
-114.273353187565,28.99289507026463,Noroeste,Matorral Seco,0.997334
-102.20849116212797,26.756694545638947,Noreste,Matorral Seco,0.99908334
-109.33267356878011,26.8907296623023,Noroeste,Selva Húmeda,0.9968202
-101.06639984060273,25.694109876165143,Noreste,Matorral Seco,0.9854846
-107.32865136052455,29.245870993125283,Noreste,Matorral Seco,0.35574117
-112.87490441331454,27.9115208091258,Noroeste,Selva Húmeda,0.9821568
-98.68150061759623,21.83885311196059,Centro,Selva Húmeda,0.39820588
-99.70406586242656,21.033701481579456,Centro,Matorral Seco,0.92891765
-98.1279721652087,17.72082840617917,Noreste,Matorral Seco,0.86361116
-88.67881514651076,20.840511359551716,Sureste,Matorral Seco,0.9098047
-103.08359071656758,22.658798833031305,Centro,Selva Húmeda,0.5865518
-100.88615174941486,22.72035008050943,Centro,Selva Húmeda,0.37061766
-101.3386133314923,25.053524058857143,Noreste,Pastizal,0.5221353
-113.24792578259446,27.81177896693741,Noroeste,Selva Húmeda,0.9812951
-90.16810264648666,20.64799074819332,Sureste,Matorral Seco,0.5828729
-100.5333018731824,26.00186664752364,Sur,Matorral Seco,0.16499412
-90.56663516440345,18.776673148182557,Sureste,Manglar,0.8595512
-101.98111747280787,25.968388120455955,Noreste,Bosque Templado,0.83767587
-108.6030950080835,26.462066718039907,Noroeste,Bosque Templado,0.60098296
-104.74499481647511,19.487866623934302,Occidente,Pastizal,0.42322353
-97.50752309950165,19.620041991219637,Centro,Pastizal,0.44262707
-92.98042401624042,16.784052020242715,Sureste,Selva Húmeda,0.33161765
-108.09063953340019,30.517024206182196,Noreste,Pastizal,0.55623
-105.17561624040506,20.602271650181486,Occidente,Bosque Templado,0.80707294
-109.55911513907922,27.33084863375699,Noroeste,Bosque Templado,0.69953763
-101.49695937389359,26.691920238586658,Noreste,Manglar,0.97610265
-99.75945477634956,19.031879744963586,Centro,Bosque Templado,0.90928763
-100.25879931573644,23.264474759765005,Centro,Selva Húmeda,0.29324117
-100.52480554400195,22.850097536712255,Centro,Manglar,0.3006294
-101.73914574720419,19.509872570542576,Occidente,Manglar,0.3106294
-99.2057272158336,17.49187499541587,Sur,Selva Húmeda,0.3323
-99.1076477762642,24.04263914049399,Noreste,Pastizal,0.24262352
-103.94718222725291,19.097066395015403,Occidente,Pastizal,0.61355233
-107.08538170267397,28.78780521245136,Noreste,Matorral Seco,0.17645293
-102.06439146853417,24.780579573708113,Centro,Matorral Seco,0.9764311
-96.23110265485808,16.011911451579348,Noreste,Manglar,0.92272943
-111.04491946653559,28.894796686174494,Noroeste,Selva Húmeda,0.91692764
-105.40720001659055,27.405139785749608,Noreste,Pastizal,0.38267648
-105.40049878164912,30.249096873098164,Noreste,Pastizal,0.77863884
-100.58887155588707,23.23485474562926,Centro,Matorral Seco,0.59020233
-105.07564458112348,19.927967242279024,Occidente,Manglar,0.7787953
-91.29032991880588,17.68620342908262,Sureste,Selva Húmeda,0.5078047
-99.45742923297729,17.852839273853032,Sur,Pastizal,0.6195653
-104.54336348521448,27.41035012991406,Noreste,Pastizal,0.80378
-104.6881787926351,21.931130767151405,Occidente,Matorral Seco,0.57108355
-106.28152975329388,26.728749994841152,Noreste,Manglar,0.6497047
-99.70572008387211,19.071190056447374,Centro,Selva Húmeda,0.71942705
-101.26332012733535,21.00289766662829,Centro,Selva Húmeda,0.41511175
-101.97838634201707,27.7667522559236,Noreste,Bosque Templado,0.9437818
-104.50498852016914,27.9363954739506,Noreste,Bosque Templado,0.8614735
-108.27303839124843,30.397843897666586,Noreste,Selva Húmeda,0.97743
-104.93358829043497,26.53040708816398,Noreste,Pastizal,0.6875882
-106.40731656877233,31.650190325928477,Noreste,Selva Húmeda,5.882353e-06
-101.96793075565762,22.03269209103521,Centro,Manglar,0.3501647
-101.5721817396186,20.726525717598214,Centro,Pastizal,0.6899623
-106.6099727370938,29.643380526574543,Noreste,Matorral Seco,0.7257735
-99.4684869487589,24.629268827045294,Noreste,Bosque Templado,0.96127355
-98.65698571163699,20.96735134611085,Centro,Bosque Templado,0.56450707
-99.37730754673075,23.72615346860361,Noreste,Selva Húmeda,0.50169
-101.72368039792298,26.67751350565946,Noreste,Pastizal,0.7647082
-100.20814129185139,21.28268112217532,Centro,Pastizal,0.52499175
-92.51780413006213,15.304984254623264,Sureste,Bosque Templado,0.97943527
-100.08093487934623,22.51060769178864,Centro,Matorral Seco,0.80604
-103.69099529246887,28.873544702650275,Noreste,Bosque Templado,0.88377
-93.95350204588561,17.709901875755342,Sureste,Matorral Seco,0.45951352
-97.06338450299144,18.345178356907645,Centro,Bosque Templado,0.3274412
-102.31425584704705,18.332681682374346,Occidente,Manglar,0.4113
-97.89020070077183,20.71516102706308,Centro,Matorral Seco,0.34435293
-111.72411791225359,25.18001509805874,Noroeste,Selva Húmeda,0.17650588
-105.25415066494548,20.545820427352794,Occidente,Bosque Templado,0.7216353
-92.46729767537973,17.704042701648206,Sureste,Pastizal,0.39897648
-105.47827019049667,30.655493489605355,Noreste,Manglar,0.9420171
-102.33963983889574,25.62511756464983,Noreste,Selva Húmeda,0.9971713
-102.36992858707748,19.880042827125216,Occidente,Manglar,0.4162353
-95.81952306409693,18.251764236882973,Sureste,Manglar,0.3182
-113.01069519145167,26.929166538256858,Noroeste,Pastizal,0.7883694
-90.71314130925559,18.709557968472375,Sureste,Matorral Seco,0.92983
-105.92207538913719,30.856882020883734,Noreste,Bosque Templado,0.9768648
-100.94066530863464,26.50172997174315,Sur,Selva Húmeda,0.91245174
-99.61459738797215,18.97429974028915,Centro,Bosque Templado,0.32631764
-100.6441743878282,24.398375557753614,Centro,Bosque Templado,0.76217586
-104.82690910566738,28.543070074894146,Noreste,Pastizal,0.79715174
-108.31480973709428,30.415107238066362,Noreste,Pastizal,0.9525153
-101.85485693555447,20.424597689443175,Centro,Manglar,0.4810612
-112.16350790786251,26.797787881144306,Noroeste,Selva Húmeda,0.9950068
-105.203869225106,20.890826629876077,Occidente,Bosque Templado,0.68377703
-101.60877872623078,24.04027030270495,Centro,Manglar,0.9576559
-102.22332289750187,23.819668041030628,Centro,Matorral Seco,0.93283767
-98.04288180824032,18.36434073466588,Centro,Matorral Seco,0.4576941
-92.08778074678207,17.474450043529345,Sureste,Pastizal,0.3752353
-111.72051320101306,26.708191553679907,Noroeste,Bosque Templado,0.99187946
-109.32805122953982,27.326141631435164,Noroeste,Pastizal,0.9999364
-102.78610286814907,20.568214937045443,Occidente,Pastizal,0.17764118
-93.20291882446239,18.313750674247785,Sureste,Pastizal,0.15952942
-100.20195607897803,22.047168580851768,Centro,Selva Húmeda,0.77702355
-100.77324288859315,28.853341853270443,Noreste,Manglar,0.82125235
-88.60299847249382,21.221448583249508,Sureste,Pastizal,0.40380588
-95.52497705033528,17.52016092594263,Noreste,Pastizal,0.5233494
-88.65225040169747,18.938479218912434,Sureste,Bosque Templado,0.31581175
-103.43092534508034,27.634861071493706,Noreste,Pastizal,0.9325018
-94.47414929345449,17.613571372140704,Sureste,Matorral Seco,0.41905883
-114.26131343968038,29.30289065369942,Noroeste,Pastizal,0.9655441
-93.12767401079043,16.83768856128104,Sureste,Pastizal,0.34984705
-103.77979877263961,21.822193048801488,Occidente,Manglar,0.99392855
-92.71564138016942,15.298227227890273,Sureste,Matorral Seco,0.18129411
-102.94073774219869,22.71842023627746,Centro,Manglar,0.29653528
-107.09669504686285,24.431484087896127,Noroeste,Bosque Templado,0.5915588
-96.98253959614158,17.43159511295229,Noreste,Manglar,0.60210943
-98.29684329540531,21.924029035888964,Sureste,Bosque Templado,0.41022354
-99.09745546955781,23.099988474962117,Noreste,Pastizal,0.26007646
-89.81727432507857,20.45353093505848,Sureste,Bosque Templado,0.48985648
-98.8015270034156,25.458574615792653,Sur,Bosque Templado,0.47284177
-108.77830182429183,27.928424720342118,Noreste,Selva Húmeda,0.88775706
-92.3855218502873,14.918705734941101,Sureste,Selva Húmeda,0.28241765
-109.9130443911884,27.515386107330162,Noroeste,Bosque Templado,0.04227059
-98.78359413863325,26.237298985396208,Noreste,Selva Húmeda,0.98811394
-101.92510800871626,20.23612233561755,Occidente,Selva Húmeda,0.17710589
-91.77593579846682,17.369776909936874,Sureste,Bosque Templado,0.38814706
-89.56276106480661,19.00762854124288,Sureste,Manglar,0.82226586
-101.91851471957158,18.09307633535906,Sur,Matorral Seco,0.44085294
-103.19586610393982,19.045412417993255,Occidente,Manglar,0.61114645
-103.3871004891991,20.770441085368663,Occidente,Manglar,0.41232353
-111.82887777993041,29.941048255776483,Noroeste,Matorral Seco,0.4586394
-108.3335529991334,26.137456923625084,Noroeste,Bosque Templado,0.32795295
-94.54275356535575,16.511773316114095,Noreste,Selva Húmeda,0.57844824
-88.49509343836145,18.7328447572988,Sureste,Bosque Templado,0.92661
-107.44147677293437,26.770969400465482,Noreste,Manglar,0.88037586
-101.46407109545731,29.457139794631033,Noreste,Bosque Templado,0.7437247
-107.9534361474666,29.068464741587945,Noreste,Pastizal,0.9549782
-104.68978381436999,19.428283293786176,Occidente,Selva Húmeda,0.52128
-112.42323407487594,28.93389532025175,Noroeste,Selva Húmeda,0.98658955
-109.81910627898554,29.719528757543706,Noroeste,Bosque Templado,0.8743371
-111.9513865650966,26.513772092291894,Noroeste,Matorral Seco,0.99255294
-88.34121763844196,21.1295989780502,Sureste,Selva Húmeda,0.65332764
-101.0360230794034,25.052485661883345,Noreste,Manglar,0.9865529
-91.51520232870955,16.815662000813205,Sureste,Bosque Templado,0.38174117
-104.92696311241188,28.891593672409606,Noreste,Bosque Templado,0.92318296
-95.94553860737399,16.130678861355932,Noreste,Matorral Seco,0.46923
-96.13746885140736,17.483126553036605,Noreste,Selva Húmeda,0.96583056
-110.0988992533334,23.686845266014178,Noroeste,Bosque Templado,0.9769405
-105.35066476148164,20.83300612680144,Occidente,Selva Húmeda,0.73465884
-107.03197942546926,31.52043707693801,Noreste,Bosque Templado,0.9671677
-104.68711052802307,21.7608388556136,Occidente,Matorral Seco,0.97297597
-98.84655183684625,22.84591582181956,Noreste,Bosque Templado,0.26448825
-102.75144361790379,18.773978309179864,Occidente,Bosque Templado,0.5792312
-107.31350817752849,28.898871813537593,Noreste,Manglar,0.08127647
-100.68746137214933,22.16418733084527,Centro,Manglar,0.63732237
-114.2836518368361,31.5800540404719,Noroeste,Selva Húmeda,0.9988584
-98.50982638522892,17.60985714657797,Sur,Bosque Templado,0.7535541
-88.4869396293903,20.47728184729669,Sureste,Pastizal,0.64964175
-116.31134461693127,31.626045471932333,Noroeste,Selva Húmeda,0.99014175
-106.75506310975702,27.72026937981598,Noreste,Matorral Seco,0.9154618
-100.82477077531806,27.365457808563644,Noreste,Bosque Templado,0.92075473
-104.75460544600163,22.03312809674501,Occidente,Matorral Seco,0.89919233
-111.57843553095422,25.592560732514276,Noroeste,Matorral Seco,0.9155112
-107.20594915048716,30.761249940843566,Noreste,Selva Húmeda,0.63371587
-92.78754958399593,15.42723298489264,Sureste,Pastizal,0.8175082
-96.38159008762041,17.1159658537267,Noreste,Matorral Seco,0.74549294
-103.92190355744624,20.74984426614251,Occidente,Selva Húmeda,0.31799412
-106.69411290954874,28.123202117004112,Noreste,Pastizal,0.87537235
-113.65554384858589,29.05390205569868,Noroeste,Bosque Templado,0.99678266
-88.53309143143308,21.38974922642805,Sureste,Bosque Templado,0.4141647
-100.91064479982036,22.8453864909803,Centro,Pastizal,0.7087865
-110.2503491366898,24.241099279579373,Noroeste,Selva Húmeda,0.9951663
-104.25064042101639,21.712941988618944,Occidente,Selva Húmeda,0.9058253
-100.01762037884352,21.30309087390829,Centro,Selva Húmeda,0.6903
-101.58769810141898,27.690469627316222,Noreste,Selva Húmeda,0.87395644
-109.78148697557322,28.50480308159985,Noroeste,Matorral Seco,0.6868912
-101.04686002807637,19.893142075728218,Occidente,Matorral Seco,0.34879413
-102.02170732234501,25.592901221685498,Noreste,Selva Húmeda,0.9218776
-95.79659850016854,18.577146462299453,Sureste,Pastizal,0.84017116
-102.31413054720528,27.738024824581125,Noreste,Pastizal,0.9561935
-96.13997747475203,15.930873590210382,Noreste,Bosque Templado,0.8556753
-100.21247219228175,22.70350849895036,Centro,Bosque Templado,0.26517648
-97.2082631591547,17.297042065721666,Noreste,Bosque Templado,0.24324706
-99.4528904958083,20.804262645753834,Centro,Matorral Seco,0.8173294
-105.32142482201698,20.452199727527553,Occidente,Manglar,0.86776704
-98.97534037519492,21.847665572422308,Centro,Manglar,0.25172353
-100.78556069860717,23.2903248102659,Centro,Bosque Templado,0.86751527
-101.41150740506446,25.08510937974644,Noreste,Pastizal,0.6622582
-112.91369144667914,26.88010719190567,Noroeste,Pastizal,0.98247707
-101.59440242382006,27.68839460281379,Noreste,Selva Húmeda,0.97279435
-101.64756533015934,21.647833740623604,Occidente,Matorral Seco,0.40008822
-107.07406716432814,24.839169712724864,Noroeste,Matorral Seco,0.3518294
-114.93042551675885,30.263862709673162,Noroeste,Bosque Templado,0.99546164
-107.62748161513028,27.436785744068576,Noreste,Selva Húmeda,0.9254812
-103.46225927479978,22.832072390451454,Centro,Bosque Templado,0.43461764
-92.86717507096812,17.422725783340848,Sureste,Selva Húmeda,0.3893706
-99.85480098965303,19.26359428802388,Centro,Matorral Seco,0.9181135
-103.18244367585895,22.384247035424753,Occidente,Selva Húmeda,0.51898766
-109.68630357896484,23.506532627800667,Noroeste,Matorral Seco,0.97969204
-102.25609169178354,25.034317161792867,Centro,Selva Húmeda,0.96741
-109.29922637361229,28.970553258966483,Noroeste,Bosque Templado,0.7802959
-107.22255824257282,24.495547304374888,Noroeste,Matorral Seco,0.17594706
-101.94979057731432,20.254575870834977,Occidente,Manglar,0.0015941176
-100.65704555460869,20.019369877913164,Occidente,Manglar,0.63327706
-89.81055118198555,20.283163267054274,Sureste,Manglar,0.63128
-111.85952677832056,25.13603295091332,Noroeste,Bosque Templado,0.48504588
-114.09735402209999,27.238417532099163,Noroeste,Selva Húmeda,0.9705943
-115.03875019176884,32.41987834759512,Noroeste,Matorral Seco,0.17629412
-106.91295953617508,27.7047913010885,Noreste,Manglar,0.9692435
-104.7051200800428,28.635457537281862,Noreste,Bosque Templado,0.86473
-93.08158618739662,17.516108529883375,Sureste,Bosque Templado,0.4117
-115.52737365981068,31.83668267188593,Noroeste,Manglar,0.9999575
-97.8781786413884,17.450318656195165,Noreste,Matorral Seco,0.62466943
-110.06045204469932,27.36144945786647,Noroeste,Manglar,0.08114706
-89.76732089454025,18.98508247729382,Sureste,Matorral Seco,0.8058665
-105.56971935215068,27.569984909341844,Noreste,Manglar,0.20802942
-88.26676756010835,20.113853209955025,Sureste,Bosque Templado,0.89339
-110.2280895050258,27.15371976142432,Noroeste,Matorral Seco,0.9999992
-101.18109520696039,18.485545001302125,Sur,Manglar,0.67956704
-110.12269627780114,31.319689485231716,Noroeste,Bosque Templado,0.55168116
-109.30479453037829,29.443803492783903,Noroeste,Selva Húmeda,0.96614295
-111.51412994146374,26.203977223182473,Noroeste,Selva Húmeda,0.84408826
-102.1783994188364,19.476752597334855,Occidente,Matorral Seco,0.9371418
-93.88181869072689,16.2558000919437,Sureste,Manglar,0.41028234
-103.73713524299528,23.216297832166074,Centro,Manglar,0.5261524
-105.03946455897226,30.419311118988272,Noreste,Pastizal,0.9164153
-98.84973676484869,24.449859012750878,Noreste,Bosque Templado,0.6966194
-98.20021331034263,16.444232381263255,Noreste,Manglar,0.58683586
-105.03335476701207,29.466400976799683,Noreste,Selva Húmeda,0.85070294
-101.80153035997593,18.091279455214785,Sur,Pastizal,0.6282994
-96.66334277037336,19.78940041130925,Sureste,Manglar,0.31304118
-112.09811538568741,31.134665586796398,Noroeste,Bosque Templado,0.9909413
-100.48877422978089,20.783269836696217,Centro,Selva Húmeda,0.019094117
-102.85017170377164,27.410062795333655,Noreste,Bosque Templado,0.90636355
-111.64283858020153,29.767222378828464,Noroeste,Selva Húmeda,0.47114587
-107.81198501498349,29.45317001808755,Noreste,Bosque Templado,0.29537648
-98.27246036984765,19.29803232095076,Centro,Bosque Templado,0.036988236
-100.94560781125482,27.07599591292415,Noreste,Bosque Templado,0.96777296
-115.42992925460752,31.36196003502703,Noroeste,Selva Húmeda,0.9989077
-96.4058651669863,17.768640708379408,Noreste,Pastizal,0.63203645
-99.82921762458234,25.41168048099287,Sur,Matorral Seco,0.25629413
-115.45743138309146,30.838573930917537,Noroeste,Pastizal,0.98598
-105.8927939236408,30.450294953377647,Noreste,Manglar,0.85664296
-107.35219620844676,31.220340372448977,Noreste,Matorral Seco,0.73638356
-107.62477306855051,31.394899201694653,Noreste,Manglar,0.97058
-112.04456160328499,26.99333158348977,Noroeste,Matorral Seco,0.83322823
-103.80470792984829,22.05297987717166,Occidente,Manglar,0.63244116
-93.78803995469242,17.631339338551857,Sureste,Bosque Templado,0.322
-96.1457467062404,16.072203695785944,Noreste,Bosque Templado,0.8885653
-102.45380038035822,25.95875975231376,Noreste,Matorral Seco,0.98579085
-99.11122252074671,20.806581693710715,Centro,Manglar,0.87848586
-116.49517865059624,31.449400260607426,Noroeste,Selva Húmeda,0.47379
-107.24389754195434,31.223234080841074,Noreste,Matorral Seco,0.67895
-88.53494573059382,20.926626871055873,Sureste,Selva Húmeda,0.6649706
-96.13888088362462,16.63813752313286,Noreste,Manglar,0.72268236
-103.25636118426964,23.207177594544447,Centro,Matorral Seco,0.31188825
-99.61626356998939,21.862373578067604,Centro,Bosque Templado,0.29414117
-99.52693046412436,19.75432569566137,Centro,Selva Húmeda,0.81028587
-103.50992958878871,21.147179456271864,Occidente,Bosque Templado,0.72615826
-113.24007434347644,28.23915618336902,Noroeste,Selva Húmeda,0.97802186
-95.04149383936817,16.985777434551313,Noreste,Bosque Templado,0.35852942
-106.11137171647651,23.272435410366246,Noroeste,Matorral Seco,0.9350818
-115.40386068580094,29.888710772665156,Noroeste,Matorral Seco,0.9601747
-92.40096329091745,17.535979767607003,Sureste,Bosque Templado,0.37451178
-95.331314476666,17.33380657692294,Noreste,Selva Húmeda,0.40054706
-102.55044206161807,25.57280948205226,Noreste,Pastizal,0.9252147
-102.75154708362645,27.414686039865465,Noreste,Selva Húmeda,0.7298559
-100.92557416849075,19.66287006078488,Occidente,Pastizal,0.7692312
-98.99578794889352,21.645878833133636,Centro,Pastizal,0.29580587
-111.05947054555797,25.194144636194117,Noroeste,Bosque Templado,0.996223
-102.44473526611456,18.27317739738764,Occidente,Pastizal,0.74866414
-102.55093412627612,23.325457911680402,Centro,Manglar,0.60097
-97.67685311341684,19.072383667053206,Centro,Bosque Templado,0.89219236
-95.91674456656243,16.875710161012485,Noreste,Matorral Seco,0.58049
-90.12459543144769,20.579834832096125,Sureste,Selva Húmeda,0.5752759
-103.6112495029495,27.68614657203228,Noreste,Manglar,0.9095747
-99.74205395651603,19.329610730123147,Centro,Pastizal,0.25955296
-100.76902101445343,24.31051258076375,Centro,Matorral Seco,0.3753647
-98.28650602459697,25.95708557282378,Noreste,Manglar,0.41094705
-115.12833320692468,32.136012204180055,Noroeste,Selva Húmeda,0.59235704
-95.68989602346187,16.916847865199543,Noreste,Selva Húmeda,0.9595353
-98.24016789899015,17.828272688622945,Noreste,Pastizal,0.89480823
-105.34192587442263,29.533486382871992,Noreste,Pastizal,0.97899026
-96.80140331799913,17.756089188266714,Noreste,Bosque Templado,0.29177058
-98.39259540231005,17.551189233108467,Sur,Matorral Seco,0.59303296
-99.8357517168607,24.526617413659586,Sur,Pastizal,0.95148176
-113.02328313372368,28.203863572308265,Noroeste,Manglar,0.98565936
-103.82038611096351,28.725632553555958,Noreste,Bosque Templado,0.89592
-99.85804205711636,19.099477219779963,Centro,Pastizal,0.78539175
-90.84184261761199,16.42488545097682,Sureste,Selva Húmeda,0.99858063
-101.81706425668844,18.668929243326957,Occidente,Pastizal,0.60232586
-109.18086269442703,28.244448081070153,Noroeste,Bosque Templado,0.9978173
-99.06872714107094,21.066444773465104,Centro,Selva Húmeda,0.89429766
-98.15549964229005,24.616632068703264,Noreste,Selva Húmeda,0.64556056
-110.8363254823089,29.626269621503216,Noroeste,Selva Húmeda,0.9312265
-113.66091283975138,26.989944275726025,Noroeste,Matorral Seco,0.9978209
-114.78465026916217,32.26882565720826,Noroeste,Bosque Templado,0.99549866
-107.31765064221219,28.35020250536063,Noreste,Matorral Seco,0.92829823
-103.0180589827528,27.50520220789145,Noreste,Bosque Templado,0.8296182
-104.89267090218317,21.711923917665,Occidente,Manglar,0.8650482
-106.35957185878068,27.595879918604236,Noreste,Bosque Templado,0.3494
-114.20912843733969,28.999664405416162,Noroeste,Bosque Templado,0.9953422
-109.32099780855707,30.093565448361424,Noroeste,Manglar,0.8813959
-102.13283668340684,18.349847774287074,Occidente,Bosque Templado,0.63262236
-111.68687006688573,30.845729497800296,Noroeste,Matorral Seco,0.9755781
-103.53387989285837,28.708993991605148,Noreste,Bosque Templado,0.5003812
-98.62288652613525,17.822083192988185,Sur,Pastizal,0.6184223
-102.20368770291665,25.871683482904665,Noreste,Bosque Templado,0.8334506
-97.5213099494588,17.307403399804972,Noreste,Matorral Seco,0.6150318
-105.12181230192546,26.99802159451951,Noreste,Selva Húmeda,0.71707
-104.45990952521277,20.15865879621733,Occidente,Matorral Seco,0.43724117
-113.41435451153903,28.171609490039025,Noroeste,Pastizal,0.9847298
-106.44941984926751,31.748435816074792,Noreste,Manglar,1.1764706e-05
-104.32112303180617,21.09959974021558,Occidente,Matorral Seco,0.40090588
-102.4963473769272,28.567423714115616,Noreste,Pastizal,0.6492677
-101.59104806496046,28.506162172294463,Noreste,Matorral Seco,0.82723707
-102.66809958712452,21.23612874710757,Occidente,Manglar,0.44178706
-108.16370467346086,30.31607382844588,Noreste,Matorral Seco,0.5886459
-99.3461255572383,26.393640383610727,Noreste,Matorral Seco,0.3386588
-99.73626843901211,26.40192005087984,Sur,Selva Húmeda,0.4819141
-98.55804275683924,16.42679128700399,Sur,Pastizal,0.3551
-99.24101616827733,19.767407778583305,Centro,Matorral Seco,0.38141766
-91.76897463446883,16.19250605354104,Sureste,Pastizal,0.5312582
-105.47687049363005,22.530816329727408,Occidente,Bosque Templado,0.18275294
-101.36604867643197,19.17853440288141,Occidente,Selva Húmeda,0.5190194
-89.2825292186056,19.222340576215675,Sureste,Matorral Seco,0.44561353
-101.1758646384577,18.92360867084668,Occidente,Manglar,0.6936041
-99.5457576988388,22.639705517865412,Centro,Bosque Templado,0.86277825
-94.02753199804299,18.10357877454884,Sureste,Bosque Templado,0.7927641
-114.31939664559093,29.376413162317224,Noroeste,Selva Húmeda,0.98323804
-95.09191320971155,17.36008565525194,Noreste,Manglar,0.37213528
-93.10375034631099,17.842854134116084,Sureste,Matorral Seco,0.4008059
-115.34459674029488,30.14730311723363,Noroeste,Pastizal,0.9718661
-113.23703934650587,27.452213382396895,Noroeste,Pastizal,0.8850088
-111.71384460262875,29.89485031613869,Noroeste,Matorral Seco,0.57302
-107.00465609790886,28.149155675776814,Noreste,Matorral Seco,0.21081765
-110.17865297559086,28.289916641495427,Noroeste,Selva Húmeda,0.43920588
-105.75959261523866,29.81866972435934,Noreste,Manglar,0.5954
-101.9816337433127,20.4266364848374,Centro,Matorral Seco,0.24377058
-112.9088649095855,31.4979849499905,Noroeste,Manglar,0.9732646
-100.7814745511119,25.722945830751815,Sur,Pastizal,0.9145865
-102.31421455308066,28.26677999372913,Noreste,Bosque Templado,0.8417853
-108.57399926357668,28.546232476081464,Noroeste,Pastizal,0.97034
-101.05931617122731,17.97288667550348,Sur,Matorral Seco,0.7864194
-109.39187013147476,27.49613123744147,Noroeste,Manglar,0.42068234
-98.53621973345334,23.899766790955603,Noreste,Selva Húmeda,0.97588855
-98.70089811982403,18.95693831788145,Centro,Matorral Seco,0.33525294
-102.74574632759607,27.86791724875306,Noreste,Bosque Templado,0.88974
-101.9114238800871,20.23900712553901,Occidente,Manglar,0.17666471
-102.57579013207905,27.3745163111332,Noreste,Pastizal,0.9527706
-114.20726985196278,27.586597026129283,Noroeste,Pastizal,0.9947122
-101.11540948352355,24.253470388188997,Centro,Selva Húmeda,0.98412555
-93.58968100723176,17.630041319134108,Sureste,Pastizal,0.29758823
-98.49229233154725,19.96818233540833,Centro,Matorral Seco,0.2953
-100.95323851966909,28.86185618111391,Noreste,Manglar,0.72404116
-114.10938209673245,27.428818391161283,Noroeste,Manglar,0.9475641
-101.58211750585863,18.84793916397075,Occidente,Manglar,0.56431234
-104.62057287226664,27.296175612452608,Noreste,Manglar,0.86131704
-97.73374489733945,19.07599287927447,Centro,Matorral Seco,0.33870587
-106.6043325988872,31.758906342764156,Noreste,Matorral Seco,0.9561353
-99.43751155692254,17.407893960866332,Sur,Matorral Seco,0.45592117
-105.03990386562288,22.149676319059317,Occidente,Selva Húmeda,0.91969645
-95.39148826703617,16.69141641591602,Noreste,Matorral Seco,0.9736966
-101.19051523108205,28.389762106189533,Noreste,Bosque Templado,0.9795368
-90.97266447197242,19.12220852589821,Sureste,Pastizal,0.5939447
-112.22320063261006,26.292451269340564,Noroeste,Matorral Seco,0.98166966
-101.89437980305296,20.31140237886105,Centro,Manglar,0.18332942
-103.9989075079914,22.82437164062016,Centro,Manglar,0.2974
-109.69739640646675,28.4346380873423,Noroeste,Pastizal,0.9996424
-107.53561769260071,26.541265391731272,Noreste,Pastizal,0.81599116
-100.83668088154113,21.625642050319406,Centro,Pastizal,0.51789296
-93.60901030905562,15.97153380239541,Sureste,Matorral Seco,0.70939
-102.00712714493812,27.298035903123143,Noreste,Bosque Templado,0.9222329
-111.8677765063366,24.80020828703688,Noroeste,Manglar,0.99569565
-107.87306245506483,31.323022236969678,Noreste,Selva Húmeda,0.85759586
-107.04659300771141,31.242024081637414,Noreste,Matorral Seco,0.9998558
-102.82703488123937,27.75042881442993,Noreste,Bosque Templado,0.992023
-107.91218878801479,28.39009473715384,Noreste,Selva Húmeda,0.98485655
-89.57189806127546,20.80010761444609,Sureste,Selva Húmeda,0.6460953
-89.02207205158103,19.41789965236833,Sureste,Matorral Seco,0.9214553
-102.85084174297819,18.50384890975181,Occidente,Selva Húmeda,0.64878297
-105.93611349960122,30.41301385915747,Noreste,Bosque Templado,0.98417187
-104.23823399604976,20.485343289833985,Occidente,Pastizal,0.7139206
-98.42795658337315,24.06459929892445,Noreste,Pastizal,0.89100766
-99.0710997602681,23.164805989884552,Noreste,Bosque Templado,0.4116294
-90.77720770176025,16.47424024707823,Sureste,Matorral Seco,0.99240744
-101.24707300193081,22.445810844080818,Centro,Selva Húmeda,0.41974118
-99.36525928113684,16.75636223172257,Sur,Manglar,0.59424645
-88.59827754027697,20.522626882161447,Sureste,Pastizal,0.62503237
-111.55364778406062,28.802572094256643,Noroeste,Manglar,0.27565882
-86.89212583634782,21.14167957117448,Sureste,Bosque Templado,4.7058824e-05
-116.2442065259617,32.10692217481085,Noroeste,Manglar,0.9915204
-106.97816420573923,31.073088309928107,Noreste,Selva Húmeda,0.23350589
-110.57187869291278,28.29510929957428,Noroeste,Matorral Seco,0.62445
-103.38106851264392,26.893223283627098,Noreste,Selva Húmeda,0.50695646
-102.07486600364886,18.21544166422128,Sur,Selva Húmeda,0.999983
-88.14738879178839,21.254781371305402,Sureste,Selva Húmeda,0.39449412
-102.30000017235189,22.739766707462714,Centro,Matorral Seco,0.2714
-99.73206905430982,25.234600440965192,Sur,Bosque Templado,0.31791764
-96.55312410064286,15.881171562852378,Noreste,Matorral Seco,0.88055885
-115.89823749340341,30.651452478400312,Noroeste,Bosque Templado,0.9999796
-113.28037624186977,26.930058414450198,Noroeste,Bosque Templado,0.98157334
-114.20894709009612,28.732948745842393,Noroeste,Pastizal,0.9643065
-91.83815697574046,15.951628748770048,Sureste,Manglar,0.61360884
-108.10154814153279,25.442659787121926,Noroeste,Manglar,0.2339353
-102.78592115072125,27.4147235688943,Noreste,Matorral Seco,0.99838626
-98.90185019035255,23.57774285090092,Noreste,Manglar,0.8723788
-108.38304823878383,30.658473378823548,Noreste,Manglar,0.4703947
-106.3118512092009,24.371157242174238,Noroeste,Matorral Seco,0.9980884
-108.84584577881562,28.850695309483072,Noroeste,Bosque Templado,0.92449766
-107.11427421219344,30.02371504697354,Noreste,Bosque Templado,0.50674295
-108.13285699529735,25.302843747546476,Noroeste,Selva Húmeda,0.1756
-116.04509277638067,31.307607522575804,Noroeste,Manglar,0.9938001
-105.21631404502646,29.627255575429558,Noreste,Manglar,0.90499175
-100.66276085622043,18.915345212812397,Occidente,Bosque Templado,0.86357826
-101.2195340706004,20.50126774085262,Centro,Manglar,0.16652942
-107.65579286055433,28.56291520610597,Noreste,Pastizal,0.98665583
-97.98721944841051,20.11605548441374,Centro,Bosque Templado,0.6288288
-102.44878747471937,24.191434941332115,Centro,Pastizal,0.9028394
-103.3218963583081,25.543914536996212,Noreste,Selva Húmeda,5.882353e-06
-96.92938022902057,19.68012127733289,Sureste,Bosque Templado,0.4441106
-101.6934712865995,22.146319753919894,Centro,Manglar,0.32238823
-102.67619192418607,23.926247618667855,Centro,Pastizal,0.65513235
-106.50370311253475,24.233978807693155,Noroeste,Matorral Seco,0.96859884
-100.85023617445499,27.62510710814822,Noreste,Pastizal,0.98833895
-109.77919447100183,29.16769419832974,Noroeste,Matorral Seco,0.7139335
-96.57830298644537,19.913676195508536,Sureste,Bosque Templado,0.4135
-106.16398437090136,27.99741691601217,Noreste,Bosque Templado,0.30785295
-102.57799983873593,25.861476190397315,Noreste,Selva Húmeda,0.80583704
-105.65318808417166,30.215915033653502,Noreste,Bosque Templado,0.5742253
-112.09502559140444,26.610289212505855,Noroeste,Pastizal,0.9999878
-100.12153976429067,17.13402626538736,Sur,Matorral Seco,0.72815
-100.6721641737418,21.65291329154656,Centro,Matorral Seco,0.31532353
-112.4497574616072,31.45693179717627,Noroeste,Pastizal,0.97672284
-96.51043162595099,16.453926477615965,Noreste,Pastizal,0.7060794
-100.85168636206132,17.829919118140733,Sur,Pastizal,0.56515706
-107.57986564624872,25.486572322010883,Noroeste,Bosque Templado,0.9724929
-106.03481987361093,30.61777593619565,Noreste,Matorral Seco,0.96838355
-98.3739214238217,21.158682730715448,Centro,Bosque Templado,0.34521765
-109.25822510699899,27.42288499086064,Noroeste,Bosque Templado,0.99835265
-102.64179736677767,28.18576149498959,Noreste,Pastizal,0.95973766
-105.03543028185601,27.107302904897573,Noreste,Bosque Templado,0.26987648
-99.04288389738879,25.165536214719246,Sur,Matorral Seco,0.9093106
-110.08531575471457,30.340972663710115,Noroeste,Selva Húmeda,0.81655353
-98.8299025497168,17.252469437845416,Sur,Manglar,0.80527
-98.43960334593335,20.874071466364093,Sureste,Bosque Templado,0.38511765
-98.97580585559078,22.360123283208743,Centro,Matorral Seco,0.9989696
-106.12593598443942,26.989008243666706,Noreste,Selva Húmeda,0.3656059
-104.53610680155855,29.430619648361446,Noreste,Manglar,0.93716884
-101.19289769990122,26.131480143875844,Noreste,Selva Húmeda,0.9169988
-111.64932949375262,31.230722844063155,Noroeste,Bosque Templado,0.59566826
-100.53058434003908,22.029476995363677,Centro,Matorral Seco,0.8988253
-102.33638138219897,23.251416639177528,Centro,Manglar,0.65403414
-103.37783671852426,20.560279413083315,Occidente,Pastizal,0.2631294
-96.81714744872632,16.098667470132046,Noreste,Bosque Templado,0.90692115
-105.40883702847894,26.542409840098227,Noreste,Bosque Templado,0.5356741
-112.27905460970754,26.957369811719722,Noroeste,Selva Húmeda,0.99952775
-90.22572849210248,20.35867055112081,Sureste,Matorral Seco,0.61430883
-88.03680616324546,21.235480540884012,Sureste,Manglar,0.6125806
-107.50136187052796,27.469166537980847,Noreste,Bosque Templado,0.98751026
-98.74362291697993,20.759285308670258,Centro,Matorral Seco,0.7923082
-107.05282373503088,30.949958981415236,Noreste,Selva Húmeda,0.8708323
-107.77442761477971,25.081709884827017,Noroeste,Bosque Templado,0.19115295
-107.43948967546663,28.274202280846872,Noreste,Manglar,0.2890412
-106.03082470596594,23.20273233516907,Noroeste,Pastizal,0.82701826
-97.82089913565737,16.461100727229642,Noreste,Bosque Templado,0.60464764
-116.2561669534277,32.41183806665465,Noroeste,Manglar,0.9782456
-101.25886495118836,26.591440317101746,Noreste,Bosque Templado,0.5818994
-88.1545591031922,20.626342413648057,Sureste,Bosque Templado,0.53263414
-108.05676636949985,28.854491338045243,Noreste,Pastizal,0.9624
-102.03302334635269,24.22355463803441,Centro,Matorral Seco,0.83731884
-111.63891050144845,25.28513845886346,Noroeste,Pastizal,0.97546816
-99.37007560544289,19.51245490416507,Centro,Selva Húmeda,0.8256194
-98.95909154167101,24.06787156589526,Noreste,Bosque Templado,0.4684206
-102.51678065836921,18.41918277730095,Occidente,Selva Húmeda,0.9398659
-107.07110988922551,28.430742907028556,Noreste,Bosque Templado,0.88389415
-98.34920930998148,18.00721172977198,Centro,Selva Húmeda,0.71398824
-109.79407552549873,27.045647890940565,Noroeste,Selva Húmeda,0.17617059
-102.51347127980152,28.02382427447478,Noreste,Pastizal,0.9791882
-107.1010479906716,30.02831953643646,Noreste,Selva Húmeda,0.77859235
-97.49766782457202,16.601535208189603,Noreste,Bosque Templado,0.5407759
-106.32585183258092,28.721546616503325,Noreste,Selva Húmeda,0.44133
-110.61653242822065,29.599868488402006,Noroeste,Selva Húmeda,0.6758841
-101.15954386285448,29.102613620386634,Noreste,Selva Húmeda,0.8150947
-106.3466249221396,30.468886239816754,Noreste,Manglar,0.89354414
-98.30614897740901,17.474394719842408,Noreste,Selva Húmeda,0.31851766
-98.16217045673956,16.434203595854765,Noreste,Matorral Seco,0.33767647
-104.94007479519738,20.74098625270722,Occidente,Bosque Templado,0.8549906
-100.04375958917603,23.76552387839214,Sur,Matorral Seco,0.96372885
-99.60350327091736,17.06091554965012,Sur,Manglar,0.6394753
-113.38690715662607,27.68528848278919,Noroeste,Manglar,0.94713116
-101.1821125995782,26.814111652986472,Noreste,Manglar,0.8020988
-107.8519233799839,28.474649330529903,Noreste,Bosque Templado,0.9891746
-102.98601040982895,19.588252818239646,Occidente,Manglar,0.6348306
-89.76707027774796,20.929685241418085,Sureste,Manglar,0.6924582
-105.26973580919535,28.838240452491135,Noreste,Bosque Templado,0.9104665
-102.96404462272524,22.686600880447784,Centro,Selva Húmeda,0.17711176
-107.85560181691936,25.314277568582774,Noroeste,Matorral Seco,0.28338236
-98.12389624017135,18.770054537570694,Centro,Matorral Seco,0.56875
-107.55168359129509,28.97916418679911,Noreste,Selva Húmeda,0.17672941
-99.34344170097386,18.658622306891925,Sur,Pastizal,0.37627646
-109.72876364314081,28.329416141822836,Noroeste,Bosque Templado,0.9993075
-95.34781751440124,16.874113912358386,Noreste,Manglar,0.8199512
-115.34327674743312,30.601171187023603,Noroeste,Matorral Seco,0.9979556
-112.83694271377546,31.693943748734583,Noroeste,Matorral Seco,0.9654406
-105.12401814612082,28.202281201429816,Noreste,Matorral Seco,0.7576694
-98.21091269569904,25.462083119824854,Noreste,Selva Húmeda,0.2362294
-89.81477591868801,19.338542616326293,Sureste,Matorral Seco,0.72881883
-103.81715424423298,18.944080074493513,Occidente,Bosque Templado,0.6919341
-93.35581342041203,16.672196763664168,Sureste,Bosque Templado,0.46069825
-110.13342038678367,30.897821381328477,Noroeste,Matorral Seco,0.70236176
-102.41979545974843,18.838553303581495,Occidente,Selva Húmeda,0.6125335
-98.1821782972382,22.71996972221601,Noreste,Manglar,0.6181012
-99.22410378840216,25.73644513517138,Sur,Selva Húmeda,0.50125706
-100.60902147063979,26.564369441014687,Sur,Manglar,0.9652394
-89.11775545937128,19.75322420357277,Sureste,Bosque Templado,0.18263529
-104.80522074593256,20.69411293397761,Occidente,Selva Húmeda,0.8781294
-88.49490646290037,19.347947648257904,Sureste,Matorral Seco,0.6749518
-105.01513760346708,22.788097758043204,Occidente,Matorral Seco,0.98254794
-102.23342281830578,20.622370891450593,Occidente,Bosque Templado,0.39577648
-96.56477480932791,18.631126971368023,Noreste,Manglar,0.28285882
-89.68774894778234,18.472070655380715,Sureste,Selva Húmeda,0.7226565
-98.77026161770185,18.55424224116191,Sur,Pastizal,0.29697058
-113.64565610273212,27.287748438861442,Noroeste,Matorral Seco,0.96327174
-92.3808333385726,17.84900656306594,Sureste,Matorral Seco,0.9961329
-93.09450270031111,15.714220310196648,Sureste,Bosque Templado,0.6976782
-108.2481631341933,27.840500757457423,Noreste,Matorral Seco,0.92462116
-104.454032237003,27.051165820834687,Noreste,Matorral Seco,0.90400237
-107.1495179117715,30.67513119472765,Noreste,Matorral Seco,0.89697057
-102.17831472262105,22.401029087818536,Centro,Matorral Seco,0.38905883
-89.10961369827048,19.37691244315159,Sureste,Matorral Seco,0.9147735
-101.24390850867954,26.878853081957786,Noreste,Selva Húmeda,0.97944194
-104.16671014541204,19.62706163683325,Occidente,Pastizal,0.96014297
-95.17040642397696,17.42002878675965,Noreste,Matorral Seco,0.33008236
-91.26876584924695,16.61860189810217,Sureste,Selva Húmeda,0.97677535
-107.70614282829521,29.53162006337615,Noreste,Matorral Seco,0.36375293
-109.90309720133057,31.18741775330249,Noroeste,Pastizal,0.84831
-111.3487367512746,25.481527985152702,Noroeste,Manglar,0.996999
-103.55782710252453,19.250398180509066,Occidente,Selva Húmeda,0.62839943
-101.5649719132644,20.21478187074063,Occidente,Selva Húmeda,0.3911294
-101.68879063627844,18.24056326488212,Sur,Matorral Seco,0.7997194
-109.97790094280896,28.37943240025373,Noroeste,Manglar,0.96091473
-101.88498573091529,23.875912017506945,Centro,Selva Húmeda,0.91631705
-99.12515396685068,18.803726558749442,Sur,Matorral Seco,0.6707812
-105.10509172078963,21.582702183753174,Occidente,Pastizal,0.8902665
-100.76162394902738,17.986921215978462,Sur,Bosque Templado,0.59904414
-90.04898840905147,17.90703204170031,Sureste,Selva Húmeda,0.9704229
-98.08267904427568,23.149304955505183,Noreste,Matorral Seco,0.48849705
-96.3277792779641,18.751042949285942,Sureste,Pastizal,0.2873059
-109.67145202887359,30.803551284249124,Noroeste,Bosque Templado,0.4234059
-104.67700617971825,22.427973903028544,Occidente,Pastizal,0.85855234
-94.10667213581785,17.431183282536175,Sureste,Pastizal,0.53127825
-107.31878754673579,27.846283166530096,Noreste,Selva Húmeda,0.9434235
-112.54078435718938,26.63087403277002,Noroeste,Manglar,0.98696876
-104.42259540735752,29.442491174347847,Noreste,Selva Húmeda,0.99454814
-86.99894289293387,21.122647050227314,Sureste,Selva Húmeda,0.8542365
-89.54681674411681,21.11775212751132,Sureste,Selva Húmeda,0.6353941
-105.99703270332145,23.039600153930994,Noroeste,Matorral Seco,0.7899453
-105.14869925835683,27.440405886117972,Noreste,Manglar,0.17631176
-99.267494499856,18.690243421222867,Sur,Matorral Seco,0.29731175
-91.61681153418701,17.256096573402196,Sureste,Pastizal,0.40105295
-102.95590489398037,19.358178031561213,Occidente,Selva Húmeda,0.4096706
-98.79834679023293,25.369039926257507,Sur,Matorral Seco,0.95169294
-98.6424740234915,19.011561403003626,Centro,Bosque Templado,0.0616
-105.20724689308676,21.304389222608417,Occidente,Matorral Seco,0.17861177
-98.69734530807175,21.003462254606013,Centro,Manglar,0.5438653
-102.92485494325537,24.21975466385518,Centro,Matorral Seco,0.52005297
-110.28742769865018,29.44076903308179,Noroeste,Bosque Templado,0.81405705
-106.23530802523852,30.29546134242651,Noreste,Pastizal,0.49575883
-100.82183961279623,26.822113616530242,Noreste,Pastizal,0.9565806
-108.18907847995523,27.616749270405453,Noreste,Matorral Seco,0.9705129
-99.64345674302972,18.921353243346033,Centro,Pastizal,0.18162353
-96.02924404862328,17.404566527888942,Noreste,Pastizal,0.99872386
-111.35587881250834,25.20800813075595,Noroeste,Matorral Seco,0.7605294
-98.28189268757065,19.786434987873857,Centro,Matorral Seco,0.29758236
-104.8817554491652,27.528669210886562,Noreste,Pastizal,0.89307356
-101.7516392835594,25.533523734290824,Noreste,Pastizal,0.61400414
-113.16860429481967,28.187191889561706,Noroeste,Selva Húmeda,0.98612446
-106.86392870958427,28.939990245750913,Noreste,Manglar,0.91158354
-104.18971984539067,27.954711898922064,Noreste,Matorral Seco,0.82068413
-100.49235282740264,27.45872400995535,Noreste,Bosque Templado,0.4117647
-112.0131384119738,28.926404479435732,Noroeste,Manglar,0.8986
-96.51765789832832,19.03036202773085,Sureste,Pastizal,0.3336059
-102.3891444563659,23.54317669741101,Centro,Matorral Seco,0.5399871
-102.18938702563423,19.10910694601614,Occidente,Pastizal,0.3706353
-105.60260222947244,30.202174234364726,Noreste,Matorral Seco,0.9513753
-108.95198891990594,26.730471818886926,Noroeste,Bosque Templado,0.73154056
-114.6771556620405,30.24939881419149,Noroeste,Matorral Seco,0.9947079
-89.70457912863634,20.892083793308387,Sureste,Bosque Templado,0.31718823
-96.82527468545311,16.81483360703837,Noreste,Selva Húmeda,0.19759412
-98.35248377541461,18.85270622918772,Centro,Pastizal,0.6102512
-96.73923433857414,19.355186244821446,Sureste,Selva Húmeda,0.41481176
-104.7542305617499,27.239172998673027,Noreste,Manglar,0.90228117
-103.74125784282796,20.8660536258191,Occidente,Matorral Seco,0.29350588
-97.412246422857,19.84084535081441,Centro,Bosque Templado,0.59833
-98.80057662428105,18.804062478435494,Sur,Matorral Seco,0.2685647
-90.23884101780315,18.479728306724848,Sureste,Bosque Templado,0.75788116
-101.41059094493235,17.772606572254844,Sur,Matorral Seco,0.41867647
-96.00612614785048,17.922487603357958,Noreste,Pastizal,0.1865647
-101.05044489028042,22.612655791378934,Centro,Matorral Seco,0.3784647
-103.60692464117115,22.33232983673522,Centro,Manglar,0.7326165
-107.97799575753925,29.492768582473847,Noreste,Matorral Seco,0.9979984
-102.51313310211178,18.868650045197537,Occidente,Pastizal,0.62844884
-102.09222702436219,18.127776032394628,Sur,Bosque Templado,0.4524247
-101.57006668952253,25.241089994382836,Noreste,Matorral Seco,0.70910704
-92.30756017878912,17.16221298127357,Sureste,Matorral Seco,0.38396472
-100.59008684620063,21.573274881385807,Centro,Selva Húmeda,0.40368235
-101.66455664809273,24.305335210721974,Centro,Bosque Templado,0.98673755
-97.96673443068501,17.138775859855205,Noreste,Matorral Seco,0.9109794
-111.74261696260533,31.14871099652964,Noroeste,Bosque Templado,0.80918354
-108.26369902721353,25.895041125998045,Noroeste,Selva Húmeda,0.7058947
-97.31917070855955,17.56486491737341,Noreste,Bosque Templado,0.2830706
-95.64644891552322,17.337978909109225,Noreste,Manglar,0.9340812
-102.78585405417488,21.950163283401242,Centro,Manglar,0.5755035
-92.33580669739922,16.32627732807316,Sureste,Manglar,0.34045294
-102.29953051452677,22.9760823970789,Centro,Bosque Templado,0.33461177
-114.66598202519287,30.240236359780198,Noroeste,Manglar,0.9993525
-105.10522042055439,22.780256196189445,Occidente,Manglar,0.40948236
-111.34469283267418,24.586265700561682,Noroeste,Manglar,0.97431815
-103.08757326205388,23.65736209121833,Centro,Manglar,0.6152588
-113.97430374383124,29.184075231331274,Noroeste,Selva Húmeda,0.9887152
-103.02793426555407,23.134974771561133,Centro,Pastizal,0.5550912
-90.57657813443312,19.340109911918727,Sureste,Bosque Templado,0.5612453
-91.41718094588056,18.30254389549202,Sureste,Selva Húmeda,0.4408353
-100.02591637174699,18.30922200589161,Sur,Selva Húmeda,0.5348594
-104.49584629710724,21.327809477566426,Occidente,Pastizal,0.9668571
-103.84571483737102,22.918049879900778,Centro,Bosque Templado,0.8875871
-103.13114269084383,20.479918656554354,Occidente,Manglar,0.5072394
-110.91744053311508,24.079375416330375,Noroeste,Pastizal,0.98465466
-107.87569986072364,29.73550118557474,Noreste,Manglar,0.8261806
-104.76911871284847,28.460499353082536,Noreste,Pastizal,0.8542435
-107.77553456191703,28.44956002198294,Noreste,Selva Húmeda,0.9707756
-89.86095710276362,19.359354793992615,Sureste,Manglar,0.6607723
-112.4594148081009,30.679405444288854,Noroeste,Bosque Templado,0.14982942
-101.80890663537862,20.127755703205022,Occidente,Bosque Templado,0.3142353
-115.50569622076245,32.26083075097573,Noroeste,Bosque Templado,0.98801434
-101.33750573544808,24.680321896580594,Centro,Bosque Templado,0.92378354
-98.35976253886928,18.38801811905337,Centro,Manglar,0.6752982
-98.8732458919593,19.471090413975162,Centro,Selva Húmeda,0.1598353
-108.77845558870045,31.160325963160975,Noreste,Manglar,0.77144414
-100.57066418029076,23.643061380011762,Centro,Bosque Templado,0.92105645
-106.29753341575918,31.204790718016934,Noreste,Manglar,0.90433884
-111.96591206076629,29.70298910862379,Noroeste,Bosque Templado,0.9886274
-89.13897230524384,19.945102032279284,Sureste,Manglar,0.94533587
-103.46322452423668,18.817083526463865,Occidente,Manglar,0.61010295
-108.86048039063171,31.099042910080566,Noroeste,Matorral Seco,0.89691764
-94.01863459733285,17.86024015874174,Sureste,Matorral Seco,0.8549547
-104.63331481511578,27.291282543191418,Noreste,Manglar,0.8247794
-105.4085988729449,28.99770622779661,Noreste,Matorral Seco,0.8864153
-102.59173107112171,27.333101838682573,Noreste,Selva Húmeda,0.8641241
-103.87597294190054,20.72689149662722,Occidente,Pastizal,0.64978296
-111.6130887778428,30.609766130096137,Noroeste,Matorral Seco,0.84095645
-103.54031670568826,19.273326511965504,Occidente,Bosque Templado,0.39634117
-109.35996228762025,26.641891013297588,Noroeste,Matorral Seco,0.95785
-93.99762718352254,16.460677529635955,Sureste,Manglar,0.8586194
-100.1651129430253,25.225030962525334,Sur,Matorral Seco,0.84364116
-106.43445883123226,31.530485115881213,Noreste,Bosque Templado,0.97248244
-104.85447197612034,30.368615394251012,Noreste,Bosque Templado,0.95634645
-105.29504761392069,27.949516765590282,Noreste,Bosque Templado,0.8056441
-93.31206724599342,18.14431407746376,Sureste,Matorral Seco,0.31414706
-96.90822135541654,16.60023802481296,Noreste,Manglar,0.65203
-102.58148098975423,25.329409468260604,Noreste,Manglar,0.58517236
-89.03159251296304,19.038812575596175,Sureste,Selva Húmeda,0.52828825
-88.12766400693937,19.707415454355885,Sureste,Selva Húmeda,0.92888176
-112.45128215028724,27.425963733171308,Noroeste,Bosque Templado,0.99485964
-102.75657678940483,18.826936746527245,Occidente,Matorral Seco,0.75529706
-106.04001576057371,28.789411773514487,Noreste,Bosque Templado,0.86707824
-100.94300786096557,23.09080332841889,Centro,Manglar,0.9398282
-102.97093152592842,28.77325592351003,Noreste,Matorral Seco,0.9125612
-115.98493900188,31.46166335407492,Noroeste,Matorral Seco,0.96625
-106.76974506879098,24.41222277797328,Noroeste,Manglar,0.95921767
-106.7598551039359,29.9350000974947,Noreste,Pastizal,0.1763647
-99.86782157084944,20.718955187451865,Centro,Bosque Templado,0.51600176
-102.30803298302695,28.412050017631795,Noreste,Manglar,0.93439233
-106.47166350885213,24.259039030292904,Noroeste,Pastizal,0.9160494
-105.90231471980631,29.515529987287728,Noreste,Pastizal,0.90639824
-99.80252951819875,24.121004897510968,Sur,Manglar,0.73904175
-100.14151999791443,19.78225913092594,Centro,Bosque Templado,0.66712
-88.49730181749263,20.937192308215618,Sureste,Bosque Templado,0.6491306
-103.9506804590281,28.52237387205659,Noreste,Manglar,0.6351647
-110.42852137343723,27.81304342866035,Noroeste,Matorral Seco,0.8336612
-110.13778540986175,28.716038207938155,Noroeste,Pastizal,0.9998949
-105.58947917853224,29.880640689065643,Noreste,Manglar,0.96816766
-112.96203767784884,30.73615195530107,Noroeste,Bosque Templado,0.95401233
-105.04421872036977,22.26904879857869,Occidente,Matorral Seco,0.7787935
-98.21276297471782,20.10135213536519,Centro,Bosque Templado,0.8463771
-108.02492227196603,25.5728098899423,Noroeste,Pastizal,0.38990587
-99.93412756791327,26.95357020732161,Sur,Manglar,0.3864353
-94.88858681730807,17.401833615347098,Sureste,Matorral Seco,0.39835882
-107.63265342479201,30.20392389829375,Noreste,Pastizal,0.34755296
-102.07258625687977,25.026724869999473,Centro,Bosque Templado,0.9985645
-97.94544083783427,17.493733550535868,Noreste,Selva Húmeda,0.3712647
-97.37904755539697,16.802498849067145,Noreste,Matorral Seco,0.9621612
-102.45629241876541,19.123157850365324,Occidente,Matorral Seco,0.17644118
-101.1395356567575,18.502949771439912,Sur,Matorral Seco,0.6717506
-101.75448216827658,28.900750893726837,Noreste,Manglar,0.6831906
-104.9388795575213,21.935999859731986,Occidente,Matorral Seco,0.93883
-90.729597741775,18.41719457207246,Sureste,Pastizal,0.7560853
-91.15229792480068,16.78861039714414,Sureste,Bosque Templado,0.9958783
-97.40647256290434,25.373083721478825,Noreste,Pastizal,0.29268235
-109.35481233266803,31.165655783341418,Noroeste,Manglar,0.9054659
-109.96931300125104,29.723903432643368,Noroeste,Selva Húmeda,0.8671029
-109.02215043544192,28.91225576383121,Noroeste,Matorral Seco,0.9220912
-97.86981950404531,20.3397164519927,Centro,Pastizal,0.4458747
-107.42888032208081,29.813083545076605,Noreste,Manglar,0.48380882
-100.1648762123628,25.93520638349646,Sur,Manglar,0.2815647
-105.2140733659725,27.639546635418792,Noreste,Bosque Templado,0.026794117
-87.66020930995852,19.911480948851157,Sureste,Selva Húmeda,0.83784
-91.77913424992231,17.36504290003352,Sureste,Selva Húmeda,0.3937647
-100.88303949537243,18.540181664627756,Sur,Manglar,0.6024347
-100.11930467400714,20.549393342497495,Centro,Manglar,0.18072942
-101.06100845980737,19.78483845764035,Occidente,Pastizal,0.32455882
-101.77955766405594,29.698921221797384,Noreste,Matorral Seco,0.94319177
-87.39713325712918,21.282806731100976,Sureste,Pastizal,0.9790154
-103.40246416747905,24.332092872994398,Centro,Matorral Seco,0.5319441
-100.41652658457194,26.968317779859955,Sur,Selva Húmeda,0.99212015
-102.42503587233399,20.815019979029188,Occidente,Manglar,0.26717058
-102.32300284459004,26.503119823045456,Noreste,Matorral Seco,0.70232177
-111.30317294902633,24.681617959168143,Noroeste,Pastizal,0.82712
-96.36614933241418,18.698952251733157,Sureste,Matorral Seco,0.38128823
-101.39038698901045,25.026248152215356,Noreste,Manglar,0.98997414
-95.38339801931224,16.853901548366146,Noreste,Manglar,0.9937841
-97.72287023423743,16.085490097983467,Noreste,Pastizal,0.71849823
-113.08340403564011,26.82305066543897,Noroeste,Bosque Templado,0.96867
-94.87298014739038,18.266773804655354,Sureste,Manglar,0.63980234
-103.92388069895601,20.074321214137612,Occidente,Pastizal,0.6990294
-95.81352388853796,16.145071541764025,Noreste,Matorral Seco,0.6089347
-100.82710716499754,26.94787682369862,Noreste,Bosque Templado,0.97729576
-111.95967027711083,31.006574987150692,Noroeste,Manglar,0.95007
-114.74136677066043,30.353069694483196,Noroeste,Selva Húmeda,0.9991715
-115.31760082572319,32.029736452525526,Noroeste,Manglar,0.9984716
-98.31759892171021,25.93537630933277,Noreste,Pastizal,0.3380353
-106.5677628411089,27.483659122587785,Noreste,Bosque Templado,0.36328235
-99.37670910113226,25.92671913603743,Sur,Selva Húmeda,0.19012941
-115.8044591339495,30.96245368577586,Noroeste,Bosque Templado,0.9932445
-109.3706422328784,26.735435842144717,Noroeste,Bosque Templado,0.8775035
-99.6303794016417,21.38952185141943,Centro,Manglar,0.97324634
-102.70961467205058,22.40295535398783,Centro,Manglar,0.4797947
-110.4295540484315,28.60039747575979,Noroeste,Matorral Seco,0.81428057
-99.59290135226604,17.081126883922952,Sur,Pastizal,0.84574413
-108.04861282603459,28.209379099118877,Noreste,Manglar,0.98740035
-99.10034516578459,19.350630282195684,Centro,Matorral Seco,1.1764706e-05
-100.10565321350202,20.65979825868839,Centro,Selva Húmeda,0.2882706
-109.97038764092692,29.44724840692882,Noroeste,Manglar,0.95730644
-92.07681292592855,16.99139885176403,Sureste,Selva Húmeda,0.9057847
-107.41490648614625,29.03369538793712,Noreste,Pastizal,0.25520587
-110.64607281136367,24.025796086226098,Noroeste,Bosque Templado,0.99381274
-95.73687643796244,16.4687974769787,Noreste,Manglar,0.6889353
-96.61574121856579,16.521647834554763,Noreste,Manglar,0.30065882
-103.41039200125509,21.72094066041525,Centro,Bosque Templado,0.38412353
-98.59091058355484,26.153970012108076,Noreste,Matorral Seco,0.45434883
-100.48932959154615,24.315262586455567,Sur,Pastizal,0.9615906
-106.28349940617039,27.02293216042927,Noreste,Manglar,0.48839295
-100.54685012692998,23.62385242723658,Centro,Selva Húmeda,0.9433865
-89.4963851787674,18.826390656200548,Sureste,Selva Húmeda,0.7290177
-99.58475040794131,25.7430114434967,Sur,Selva Húmeda,0.3428059
-101.36661493363592,17.808367496632286,Sur,Pastizal,0.7544753
-98.45924800631454,21.89459905858574,Sureste,Bosque Templado,0.37942353
-93.39530456040097,17.93113984828445,Sureste,Manglar,0.30459413
-111.62786509557122,29.929248776189706,Noroeste,Selva Húmeda,0.9609759
-113.2398274552385,27.591994697352803,Noroeste,Pastizal,0.9854521
-89.59979690635343,20.605255683226883,Sureste,Pastizal,0.6020341
-101.78169895074011,29.18747501588276,Noreste,Matorral Seco,0.9208512
-114.93234068756635,31.175407859722352,Noroeste,Selva Húmeda,0.9990822
-104.17629224110878,19.257674744444508,Occidente,Pastizal,0.1804
-110.01426132250899,28.162339310355367,Noroeste,Manglar,0.8007759
-112.40651937182335,29.0465330982677,Noroeste,Pastizal,0.99601585
-102.85814543262457,26.345553722200084,Noreste,Selva Húmeda,0.98971516
-92.55698129851352,15.450343199084674,Sureste,Matorral Seco,0.40855294
-115.02253776637505,31.05747820240022,Noroeste,Pastizal,0.99860114
-102.07937974826525,23.13802387309904,Centro,Selva Húmeda,0.9554529
-99.46017876674948,19.983589866573215,Centro,Matorral Seco,0.18485883
-116.00927424924332,31.935668590822306,Noroeste,Matorral Seco,0.98735785
-99.83584941842292,22.193358042352724,Centro,Bosque Templado,0.64138824
-100.21130516822946,22.302690605846024,Centro,Pastizal,0.20948236
-100.11127234103117,27.999652438792705,Noreste,Manglar,0.74421823
-98.60523196510856,17.102146412353108,Sur,Matorral Seco,0.9404753
-99.18819948601733,23.384562255354435,Noreste,Selva Húmeda,0.88076
-108.78199197043767,28.488312045838544,Noroeste,Pastizal,0.9055476
-110.07868443520258,30.962538390019926,Noroeste,Bosque Templado,0.78064644
-110.22867376553164,30.46966513018119,Noroeste,Matorral Seco,0.5473741
-106.83901130356902,28.751051793351678,Noreste,Manglar,0.42011178
-97.97752045058878,24.529399961707426,Noreste,Pastizal,0.73127586
-94.35370779752695,16.676403012596467,Noreste,Matorral Seco,0.9559294
-97.63149450016267,20.76515018642335,Sureste,Bosque Templado,0.34731176
-108.34325784792054,26.129200865135424,Noroeste,Matorral Seco,0.99422085
-108.83553095089556,27.882711634983885,Noreste,Manglar,0.9887216
-107.80028529833278,27.841618596462464,Noreste,Pastizal,0.9870143
-110.07093230558735,29.614243562118435,Noroeste,Selva Húmeda,0.80931705
-98.1302700065213,25.232162376549017,Noreste,Matorral Seco,0.2800706
-107.48005170240206,26.231296549340698,Noreste,Bosque Templado,0.98424596
-101.3947943782806,21.567278560859883,Centro,Matorral Seco,0.28691766
-101.00548817518282,23.18155171910885,Centro,Selva Húmeda,0.344
-103.75083005900304,19.41958804960353,Occidente,Manglar,0.18439412
-92.98062915266483,15.879403264137816,Sureste,Matorral Seco,0.9395188
-95.65305410423815,17.455266554029368,Noreste,Matorral Seco,0.6873735
-106.25989891172918,23.17681467870176,Noroeste,Matorral Seco,0.29923528
-101.10078167824982,24.806656911712555,Noreste,Selva Húmeda,0.9183641
-100.0543437484141,27.773778948988987,Noreste,Pastizal,0.98314434
-103.34473583933662,27.644422063041546,Noreste,Bosque Templado,0.982775
-101.0859817460563,20.0987574828131,Occidente,Matorral Seco,0.4335353
-97.96766653359218,16.794803333835834,Noreste,Selva Húmeda,0.39537647
-104.5040701702325,28.344275228583868,Noreste,Selva Húmeda,0.8283394
-98.57430013684315,19.67904178135078,Centro,Matorral Seco,0.3103
-103.53339684911721,23.52153261764503,Centro,Bosque Templado,0.5577229
-110.21302930632335,24.072666965751353,Noroeste,Selva Húmeda,0.992375
-109.16575251558343,27.315685986981862,Noroeste,Pastizal,0.99121755
-107.66018814841415,29.7031887623033,Noreste,Selva Húmeda,0.9874241
-99.88240330575557,17.908811026240965,Sur,Manglar,0.5571435
-98.4601220699009,24.09969365406705,Noreste,Matorral Seco,0.57709587
-98.58019303671414,16.558234568725666,Sur,Manglar,0.30800587
-115.33985804629836,30.794918074454635,Noroeste,Bosque Templado,0.99997306
-102.99596744816382,19.50928061767808,Occidente,Pastizal,0.53013057
-109.71269017620128,31.074078115042482,Noroeste,Bosque Templado,0.6536694
-105.50118548661786,27.87592324352593,Noreste,Matorral Seco,0.6975018
-86.84390159979397,21.209875242976395,Sureste,Pastizal,0.00021764706
-97.17425846628856,19.062637282914817,Sureste,Matorral Seco,0.31492352
-107.98276847367777,30.864675065173987,Noreste,Selva Húmeda,0.47957647
-91.25953522698534,18.319340582518496,Sureste,Bosque Templado,0.35604116
-106.39567081562218,28.29071650040034,Noreste,Manglar,0.33771175
-101.8370649788553,22.294724910074372,Centro,Bosque Templado,0.16175294
-99.94436350327341,27.408449842502836,Sur,Bosque Templado,0.46696648
-103.51739951967532,22.434341247001544,Centro,Matorral Seco,0.35899413
-99.0809749755986,25.483774062249218,Sur,Manglar,0.43634117
-101.95516994469793,27.17327931815217,Noreste,Bosque Templado,0.9889861
-94.74590634003286,18.01266150312696,Sureste,Matorral Seco,0.31821764
-99.0828545784006,17.893740081503324,Sur,Matorral Seco,0.5120688
-106.39947298510141,26.32516533087514,Noreste,Pastizal,0.8721518
-108.85390462939843,31.089870589700315,Noroeste,Selva Húmeda,0.7705853
-93.89351028450737,16.77984330472095,Sureste,Pastizal,0.32112354
-104.41797185135924,21.204784057111894,Occidente,Bosque Templado,0.8913594
-88.64424922704477,20.906913560938378,Sureste,Matorral Seco,0.6363288
-100.41779009762638,28.022472978130274,Noreste,Selva Húmeda,0.9592624
-104.7692642589187,27.179016602377576,Noreste,Manglar,0.77665585
-103.81663508927049,20.999164420240515,Occidente,Manglar,0.6262665
-104.05970324803559,28.95170088526763,Noreste,Selva Húmeda,0.6814371
-100.3817876503672,24.415520656279377,Sur,Bosque Templado,0.7259088
-103.27043546334929,28.72649786066172,Noreste,Bosque Templado,0.9736774
-90.34960515102064,19.58945797964029,Sureste,Selva Húmeda,0.6198653
-89.93690836824145,18.98548476297998,Sureste,Bosque Templado,0.9338194
-89.95673292314238,19.4282854775425,Sureste,Selva Húmeda,0.6665706
-95.30132997716275,17.784695251618118,Sureste,Matorral Seco,0.42801178
-105.90856097296422,29.50679287804973,Noreste,Pastizal,0.9400812
-98.92868090280304,22.09096343651008,Centro,Selva Húmeda,0.99999624
-107.35599774952624,28.65108484865958,Noreste,Pastizal,0.97998196
-88.27730804203131,19.758328105201883,Sureste,Selva Húmeda,0.84860647
-92.82796527495049,16.20728452881709,Sureste,Bosque Templado,0.3855706
-96.81420602614214,19.67616871280621,Sureste,Manglar,0.35596472
-100.96459075896773,19.813638600717795,Occidente,Selva Húmeda,0.1776
-102.4381121455833,25.284861895226683,Noreste,Pastizal,0.9833016
-103.99439033783264,23.399957449156695,Centro,Selva Húmeda,0.94108236
-108.36914921970057,30.980991299572953,Noreste,Pastizal,0.6524706
-102.80239186043906,20.853228940504845,Occidente,Selva Húmeda,0.07538824
-110.00464309283191,27.78929781414341,Noroeste,Selva Húmeda,0.84947705
-87.58248900591391,20.814540258428348,Sureste,Matorral Seco,0.73849237
-102.25322667838587,19.098683450269476,Occidente,Bosque Templado,0.17647646
-97.72401885059514,17.954666396521965,Noreste,Pastizal,0.38591176
-102.67199699715658,24.2902923757076,Centro,Manglar,0.42227647
-108.56491505411864,27.071524876458106,Noreste,Pastizal,0.8817141
-107.62724335948569,27.88753900774085,Noreste,Matorral Seco,0.90368825
-109.18481675291724,27.509203145241827,Noroeste,Selva Húmeda,0.9971465
-113.8831981909139,28.1162320600525,Noroeste,Bosque Templado,0.96104765
-107.50248611810532,27.026644778039287,Noreste,Selva Húmeda,0.94792706
-101.93421330480273,22.281548331749544,Centro,Pastizal,0.3716
-99.10711487429163,20.26465668336805,Centro,Bosque Templado,0.16152354
-109.29388746281172,31.24372771981035,Noroeste,Matorral Seco,0.8748235
-101.75144963275692,18.429906332048095,Sur,Bosque Templado,0.75501764
-106.82410633347986,24.327326026590118,Noroeste,Selva Húmeda,0.34734705
-92.29796685659323,15.878842697913353,Sureste,Pastizal,0.4870547
-117.00400765108633,32.538703089512985,Noroeste,Matorral Seco,0.0
-109.88298961443947,28.84845611580482,Noroeste,Pastizal,0.99782753
-112.7120647234775,31.414910806678307,Noroeste,Manglar,0.93423647
-105.1809616870891,21.955567968116615,Occidente,Manglar,0.194
-99.55918743820735,23.83232474111566,Sur,Pastizal,0.61058176
-102.72245526094642,21.11169693713459,Occidente,Manglar,0.38954118
-98.3203093217296,18.490948936761068,Centro,Bosque Templado,0.65488297
-92.88761327373017,17.848575223021502,Sureste,Pastizal,0.3949647
-107.08019340565441,30.40110845118706,Noreste,Bosque Templado,0.1762647
-95.2477434394451,18.02034668794875,Sureste,Selva Húmeda,0.37355295
-102.1032797182356,18.922499228223213,Occidente,Manglar,0.17692353
-101.03546882549024,28.884180235577304,Noreste,Selva Húmeda,0.8649453
-110.19289424580735,24.077273258027006,Noroeste,Pastizal,0.9975742
-115.90226153469177,30.702513320029777,Noroeste,Selva Húmeda,0.76186645
-104.94766934032,21.31085446623478,Occidente,Manglar,0.60571235
-111.50620807012413,28.69609677025004,Noroeste,Selva Húmeda,0.3561059
-110.0131834627514,27.330030283633636,Noroeste,Manglar,0.16098824
-107.98815350475387,27.31947501032454,Noreste,Matorral Seco,0.9602829
-90.331218413178,20.324582397914128,Sureste,Manglar,0.83491236
-107.02993219381489,25.747597922182987,Noreste,Bosque Templado,0.89393884
-108.17075644543277,28.084677044827306,Noreste,Bosque Templado,0.9613735
-103.93430468376167,28.316099777146196,Noreste,Manglar,0.8906559
-97.86386956937602,24.908863173493433,Noreste,Selva Húmeda,0.29268235
-94.78289617114908,16.85377698464521,Noreste,Matorral Seco,0.99656475
-89.68124120010275,19.02357163372255,Sureste,Selva Húmeda,0.83745706
-105.1629956954233,20.841424049203585,Occidente,Selva Húmeda,0.19957058
-106.36570491119514,30.029336614806695,Noreste,Bosque Templado,0.1764706
-102.81201305947572,22.681001041601817,Centro,Selva Húmeda,0.45984766
-91.33894669718316,18.18338862963747,Sureste,Bosque Templado,0.33152354
-97.3219974907025,20.242206550851222,Centro,Matorral Seco,0.3120647
-112.68986415966762,30.06615737961204,Noroeste,Manglar,0.9694359
-102.20225210532301,26.449984596614986,Noreste,Pastizal,0.9604012
-96.53638597397031,16.441979544604003,Noreste,Pastizal,0.41870588
-108.93891343018927,28.171105839256654,Noreste,Bosque Templado,0.79445
-108.87437527825782,27.914587204156753,Noreste,Selva Húmeda,0.93474
-99.52448413690757,24.779341683278417,Sur,Manglar,0.99741524
-90.76544376680462,19.24110463505006,Sureste,Selva Húmeda,0.52829766
-90.44387727528824,18.042913239996803,Sureste,Manglar,0.632
-110.5735354170763,30.94876885703714,Noroeste,Manglar,0.8634894
-98.23534813170804,24.665416613586707,Noreste,Manglar,0.28517646
-96.893043958621,17.650154067774572,Noreste,Matorral Seco,0.8141271
-98.95740637316293,21.062856654514235,Centro,Pastizal,0.5238282
-100.36520565135213,24.712879873395497,Sur,Bosque Templado,0.9923254
-105.95741551723988,27.73372819162989,Noreste,Pastizal,0.71934295
-104.52360653467163,20.598038296682194,Occidente,Selva Húmeda,0.30855295
-113.37765818756365,27.769272130944906,Noroeste,Matorral Seco,0.8256153
-103.06637797989534,20.77314447477107,Occidente,Selva Húmeda,0.24507648
-93.65617982821234,18.21752183446539,Sureste,Manglar,0.39158824
-103.69471008828013,20.280287131257897,Occidente,Pastizal,0.59574825
-113.05481891106605,27.393172100546956,Noroeste,Manglar,0.99255896
-98.18080508170364,20.19851484106958,Centro,Selva Húmeda,0.7336282
-103.56418916883787,27.250229986507286,Noreste,Matorral Seco,0.96920884
-100.8708938164164,20.232557490992274,Centro,Manglar,0.14487647
-102.73186119852596,23.425438041903867,Centro,Pastizal,0.3584353
-115.3356176936695,30.0273384988366,Noroeste,Selva Húmeda,0.9730921
-102.81825490938358,22.472340807213403,Centro,Selva Húmeda,0.44003528
-102.1678518731293,21.719999481694053,Occidente,Selva Húmeda,0.35899413
-101.51263631222594,27.391777203859128,Noreste,Pastizal,0.97287375
-87.7695930256585,18.73821126843844,Sureste,Pastizal,0.9575741
-111.02124281653239,24.550776776600248,Noroeste,Selva Húmeda,0.94108355
-112.4685990112202,27.04713467721997,Noroeste,Selva Húmeda,0.99611366
-112.24461790136182,30.72086703114114,Noroeste,Selva Húmeda,0.6927565
-104.94917899912375,27.39524671404543,Noreste,Manglar,0.63472646
-101.36982322676614,24.32816672836831,Centro,Matorral Seco,0.96490353
-112.75929642021829,26.51352670848716,Noroeste,Bosque Templado,0.96039057
-103.67483346111993,20.237801346191848,Occidente,Manglar,0.5991135
-99.4551255819118,18.567992634342612,Sur,Selva Húmeda,0.59069884
-100.95804988170988,26.590477253792038,Noreste,Selva Húmeda,0.97709817
-101.62392717493724,23.2014433116438,Centro,Manglar,0.9893222
-101.47245099542215,19.003413224332608,Occidente,Matorral Seco,0.65355295
-101.27055705783823,23.353503411259467,Centro,Pastizal,0.7022941
-89.68099458395768,19.69410479350251,Sureste,Bosque Templado,0.005752941
-103.08730709699927,25.534315589465304,Noreste,Bosque Templado,0.71236765
-110.83390230700255,28.981152810721515,Noroeste,Manglar,0.6472247
-111.41940865089232,30.963372139006832,Noroeste,Selva Húmeda,0.8520359
-103.68482299276111,20.728915296355495,Occidente,Bosque Templado,0.17880589
-97.47929954717598,21.68665180838491,Sureste,Matorral Seco,0.43061176
-112.98727627975353,27.59466624719194,Noroeste,Manglar,0.9900378
-112.37743519023739,30.90146914825996,Noroeste,Manglar,0.9560394
-100.37791857527374,26.451955942511972,Sur,Matorral Seco,0.97541934
-103.49164289146913,19.079726200036557,Occidente,Selva Húmeda,0.20929411
-90.58484968479773,19.24377350558957,Sureste,Manglar,0.26891178
-99.95982787883207,23.982589643046502,Sur,Pastizal,0.5247047
-88.5722424106141,19.442838896100035,Sureste,Pastizal,0.6842612
-109.6576665521359,31.130553797550053,Noroeste,Bosque Templado,0.7959465
-104.54953399201354,19.22041952469212,Occidente,Pastizal,0.17648235
-110.83370996607451,29.692808344769965,Noroeste,Matorral Seco,0.64252234
-101.0087845417858,24.29671277085083,Centro,Selva Húmeda,0.98066705
-103.88501634131784,21.620113910818116,Occidente,Pastizal,0.61221
-100.32428313573779,22.95872461205608,Centro,Selva Húmeda,0.97057885
-105.11499074799065,27.25407080229544,Noreste,Bosque Templado,0.78109646
-95.90279334534664,16.728733001777204,Noreste,Pastizal,0.4040294
-102.27918270778802,20.080339620542386,Occidente,Manglar,0.56304765
-97.82522955864216,16.829412982525668,Noreste,Manglar,0.8842235
-95.16112322145949,16.377991161181026,Noreste,Selva Húmeda,0.22395882
-93.38111284695799,16.46293373215395,Sureste,Pastizal,0.2388647
-101.35701640029399,23.616197643175493,Centro,Matorral Seco,0.9934156
-101.58353282409593,28.749267787719123,Noreste,Pastizal,0.8851359
-97.71214931106806,16.625900067944944,Noreste,Manglar,0.6271494
-106.74501521756346,27.057320055369537,Noreste,Matorral Seco,0.9680647
-97.4254084377944,19.607743785230788,Sureste,Manglar,0.76409763
-107.68266569755772,24.640233337023243,Noroeste,Matorral Seco,0.17644706
-110.11550795360539,23.340059435483195,Noroeste,Bosque Templado,0.9972513
-98.55062408022195,24.364362603778524,Noreste,Manglar,0.62424
-101.90890868083808,28.851891825124408,Noreste,Selva Húmeda,0.8009894
-101.4723372680241,24.16917990465379,Centro,Manglar,0.9705753
-106.15756236369195,24.12446713807166,Noroeste,Pastizal,0.9799182
-110.85582629391335,31.0574377095102,Noroeste,Matorral Seco,0.72762704
-88.77491001921197,19.892753471100832,Sureste,Bosque Templado,0.64201057
-114.86514957328342,32.050901107285455,Noroeste,Matorral Seco,0.8345459
-99.84146431239272,24.801569824540874,Sur,Pastizal,0.9073071
-94.69327432888007,18.306907463952623,Sureste,Matorral Seco,0.42063528
-100.01083525612476,18.31124110936084,Sur,Bosque Templado,0.60838354
-98.38648398662825,24.810684288776848,Noreste,Selva Húmeda,0.8559094
-107.88570461520226,26.652191945227656,Noreste,Manglar,0.9815063
-100.37646656517842,19.721761752556645,Occidente,Matorral Seco,0.9336771
-106.6799391413912,30.980270766056275,Noreste,Matorral Seco,0.84788764
-107.81349721318867,28.64894347795276,Noreste,Matorral Seco,0.9715867
-99.6877806883576,19.53311396002847,Centro,Pastizal,0.29265884
-100.79388165453118,23.187563745005,Centro,Pastizal,0.82802296
-100.7790267579025,22.08918087993689,Centro,Bosque Templado,0.8986235
-104.69657128721768,29.741191764233324,Noreste,Matorral Seco,0.94928354
-100.92933186539143,20.01352431026051,Occidente,Bosque Templado,0.7016324
-104.8603261204188,27.742485794814357,Noreste,Bosque Templado,0.63028294
-99.90404331132203,18.211044832475533,Sur,Matorral Seco,0.6658153
-109.12058735399631,26.71641071914067,Noroeste,Manglar,0.9398594
-109.2777947325937,27.861379032337783,Noroeste,Manglar,0.98637605
-113.33564281439673,29.176275950313592,Noroeste,Matorral Seco,0.9684553
-107.92298706260871,31.00434061859107,Noreste,Matorral Seco,0.84016764
-107.74294056295987,30.10918382159318,Noreste,Selva Húmeda,0.17657647
-88.35106239755433,19.708210275982047,Sureste,Manglar,0.5995082
-101.89732964536948,18.61952497653835,Occidente,Selva Húmeda,0.59772646
-102.77727869842056,18.151763945128057,Occidente,Manglar,0.63041764
-107.40227496071056,25.114227566899512,Noroeste,Pastizal,0.95872825
-101.47608684522136,17.929565663898792,Sur,Bosque Templado,0.9557623
-103.37351663290069,20.970789916518157,Occidente,Manglar,0.8779412
-104.05335826485937,28.618553849576926,Noreste,Pastizal,0.55607235
-102.90293696261658,26.794964231059083,Noreste,Selva Húmeda,0.8946947
-106.98043556097929,26.722687107909902,Noreste,Bosque Templado,0.6393206
-102.50881385828562,20.014714546375917,Occidente,Selva Húmeda,0.36594117
-100.64456000037707,19.72199896883567,Occidente,Bosque Templado,0.15438235
-107.50695602301717,25.87845839782576,Noroeste,Pastizal,0.9687247
-105.85810275814296,30.304681407497046,Noreste,Matorral Seco,0.87581706
-107.18040614947107,29.550229503455157,Noreste,Bosque Templado,0.6497612
-104.90256670506047,30.172159322099933,Noreste,Manglar,0.82603294
-101.57659761833538,22.317641365417888,Centro,Pastizal,0.2753
-102.45158742554935,27.260450421841472,Noreste,Pastizal,0.93651175
-102.86535760670617,24.412561129190415,Centro,Selva Húmeda,0.7356076
-102.31707535972986,18.523614813977062,Occidente,Matorral Seco,0.52657175
-107.88765697460173,25.357187393271996,Noroeste,Bosque Templado,0.27849412
-107.45426239232607,26.968915219755523,Noreste,Bosque Templado,0.98965603
-92.11302804271006,15.958678293158144,Sureste,Matorral Seco,0.26997647
-105.09945011781102,20.998427382812242,Occidente,Selva Húmeda,0.9635782
-104.70287536765765,27.926676758213116,Noreste,Matorral Seco,0.7756306
-105.31244344307166,27.427272952753498,Noreste,Selva Húmeda,0.5091894
-99.08654663151353,21.134959099090523,Centro,Manglar,0.82499415
-110.26276526521737,29.579323645397018,Noroeste,Pastizal,0.85800177
-98.62929276717082,25.73665888778701,Sur,Bosque Templado,0.5069041
-107.18034944179824,30.554705457912917,Noreste,Bosque Templado,0.9025147
-95.9851338890583,16.84606510610929,Noreste,Pastizal,0.6119206
-99.36079386497542,22.48452154779045,Centro,Matorral Seco,0.8161876
-102.22371289059247,21.121082099551618,Occidente,Selva Húmeda,0.36972353
-92.03242402790639,17.54510625592931,Sureste,Manglar,0.5342376
-99.30661975026864,20.45104949742196,Centro,Bosque Templado,0.84218645
-104.34953486199585,21.03043312036499,Occidente,Selva Húmeda,0.33872354
-97.90374246378023,22.06611233307993,Sureste,Manglar,0.40131176
-99.20140049316248,20.167742093648506,Centro,Bosque Templado,0.16148235
-92.4273248488304,15.16269061089795,Sureste,Pastizal,0.3764059
-107.30724094731124,28.61222101726666,Noreste,Matorral Seco,0.90803057
-97.31489770085894,25.47531153245445,Noreste,Manglar,0.9777376
-109.1140389541719,26.52752861325656,Noroeste,Selva Húmeda,0.02337647
-100.19308178148653,27.710807044545007,Sur,Manglar,0.73142
-98.84766080052293,18.130085217168414,Centro,Bosque Templado,0.8680247
-100.97920157986383,21.862684171276758,Centro,Manglar,0.46743882
-101.07111201032036,20.7973079119199,Centro,Manglar,0.5399029
-105.39633706288652,26.63579634253398,Noreste,Bosque Templado,0.3637647
-101.20163769470646,18.11547704369221,Sur,Bosque Templado,0.7940253
-116.07213654123734,31.849407593359256,Noroeste,Pastizal,0.90978885
-111.83504600504001,29.277127855098804,Noroeste,Selva Húmeda,0.91464764
-104.3224712912234,27.82391269766677,Noreste,Selva Húmeda,0.63287884
-99.55327477698962,19.98353657755316,Centro,Manglar,0.59061235
-109.8525746114686,31.173004352271974,Noroeste,Matorral Seco,0.69559
-103.47186398875417,20.42933332854919,Occidente,Bosque Templado,0.5766412
-98.64469057802793,19.951881502368202,Centro,Bosque Templado,0.25007647
-87.58640568852051,19.083425923322135,Sureste,Manglar,0.972087
-115.44944637928485,31.75886818737834,Noroeste,Matorral Seco,0.99789715
-109.17129043261292,26.241934689271538,Noroeste,Manglar,0.79197174
-110.71221973294556,24.168947316178304,Noroeste,Bosque Templado,0.99628204
-92.83987960237613,15.922940915955072,Sureste,Manglar,0.9408794
-94.77684070444457,17.02290016291526,Noreste,Manglar,0.94247353
-105.81421334071707,30.842673869526685,Noreste,Selva Húmeda,0.5039453
-100.73108056809285,19.028064880211666,Occidente,Manglar,0.7997694
-100.61254141515033,17.829933746075532,Sur,Manglar,0.8627494
-99.90738907696309,25.881212278378776,Sur,Matorral Seco,0.8067612
-100.1049171526257,24.678885829497716,Sur,Manglar,0.76087236
-105.12797586803589,27.600957001818006,Noreste,Manglar,0.3055412
-101.09418232333452,25.791592567249012,Noreste,Selva Húmeda,0.95056
-92.33591842417044,16.453476640353884,Sureste,Matorral Seco,0.5927106
-108.62378559178012,30.26995877371381,Noroeste,Bosque Templado,0.9785775
-95.87618164446368,16.843833880837828,Noreste,Matorral Seco,0.76447767
-99.20018057646396,25.939349391088935,Sur,Selva Húmeda,0.4508247
-100.10103499285435,19.174011382307786,Centro,Matorral Seco,0.29267058
-106.17103373014903,29.41819884921839,Noreste,Selva Húmeda,0.9586147
-102.83933761299234,21.282380978376676,Occidente,Bosque Templado,0.30945295
-101.59785158042719,21.37349694690952,Centro,Manglar,0.73382294
-103.96069244734267,21.36024472133103,Occidente,Manglar,0.84070355
-105.57051153021337,23.067138881217204,Noroeste,Bosque Templado,0.98079455
-100.7735318615871,22.67794420270476,Centro,Pastizal,0.77596825
-92.69884559980285,17.53436631307752,Sureste,Pastizal,0.39614707
-114.49519610644255,29.457852402744045,Noroeste,Manglar,0.98241365
-99.76931752080276,17.29491255504399,Sur,Matorral Seco,0.99380636
-99.48801709060982,20.865166708517425,Centro,Bosque Templado,0.5538559
-97.9180002543124,18.473384579379733,Centro,Bosque Templado,0.0113294115
-95.93765882468125,16.191530898057053,Noreste,Manglar,0.68470234
-90.67167966645079,18.00215222457034,Sureste,Manglar,0.33641177
-107.45741713746129,28.352718403879233,Noreste,Matorral Seco,0.29405883
-93.37398607089897,16.426920045036123,Sureste,Pastizal,0.6555847
-108.51598671677328,25.692995799756208,Noroeste,Matorral Seco,0.17637648
-97.74191253595171,18.859708906305116,Centro,Bosque Templado,0.1743353
-91.2092109224036,18.618562826059478,Sureste,Matorral Seco,0.9713558
-108.89063589739136,30.26333279687441,Noroeste,Manglar,0.7001747
-98.59496029214783,20.17001987673945,Centro,Matorral Seco,0.86492413
-94.75770930155988,16.679561807637707,Noreste,Matorral Seco,0.35684118
-102.84108278876668,29.257661107465353,Noreste,Manglar,0.99972475
-87.53438202026402,20.66599875111961,Sureste,Bosque Templado,0.96024644
-99.38251675100739,18.903942410240003,Sur,Selva Húmeda,0.92768294
-99.32074134459481,19.682217677342006,Centro,Pastizal,0.22205882
-100.68131726948666,26.03621147297271,Sur,Bosque Templado,0.9703323
-100.57637136558733,17.901367839614522,Sur,Pastizal,0.8368847
-115.2115602306139,31.98197492773912,Noroeste,Selva Húmeda,0.94771296
-106.21711965264575,23.961802722867716,Noroeste,Matorral Seco,0.95941
-111.21072991573583,24.295320334117502,Noroeste,Manglar,0.95682293
-87.76198790431603,20.06174044776017,Sureste,Matorral Seco,0.9871438
-102.69082997156401,22.65844840226465,Centro,Bosque Templado,0.52724826
-104.53392986144354,26.390770987451326,Noreste,Bosque Templado,0.96784943
-98.71653515291291,17.776551331999933,Sur,Manglar,0.6562065
-92.70774130220674,17.573477546018516,Sureste,Matorral Seco,0.9516453
-94.1897862787173,16.22096412084217,Noreste,Matorral Seco,0.3153
-101.03940102628957,24.774565286429215,Noreste,Selva Húmeda,0.7997724
-103.87734566308548,23.337880065287305,Centro,Pastizal,0.61620235
-108.27525649326255,25.5287312671473,Noroeste,Manglar,0.1814647
-114.36208396302746,32.18206967351797,Noroeste,Selva Húmeda,0.98553896
-112.2658675510179,26.998611978893056,Noroeste,Matorral Seco,0.99741256
-99.05077530272038,21.555648750798568,Centro,Bosque Templado,0.4122353
-102.88462329417226,28.700969596234437,Noreste,Bosque Templado,0.96899587
-91.15525424978344,16.665526477084583,Sureste,Manglar,0.99360025
-88.52983740094206,20.747272005910368,Sureste,Pastizal,0.64696646
-108.58276449115309,27.346630907493743,Noreste,Manglar,0.99156904
-102.91679500377177,21.390735863176605,Centro,Selva Húmeda,0.55980176
-112.50979935408596,26.901879886705466,Noroeste,Manglar,0.99688065
-105.65785653250552,28.257004116174418,Noreste,Matorral Seco,0.67871237
-98.17470235996473,25.07871491770258,Noreste,Manglar,0.7828247
-113.79124561609615,29.051991781438083,Noroeste,Pastizal,0.9201612
-101.17819497584202,18.429576100617652,Sur,Pastizal,0.50141823
-90.30619846954794,17.91118857321731,Sureste,Pastizal,0.97816193
-100.2979406601343,19.115706326767494,Centro,Bosque Templado,0.0046235295
-104.68501441962302,20.330351856508358,Occidente,Pastizal,0.34767646
-114.6728347859846,29.35300120472391,Noroeste,Manglar,0.99027574
-91.82701073777935,16.457304862374336,Sureste,Matorral Seco,0.56967473
-93.08703623820192,15.608800660295126,Sureste,Bosque Templado,0.3557059
-103.80649771242443,20.53945465363169,Occidente,Manglar,0.1804647
-106.14577773546122,23.013348871442364,Noroeste,Manglar,0.29931176
-104.84351594081681,27.998454222500236,Noreste,Matorral Seco,0.70033824
-107.78292270666806,30.36338824874687,Noreste,Selva Húmeda,0.40589413
-101.29931769192238,22.07687507382162,Centro,Selva Húmeda,0.49583822
-98.68692030287468,23.162694450496954,Noreste,Manglar,0.6618959
-99.10518328287765,18.15030801575053,Sur,Manglar,0.6059182
-107.58396207332315,26.21880369634442,Noreste,Selva Húmeda,0.9930261
-113.38394340770674,28.131017774351548,Noroeste,Matorral Seco,0.9847298
-105.30583339104493,30.08573229931903,Noreste,Manglar,0.96979237
-99.47896070961431,20.80740996780551,Centro,Pastizal,0.84847116
-89.56455922582047,20.9878826155782,Sureste,Selva Húmeda,5.882353e-06
-96.68942785989098,16.16361268965696,Noreste,Matorral Seco,0.61290294
-98.18979661241289,18.519592279645614,Centro,Bosque Templado,0.7889318
-94.8527395582664,17.033171354952533,Noreste,Bosque Templado,0.4876453
-103.93901446144365,26.993261574172024,Noreste,Manglar,0.8873818
-89.44036154287052,18.75109348960681,Sureste,Manglar,0.8112682
-103.10918831133527,21.613887452526296,Centro,Manglar,0.53031
-102.19474347141646,22.52256132820371,Centro,Selva Húmeda,0.43551177
-100.87075004059838,28.833585426485115,Noreste,Selva Húmeda,0.9358
-98.44905323985711,22.72109829616861,Noreste,Manglar,0.3017294
-109.52863378104486,27.92093813263552,Noroeste,Bosque Templado,0.9759356
-98.22896978946858,17.68660902806081,Noreste,Pastizal,0.9965373
-87.15180765848167,21.320567499861703,Sureste,Selva Húmeda,0.88734293
-102.41060377558007,20.408824092923968,Occidente,Matorral Seco,0.2146
-105.35795737938527,30.042381529506315,Noreste,Pastizal,0.9453753
-102.95068819812577,18.247343169020358,Occidente,Bosque Templado,0.57038116
-99.93453165394472,26.00576905138768,Sur,Pastizal,0.9807178
-99.93303521209931,20.187796860780924,Centro,Matorral Seco,0.41587058
-111.87309614707212,26.022809367844314,Noroeste,Bosque Templado,0.98699963
-96.88367082354193,16.43093571686052,Noreste,Selva Húmeda,0.9405447
-101.58182075203169,22.23675678106943,Centro,Pastizal,0.3451294
-97.8335405141425,18.51436811003575,Centro,Bosque Templado,0.24657647
-92.5868720015901,17.41304373661357,Sureste,Pastizal,0.86194766
-99.98299891188309,27.735786276435388,Noreste,Selva Húmeda,0.7551694
-97.94962034253061,23.006014956923497,Noreste,Matorral Seco,0.42899412
-107.59461249158882,25.330799318774684,Noroeste,Matorral Seco,0.9183312
-99.5445081093689,20.343938418533444,Centro,Selva Húmeda,0.22027059
-93.04983745662994,18.21919042616491,Sureste,Pastizal,0.33817646
-100.51609893160175,23.03256452436182,Centro,Bosque Templado,0.16915882
-92.21926069776383,16.06005931084356,Sureste,Bosque Templado,0.24429412
-105.44170376537457,21.99803140056862,Occidente,Matorral Seco,0.33204705
-101.28717553144614,21.458135029701662,Centro,Matorral Seco,0.85272884
-95.82567502589356,18.62195442853764,Sureste,Bosque Templado,0.9858166
-108.73532674852879,27.66148111897245,Noreste,Matorral Seco,0.98102146
-88.74325520771222,18.482092101837917,Sureste,Manglar,0.6244782
-102.00546899644478,19.55815486940138,Occidente,Bosque Templado,0.919413
-88.85334558847326,19.167832759355907,Sureste,Pastizal,0.7120606
-102.70675681712063,19.76427394053284,Occidente,Pastizal,0.28962353
-109.26754884023745,28.590054635551336,Noroeste,Bosque Templado,0.67008823
-106.91301539036748,24.460743078891433,Noroeste,Bosque Templado,0.9955829
-102.67351950232195,18.859857825638457,Occidente,Bosque Templado,0.68712586
-110.22061677912079,23.60971586944269,Noroeste,Matorral Seco,0.60614294
-113.47322302401969,28.907532956501697,Noroeste,Selva Húmeda,0.9470594
-105.81136245269414,30.532844393055406,Noreste,Bosque Templado,0.94270587
-95.8618184600559,16.763516390540065,Noreste,Selva Húmeda,0.6920753
-113.75362739276207,28.0446374110303,Noroeste,Selva Húmeda,0.88595176
-102.52887993443949,26.528214571601435,Noreste,Selva Húmeda,0.9765256
-106.7168895607112,29.504357681775176,Noreste,Pastizal,0.9171441
-99.7937115041956,25.823195598321355,Sur,Selva Húmeda,0.9858234
-96.4776991257977,17.294100538462455,Noreste,Pastizal,0.3569353
-100.1117147127948,19.143455990346325,Centro,Selva Húmeda,0.82617766
-102.91902361998117,19.617286317019495,Occidente,Manglar,0.61998767
-100.49986837840024,17.353036554629796,Sur,Selva Húmeda,0.64581764
-102.20871792228739,21.008737031435313,Occidente,Bosque Templado,0.36837646
-98.8290662836154,21.86422377282819,Centro,Matorral Seco,0.35175294
-107.80857837947458,25.058293827739508,Noroeste,Pastizal,0.2016
-104.40922162844899,19.73288212169891,Occidente,Manglar,0.8522047
-100.39445806940572,21.748435340548227,Centro,Manglar,0.84201
-108.67951004435355,28.923291990495372,Noreste,Pastizal,0.8867341
-98.06971143611719,21.05950090661486,Sureste,Selva Húmeda,0.30044118
-108.14087220367043,30.333585006929358,Noreste,Pastizal,0.79930234
-108.7000468457465,29.704217474084956,Noroeste,Bosque Templado,0.9915201
-94.90294741396501,16.960519641937655,Noreste,Manglar,0.6833729
-101.4816646680627,29.49899108386946,Noreste,Manglar,0.97901005
-100.4363246228288,18.65705883954246,Sur,Manglar,0.6573871
-102.10827984221334,19.39035923693757,Occidente,Selva Húmeda,0.26931176
-94.68178191122475,17.183325329890184,Noreste,Pastizal,0.9095694
-103.61818921795258,23.589752219974095,Centro,Bosque Templado,0.6967118
-98.39091507537275,18.810510244498666,Centro,Manglar,0.45070294
-96.17807444786997,16.717625617855685,Noreste,Matorral Seco,0.7101018
-98.1917482677165,23.962443869755514,Noreste,Manglar,0.46312588
-92.81343978493659,15.918639747219007,Sureste,Selva Húmeda,0.5866418
-103.70168422629618,20.313642383366233,Occidente,Bosque Templado,0.3934
-106.97382218028822,27.8794258619831,Noreste,Pastizal,0.91716415
-101.87413468108895,23.808978527673965,Centro,Manglar,0.97984713
-109.96320268467562,27.20724747225729,Noroeste,Manglar,0.17680588
-91.16005228651582,18.080764323939334,Sureste,Pastizal,0.7952459
-101.72752246328243,19.058346450807147,Occidente,Selva Húmeda,0.84373355
-100.02118087234146,24.840130560478016,Sur,Manglar,0.88045824
-96.3285244936234,17.340564535292494,Noreste,Matorral Seco,0.7280518
-100.44648162937581,22.132034230868207,Centro,Bosque Templado,0.95498645
-100.40019824666824,27.54308610947182,Noreste,Manglar,0.95711297
-91.24126564609297,18.18084955597559,Sureste,Selva Húmeda,0.91388
-103.09494691747102,19.422293134811493,Occidente,Selva Húmeda,0.7919994
-110.13904240769867,29.714434049776173,Noroeste,Manglar,0.8045982
-99.80802672314749,26.43848738821287,Sur,Selva Húmeda,0.48860705
-90.26274736934931,20.619296610449794,Sureste,Matorral Seco,0.68479174
-100.8077619084975,21.811070010047548,Centro,Selva Húmeda,0.21224117
-111.00792387684257,31.134898180629083,Noroeste,Manglar,0.7755
-106.9246438039054,27.793851641681446,Noreste,Pastizal,0.987749
-102.23400459947014,20.455475256566167,Occidente,Selva Húmeda,0.35981175
-112.30119589217384,27.328349054702777,Noroeste,Matorral Seco,0.8801
-103.56173240089542,28.37719968513435,Noreste,Bosque Templado,0.88098824
-98.35931759885379,23.59579771004897,Noreste,Pastizal,0.7203853
-106.68180497679128,26.99725953064132,Noreste,Pastizal,0.94055295
-88.95424558328912,18.62586445910121,Sureste,Bosque Templado,0.94331825
-105.56366726822527,28.434420259753114,Noreste,Manglar,0.1764
-103.27600754530334,26.522916745027317,Noreste,Bosque Templado,0.9240288
-91.58382461094145,16.81794271296284,Sureste,Matorral Seco,0.90912235
-99.47120772380684,24.03543549400306,Noreste,Matorral Seco,0.8808265
-98.10188759116737,16.511379714812033,Noreste,Selva Húmeda,0.3819588
-96.86192663578174,17.843915579764165,Noreste,Manglar,0.24677648
-110.69123729323233,24.45667949540231,Noroeste,Matorral Seco,0.9691847
-109.13739421991636,29.561615819201123,Noroeste,Selva Húmeda,0.89135826
-99.690068797697,20.82004746484298,Centro,Pastizal,0.67266
-105.4993941922454,28.479350290087396,Noreste,Pastizal,0.18434118
-108.10824314414299,29.450681482758363,Noreste,Matorral Seco,0.94888884
-99.86288921591274,27.635526825013386,Sur,Selva Húmeda,0.59329176
-100.2231063370463,27.196918762839374,Sur,Pastizal,0.39167058
-109.06065225802728,29.443266086673226,Noroeste,Pastizal,0.90596414
-102.18463242956282,19.934398629787335,Occidente,Pastizal,0.59404767
-101.43214958507811,27.50339741194856,Noreste,Selva Húmeda,0.92988
-101.52641597984919,25.616298626353228,Noreste,Bosque Templado,0.77867
-114.97379358067884,29.50568580616357,Noroeste,Manglar,0.9892445
-98.76889334593689,25.035281780443277,Noreste,Matorral Seco,0.98618346
-102.21276912848494,18.385266896792853,Occidente,Matorral Seco,0.68879706
-104.50600293334446,22.018755421764293,Occidente,Bosque Templado,0.74278414
-99.1009120978165,19.833702585823612,Centro,Bosque Templado,0.1764647
-98.37352764650959,21.51029427934137,Sureste,Matorral Seco,0.36227646
-101.12289515973089,19.958739783800866,Occidente,Selva Húmeda,0.3394706
-98.27894766772597,17.552629957552476,Noreste,Matorral Seco,0.60671824
-111.37774162406373,30.664402561254335,Noroeste,Manglar,0.93628645
-103.43309410470229,22.33300291115298,Centro,Bosque Templado,0.37862352
-110.8630045398673,24.4600426772484,Noroeste,Matorral Seco,0.99137163
-114.32797493521034,31.89046669308153,Noroeste,Pastizal,0.9979963
-105.07864140254658,26.937722415585583,Noreste,Matorral Seco,0.15348235
-99.0076772075798,17.328895089979646,Sur,Selva Húmeda,0.92274296
-108.98304929050876,29.95628920017325,Noroeste,Selva Húmeda,0.996562
-107.58015732060166,28.427375011522095,Noreste,Bosque Templado,0.95329
-92.35103983032232,17.171690061535323,Sureste,Pastizal,0.3922353
-107.06008086504208,28.6080001379516,Noreste,Matorral Seco,0.91078293
-96.21818207081652,17.987444949866024,Noreste,Bosque Templado,0.9659741
-108.23992041594416,29.09680007352706,Noreste,Matorral Seco,0.9973178
-100.3192762893989,17.200151054410163,Sur,Matorral Seco,0.98493946
-108.09055498765028,28.12630092905129,Noreste,Selva Húmeda,0.9559865
-99.57076989818799,17.885154094213657,Sur,Manglar,0.61988294
-98.84286375628886,23.262570419387806,Noreste,Pastizal,0.17023529
-101.18037042705846,21.07009284590332,Centro,Manglar,0.8735059
-103.3699225496334,25.61344097793796,Noreste,Selva Húmeda,0.4509753
-98.29916898976569,25.69840216148878,Noreste,Matorral Seco,0.2907059
-101.55944041784612,29.613131059446843,Noreste,Selva Húmeda,0.9482518
-99.5999127698793,23.461013700396148,Noreste,Selva Húmeda,0.9517953
-99.52921825766497,24.686547702099396,Sur,Manglar,0.72355115
-106.9704010429667,24.77535116011154,Noroeste,Manglar,0.8657347
-101.76344173025879,24.00002097652262,Centro,Bosque Templado,0.99962074
-104.96814458549032,20.955388791469474,Occidente,Matorral Seco,0.70029885
-110.6767774883624,30.91850717760604,Noroeste,Bosque Templado,0.5254947
-104.75924067063416,20.606896877751545,Occidente,Selva Húmeda,0.76296294
-105.58093021722864,30.54282182301514,Noreste,Manglar,0.94405824
-88.99551052986408,19.624907891692857,Sureste,Selva Húmeda,0.89134824
-98.21740025351417,22.347560965264428,Sureste,Pastizal,0.28244707
-99.29354671182912,25.379795212413033,Sur,Matorral Seco,0.6799065
-104.23165180655474,22.134357866656913,Occidente,Bosque Templado,0.68743056
-87.8572416603914,18.982490305931268,Sureste,Matorral Seco,0.89143175
-103.2250909495129,23.90431954868997,Centro,Pastizal,0.5493459
-102.57470248965906,18.888633877562558,Occidente,Matorral Seco,0.43407646
-100.17728488200328,26.680195412540577,Sur,Pastizal,0.27595884
-97.77557332058996,23.156559110992845,Noreste,Matorral Seco,0.25251764
-103.00783638434989,18.814317652915776,Occidente,Bosque Templado,0.9024277
-98.38101175467133,24.834146760615717,Noreste,Manglar,0.8313753
-105.58468449862107,29.44112237245985,Noreste,Manglar,0.8934047
-99.65910656140167,18.167873513739337,Sur,Manglar,0.6766488
-105.73081738142957,29.410708683560184,Noreste,Bosque Templado,0.83205825
-102.91065281255501,28.672597745477425,Noreste,Manglar,0.9653677
-97.98599547542365,23.219576919734838,Noreste,Selva Húmeda,0.40215883
-96.90937416765816,18.204681394543115,Noreste,Selva Húmeda,0.5113788
-90.57041188233725,18.453658440442037,Sureste,Matorral Seco,0.87673175
-114.69164922155016,29.187167048387597,Noroeste,Bosque Templado,0.9626035
-107.5555096887736,24.642863832475527,Noroeste,Pastizal,0.17639412
-102.51934472918548,22.755612505559114,Centro,Bosque Templado,0.0
-88.93078348307641,21.122530235997484,Sureste,Selva Húmeda,0.6386018
-102.80705516602278,21.965098942323394,Centro,Manglar,0.8230694
-101.3046296135795,27.290968666109016,Noreste,Manglar,0.7931035
-111.95065765779013,30.86447847864452,Noroeste,Selva Húmeda,0.77390176
-106.0129450348995,27.606054726634504,Noreste,Matorral Seco,0.39774117
-100.95318807417596,21.22350421403819,Centro,Pastizal,0.38608235
-109.27157813619375,27.711658963520595,Noroeste,Bosque Templado,0.29910588
-88.36238986241132,18.849275413619562,Sureste,Manglar,0.8545541
-98.8975419568518,23.597172215847255,Noreste,Pastizal,0.32294706
-100.09859020521372,17.79255824220241,Sur,Pastizal,0.8772088
-100.2666191034073,21.600736242383913,Centro,Bosque Templado,0.46375352
-99.88862661954903,20.55752232087423,Centro,Pastizal,0.13674118
-102.47123645036261,25.13804728994789,Noreste,Bosque Templado,0.9858843
-110.85083753195194,24.082318111368455,Noroeste,Pastizal,0.99616456
-103.49538018642477,20.32279222815954,Occidente,Bosque Templado,0.2276
-115.95312796973623,31.499164679044114,Noroeste,Matorral Seco,0.9680071
-91.29736774652086,17.65357723612451,Sureste,Bosque Templado,0.39414707
-109.0146071097794,27.153851214584886,Noroeste,Selva Húmeda,0.44051176
-97.71757139153416,18.977070417777195,Centro,Selva Húmeda,0.14702353
-111.51741652796306,28.908567954176142,Noroeste,Manglar,0.7106782
-92.25187901983269,18.28258850413352,Sureste,Pastizal,0.70390236
-115.22967868324875,29.92309427283986,Noroeste,Selva Húmeda,0.9922912
-109.70925915398509,27.475236756444293,Noroeste,Bosque Templado,0.8822359
-112.14001957788525,26.908839074118497,Noroeste,Selva Húmeda,0.9560159
-87.70483027155099,21.02326684592109,Sureste,Selva Húmeda,0.6731059
-104.25814575585444,26.84600547667685,Noreste,Manglar,0.30835882
-99.8947199368987,24.656216817801585,Sur,Bosque Templado,0.8020524
-98.54924543953679,22.22046751070939,Centro,Pastizal,0.32577646
-105.83193717101389,30.376023793475284,Noreste,Bosque Templado,0.84023297
-104.51122722194326,20.862828574344448,Occidente,Bosque Templado,0.7985788
-109.21675794232075,29.665250503152425,Noroeste,Matorral Seco,0.9037188
-99.00129239972217,21.586768653230564,Centro,Selva Húmeda,0.3094706
-113.20184563647015,27.01346618336302,Noroeste,Matorral Seco,0.84830296
-100.55607208963804,18.814724388262476,Sur,Matorral Seco,0.5799106
-111.38704847559661,24.453397014518384,Noroeste,Manglar,0.9297435
-99.19865071611918,20.65538652229349,Centro,Pastizal,0.59496355
-111.21938561759497,29.496679775598242,Noroeste,Selva Húmeda,0.8500665
-92.3570928051579,15.021900335433946,Sureste,Manglar,0.3987706
-102.65798528863608,26.080167482530978,Noreste,Matorral Seco,0.9947167
-110.06386970068601,29.37409007468254,Noroeste,Matorral Seco,0.9496135
-108.3034603319625,26.097937806452677,Noroeste,Manglar,0.9966964
-91.59049064455542,17.048595789875357,Sureste,Bosque Templado,0.42811176
-101.12812437131106,26.031384752088496,Noreste,Pastizal,0.9605418
-100.29756582765636,21.961986453894475,Centro,Bosque Templado,0.9378253
-88.37700863179106,19.334606546743778,Sureste,Manglar,0.97511876
-106.1558917837089,24.02876426662611,Noroeste,Matorral Seco,0.9978418
-112.4915379339284,30.5466962281121,Noroeste,Pastizal,0.9808866
-97.36402493677248,20.936275005609797,Sureste,Manglar,0.41554117
-115.1590701364103,30.508447079562806,Noroeste,Pastizal,0.99980533
-97.57726256130223,18.177454863607103,Noreste,Manglar,0.75853705
-98.73789394006268,22.7679961620849,Noreste,Bosque Templado,0.5800618
-103.86935563775252,28.309071196350978,Noreste,Pastizal,0.8333929
-113.62176816594618,28.257535907346707,Noroeste,Manglar,0.99272174
-100.99988292458737,28.97444105437344,Noreste,Selva Húmeda,0.9773289
-104.03476917650758,28.068101328907233,Noreste,Selva Húmeda,0.58675295
-96.99317210970366,18.224547776844844,Noreste,Matorral Seco,0.13403529
-101.50732066913304,29.578403893669588,Noreste,Manglar,0.8218959
-102.5799552830516,29.452955394789594,Noreste,Selva Húmeda,0.98327464
-114.0154623344131,28.952490183736188,Noroeste,Matorral Seco,0.9847998
-91.24459428261567,18.00647677283749,Sureste,Bosque Templado,0.34439412
-95.08108167344022,17.60221317472714,Sureste,Matorral Seco,0.34808823
-111.75159577829864,24.96882610948986,Noroeste,Manglar,0.5862041
-100.3263093864407,18.761200294690887,Centro,Matorral Seco,0.71514
-108.74369781392917,26.124288677843836,Noroeste,Pastizal,0.48362294
-96.21198768865602,15.983203639236498,Noreste,Bosque Templado,0.5554294
-101.28446630800552,22.81533833508233,Centro,Selva Húmeda,0.9763593
-110.8698684765467,24.720462399968945,Noroeste,Selva Húmeda,0.9981722
-102.01261054423746,24.635479227909002,Centro,Manglar,0.8625153
-109.07623733558323,28.81184523911106,Noroeste,Matorral Seco,0.72578764
-101.24606476827242,22.372311344236543,Centro,Manglar,0.6526806
-105.29794983594049,29.816314988382203,Noreste,Bosque Templado,0.8841647
-90.50333081994152,19.35400051048807,Sureste,Pastizal,0.62107116
-103.47085822066994,20.561389725034466,Occidente,Pastizal,0.0031647058
-106.94497358472205,29.568188875643944,Noreste,Manglar,0.85798174
-93.35581448048406,15.848178111555653,Sureste,Bosque Templado,0.58091116
-107.35983757958877,30.02736916508433,Noreste,Manglar,0.45775294
-98.98849926176685,18.721744201944972,Sur,Pastizal,0.17602941
-106.14661213887993,23.6879302293409,Noroeste,Bosque Templado,0.98128515
-101.24889689492912,25.048841522262883,Noreste,Manglar,0.45661706
-96.53284769793088,18.45410198393007,Noreste,Selva Húmeda,0.29621178
-88.97116979371442,21.117965505351176,Sureste,Selva Húmeda,0.5843441
-91.02489036558262,16.46203020990306,Sureste,Manglar,0.68088233
-101.94531556140672,21.52962417352637,Occidente,Manglar,0.35144705
-109.09237483637386,27.64680397929298,Noroeste,Manglar,0.8911918
-102.2300559397586,19.007015544060515,Occidente,Pastizal,0.1711294
-98.39996331839744,17.78393634565336,Noreste,Selva Húmeda,0.9936083
-106.22107905513785,30.89875254195491,Noreste,Manglar,0.90806115
-101.72677841337715,25.098042618595034,Noreste,Matorral Seco,0.95846236
-97.4032551749703,17.060948063832573,Noreste,Selva Húmeda,0.63340765
-98.38215426643869,22.364257026198192,Sureste,Pastizal,0.3066353
-87.85608161967907,21.421039578610937,Sureste,Selva Húmeda,0.41218236
-88.39427224181914,21.56360284085717,Sureste,Manglar,0.9983407
-97.02101380934621,16.866950465465507,Noreste,Manglar,0.8143759
-100.61048594365373,24.338900467846305,Centro,Selva Húmeda,0.9283647
-102.92540112532528,23.22177705277239,Centro,Pastizal,0.5878294
-111.64213610836427,26.704003582639324,Noroeste,Pastizal,0.7439882
-104.71014017010586,22.339724236758556,Occidente,Pastizal,0.8322118
-116.10433454370167,31.61083936762879,Noroeste,Matorral Seco,0.99924827
-105.34135662656709,28.352010084637957,Noreste,Bosque Templado,0.77640647
-107.8103960584781,27.677371937629797,Noreste,Selva Húmeda,0.96003526
-105.8442040099333,22.99887371265808,Noroeste,Selva Húmeda,0.13511176
-101.92476932716016,25.041587281669962,Centro,Manglar,0.95726645
-113.01536734977384,27.48098234999716,Noroeste,Matorral Seco,0.99559987
-87.41834285792049,21.025615479858413,Sureste,Manglar,0.75836235
-109.37220067982392,30.312172793062274,Noroeste,Manglar,0.8798659
-103.2218519869758,24.010662153327402,Centro,Pastizal,0.3959353
-105.85228223826942,30.26283232821496,Noreste,Pastizal,0.89147884
-107.8831246946029,27.872776265660356,Noreste,Selva Húmeda,0.9495812
-114.00342584231055,31.607219356647626,Noroeste,Selva Húmeda,0.99641234
-97.14877819383656,16.1037674832951,Noreste,Matorral Seco,0.16051765
-102.1160179884348,25.726433845598383,Noreste,Manglar,0.89818823
-99.49925625838293,25.495558274777157,Sur,Selva Húmeda,0.33254117
-107.8815016973094,28.777343161416752,Noreste,Bosque Templado,0.37897646
-99.8926153928179,20.784192769082907,Centro,Selva Húmeda,0.86634296
-114.21479173991037,32.010760519179144,Noroeste,Bosque Templado,0.9989274
-95.5643827352101,18.594544967905268,Sureste,Manglar,0.40624705
-98.48480070705718,20.2899027446919,Centro,Manglar,0.33967647
-108.11090799698277,28.87606119447524,Noreste,Pastizal,0.9989616
-112.06673206725877,27.000864944659078,Noroeste,Manglar,0.7940712
-100.21924741683387,21.76064834353504,Centro,Pastizal,0.57002
-107.503712882716,31.6003215012102,Noreste,Matorral Seco,0.88227177
-96.81166418036656,18.90782526753145,Sureste,Selva Húmeda,0.41888234
-108.02168679971717,27.439383433499128,Noreste,Matorral Seco,0.60219115
-104.48391696198121,20.895953920692143,Occidente,Pastizal,0.6928988
-104.06418048927479,22.488284830119273,Occidente,Bosque Templado,0.88172
-111.96480126905584,26.784123517098386,Noroeste,Bosque Templado,0.99256414
-99.4089638822409,21.745956471955417,Centro,Matorral Seco,0.55320764
-101.84164266704927,29.775450770566206,Noreste,Matorral Seco,0.98379964
-99.13829086071748,20.447223596603344,Centro,Selva Húmeda,0.1998647
-106.97058748629699,28.089494773783482,Noreste,Matorral Seco,0.17891176
-99.29493640388397,22.762522062214394,Noreste,Pastizal,0.2823059
-105.34465097435778,26.536353234372253,Noreste,Selva Húmeda,0.50653
-114.29976658882121,27.72201567936988,Noroeste,Manglar,0.9963352
-103.09755518352382,26.967321170415442,Noreste,Bosque Templado,0.95898646
-89.82694187232619,20.93015212708623,Sureste,Manglar,0.003929412
-111.8119255438541,31.543683774838875,Noroeste,Matorral Seco,0.976135
-102.58595437266308,25.749063260893983,Noreste,Selva Húmeda,0.9361018
-99.772003656243,24.604722284430686,Sur,Matorral Seco,0.8276053
-107.8272522171885,27.162583531072325,Noreste,Bosque Templado,0.94572705
-102.38571235424806,23.69724047994785,Centro,Pastizal,0.61124176
-115.19242341866006,29.47083017922066,Noroeste,Manglar,0.9913539
-105.52672384545268,28.384249194838535,Noreste,Selva Húmeda,0.1764706
-91.53856538089634,16.27819592346116,Sureste,Matorral Seco,0.83705115
-100.06583108744842,20.977563024735023,Centro,Manglar,0.7000194
-107.44919570907608,26.37514264937659,Noreste,Manglar,0.7997618
-101.76156344491761,24.241530494786137,Centro,Pastizal,0.9016306
-99.93199149862656,23.868483213720808,Sur,Bosque Templado,0.8571288
-100.22992875349773,17.52984608097054,Sur,Selva Húmeda,0.9086694
-99.19484816114641,23.334857856095198,Noreste,Matorral Seco,0.87867177
-106.82301126701078,31.09364817230346,Noreste,Matorral Seco,0.88603115
-107.32075519348483,24.62054289771066,Noroeste,Bosque Templado,0.17935883
-100.5661718596396,17.577626264038646,Sur,Matorral Seco,0.8961077
-101.63308536083152,21.527803072761436,Occidente,Pastizal,0.42061177
-99.04600752927873,25.26021026895359,Sur,Manglar,0.6435753
-105.95485133452821,29.028385676241204,Noreste,Matorral Seco,0.74463236
-100.11297641165183,22.016491864618743,Centro,Bosque Templado,0.3819588
-105.860503064934,29.67710558865226,Noreste,Bosque Templado,0.9059741
-106.67633841492086,24.08132255699744,Noroeste,Pastizal,0.9953082
-92.90391664879598,16.15939724478369,Sureste,Bosque Templado,0.45227882
-102.14077199492263,20.428608310744398,Occidente,Manglar,0.29422942
-107.71007322228476,28.28262711593063,Noreste,Bosque Templado,0.86514527
-111.88599664278573,30.863153374890786,Noroeste,Pastizal,0.97282153
-98.04800358359647,17.854576218326997,Noreste,Manglar,0.75801235
-92.17030305893411,16.036573926955416,Sureste,Matorral Seco,0.28864706
-104.30111319401828,27.696646211120015,Noreste,Pastizal,0.66329885
-102.84188158491193,26.11152036614265,Noreste,Pastizal,0.93028
-103.03763180713833,25.059175497520265,Noreste,Bosque Templado,0.72073
-103.03332689427414,22.410888293517942,Centro,Pastizal,0.6913265
-101.09849882025667,25.973271313197458,Noreste,Pastizal,0.90823764
-109.2777972714109,28.600605557128315,Noroeste,Selva Húmeda,0.7723759
-88.04076145061427,21.206138375223173,Sureste,Selva Húmeda,0.5501565
-97.31631978415493,17.507347221728914,Noreste,Manglar,0.22245294
-108.08645301619471,29.125097876336632,Noreste,Pastizal,0.29821175
-94.80199357546354,18.303850699110892,Sureste,Selva Húmeda,0.37757647
-103.74197210075049,21.37136671395552,Occidente,Manglar,0.75611824
-107.600574495341,24.936557813640015,Noroeste,Manglar,0.23064117
-91.15877320715134,18.950681795272533,Sureste,Pastizal,0.42407647
-105.98695864640526,31.242820108867246,Noreste,Matorral Seco,0.9324535
-97.3904075946866,16.208166414934176,Noreste,Matorral Seco,0.9475935
-103.39216330614529,19.312694896910223,Occidente,Selva Húmeda,0.29968825
-115.6084109698346,32.605001975664855,Noroeste,Manglar,0.13444118
-105.357273638341,22.824150636863447,Occidente,Bosque Templado,0.36489412
-108.6484367645717,31.263293519621826,Noreste,Manglar,0.72329646
-106.65844434019914,30.34172578330213,Noreste,Pastizal,0.6836865
-101.69757099454628,19.46239467671239,Occidente,Selva Húmeda,0.8576241
-98.45360163452152,24.9984696039032,Noreste,Matorral Seco,0.87356
-100.48831745715087,19.710802601530222,Occidente,Matorral Seco,0.21101765
-94.71491510832529,16.923291964766065,Noreste,Bosque Templado,0.78065354
-104.02547603010997,23.486680197458874,Centro,Manglar,0.8892653
-110.2398051131768,29.928714565497764,Noroeste,Bosque Templado,0.6022653
-101.93901133687207,27.469380697502373,Noreste,Bosque Templado,0.76542944
-89.38709650125384,18.99747869545199,Sureste,Selva Húmeda,0.6723059
-99.21397061795014,22.094699082145436,Centro,Pastizal,0.29499412
-103.99049219033049,22.101282395383148,Occidente,Selva Húmeda,0.81431884
-102.22168253193148,25.212722772081865,Noreste,Pastizal,0.95907295
-97.87182976648431,25.19100697707081,Noreste,Matorral Seco,0.53236294
-107.2096882101465,24.159490977990046,Noroeste,Manglar,0.59497
-109.80956595274874,28.606938018995706,Noroeste,Bosque Templado,0.47995472
-101.42449956657336,21.691530708525118,Centro,Pastizal,0.29794118
-89.5983994917433,19.29734922754927,Sureste,Pastizal,0.7663224
-91.67787103725713,17.20983337462661,Sureste,Manglar,0.7046282
-107.08983466855017,24.744614669717237,Noroeste,Bosque Templado,0.29497647
-111.5987291796136,29.730600667818212,Noroeste,Manglar,0.7590794
-98.92648795837847,20.583721483751823,Centro,Selva Húmeda,0.6784988
-100.55887203096233,20.261517888442707,Centro,Matorral Seco,0.4730759
-109.99521703965468,30.241551454765464,Noroeste,Pastizal,0.56111765
-89.37166346955681,17.924645876129212,Sureste,Bosque Templado,0.9514494
-100.8308003662638,22.635764362290576,Centro,Manglar,0.57824826
-89.42257177276264,20.038878326930554,Sureste,Bosque Templado,0.6867488
-96.05063399998019,17.851257006860024,Noreste,Matorral Seco,0.95543706
-103.61807547372305,21.47404864763822,Centro,Pastizal,0.42320588
-99.46281721112071,26.517940314391424,Sur,Selva Húmeda,0.31612942
-106.66418187229773,23.715709952938713,Noroeste,Pastizal,0.62615174
-111.39500321538159,25.185347974603992,Noroeste,Selva Húmeda,0.95100296
-107.59942270566265,27.676844497343083,Noreste,Manglar,0.9752444
-112.46005346878691,29.902079308034704,Noroeste,Manglar,0.98948824
-106.45185988426493,26.94074352706545,Noreste,Selva Húmeda,0.45186704
-100.82132209049892,20.1919929894745,Centro,Pastizal,0.40035295
-104.54510796675457,28.362691422779182,Noreste,Selva Húmeda,0.7345894
-114.57878163530958,29.187054831801035,Noroeste,Bosque Templado,0.98945826
-97.79784398410601,20.30313672471516,Centro,Bosque Templado,0.33504117
-116.41176370093316,32.131603645151614,Noroeste,Manglar,0.9774191
-99.73692676687843,19.660441418543446,Centro,Selva Húmeda,0.19025883
-108.00647033886077,28.519104153342695,Noreste,Pastizal,0.9923123
-101.3402663096349,27.82532538356807,Noreste,Pastizal,0.9242535
-109.78397727348468,28.915406963425415,Noroeste,Bosque Templado,0.7060659
-98.67154985016965,22.191438563963537,Centro,Bosque Templado,0.29058236
-100.89634598145823,20.217893724612544,Centro,Manglar,0.08298823
-99.00499544150408,20.69293047168809,Centro,Bosque Templado,0.6104306
-93.66456875725736,16.731542735182625,Sureste,Pastizal,0.28895295
-103.67498390712062,27.74542287418472,Noreste,Pastizal,0.9577688
-98.17130773523915,23.837330249490066,Noreste,Selva Húmeda,0.24101764
-100.80586178821538,20.904205011201835,Centro,Pastizal,0.16767646
-115.19603521442814,29.911388510050333,Noroeste,Selva Húmeda,0.92843
-102.38999499258877,26.6894955829414,Noreste,Matorral Seco,0.99167556
-87.80199172345826,21.381177848783448,Sureste,Selva Húmeda,0.62642413
-104.80682834672083,28.950536819094584,Noreste,Selva Húmeda,0.6756418
-89.0918126250913,20.611524135473896,Sureste,Bosque Templado,0.64994705
-100.24032080375221,18.901449928950264,Centro,Bosque Templado,0.3701706
-110.6200588884023,29.189316675686626,Noroeste,Selva Húmeda,0.81300884
-101.22230069898966,25.924534989075795,Noreste,Manglar,0.9982839
-109.45384114797905,23.36839581719438,Noroeste,Bosque Templado,0.99999255
-105.91513400513102,30.788218257186706,Noreste,Selva Húmeda,0.67465824
-98.16736233513053,23.18941077190426,Noreste,Manglar,0.9169247
-100.37480998686232,22.943459203129503,Centro,Manglar,0.9504953
-109.91698888831776,29.991405621202066,Noroeste,Pastizal,0.6237841
-92.06231002698442,18.433277258351545,Sureste,Pastizal,0.63319296
-99.72697612968919,19.887366920793692,Centro,Pastizal,0.18544705
-110.37611097868441,29.178761098653933,Noroeste,Matorral Seco,0.80304766
-97.75624018623071,25.48400155811059,Noreste,Pastizal,0.26627648
-114.9482355466192,30.627059170101983,Noroeste,Matorral Seco,0.9981502
-97.5619844704891,20.05234439089787,Centro,Matorral Seco,0.3194647
-102.57526287183202,22.97703092008138,Centro,Pastizal,0.36757648
-100.29082030387934,19.783577282281048,Occidente,Matorral Seco,0.35615882
-116.24280483285867,31.46366832245078,Noroeste,Bosque Templado,0.3687
-100.35919770251017,19.43562359441888,Occidente,Matorral Seco,1e-04
-102.65085930485958,21.616803754375095,Occidente,Pastizal,0.47245294
-102.5134820138371,27.822689155900985,Noreste,Pastizal,0.48633823
-106.52061044322572,23.764315173497383,Noroeste,Selva Húmeda,0.3536706
-99.5765794659056,20.40808694082906,Centro,Matorral Seco,0.42508823
-100.86750369750058,19.03659008893582,Occidente,Bosque Templado,0.55042297
-97.28754871888425,17.372386927805028,Noreste,Pastizal,0.35899413
-95.37428203813707,16.99901165402165,Noreste,Matorral Seco,0.9615841
-99.19587169425469,18.79810800082943,Sur,Bosque Templado,0.019658824
-106.61925058564253,30.753003114374362,Noreste,Manglar,0.05929412
-105.59738266818476,22.077517842374412,Occidente,Manglar,0.6482253
-97.40143136442573,19.56880763505575,Centro,Pastizal,0.65486
-102.98897767472161,28.093409059912144,Noreste,Matorral Seco,0.95169413
-98.18283459995972,16.940368479200714,Sur,Pastizal,0.9414359
-100.85629880580407,20.160562035489107,Centro,Bosque Templado,0.5471706
-106.94273028263451,31.677073632224158,Noreste,Pastizal,0.9922685
-102.32037964399002,29.54874539160126,Noreste,Pastizal,0.9332459
-108.82111145825344,28.29983233013872,Noroeste,Selva Húmeda,0.85690117
-95.31341118121802,16.368695377789955,Noreste,Matorral Seco,0.6135453
-112.19071443740623,31.41507965700319,Noroeste,Selva Húmeda,0.9938669
-98.80257637604593,21.615604838809382,Centro,Matorral Seco,0.3338353
-112.62867677084476,30.98463278755541,Noroeste,Selva Húmeda,0.96793884
-89.02512837344264,19.546176616394966,Sureste,Selva Húmeda,0.9511847
-92.90624213224561,17.872056342555574,Sureste,Manglar,0.36366472
-107.04043082209074,30.540021139155535,Noreste,Bosque Templado,0.8820588
-103.88315592763544,19.55621072941877,Occidente,Manglar,0.30344117
-95.91507982328211,16.872885061875884,Noreste,Selva Húmeda,0.56085765
-98.52555030706877,16.65308561655566,Sur,Pastizal,0.5180994
-90.34106315321735,19.896827052291897,Sureste,Pastizal,0.44431883
-92.59139525366567,15.192684506750021,Sureste,Pastizal,0.30925882
-102.34850806780054,28.288368384985738,Noreste,Pastizal,0.8212665
-89.82403382230856,17.996289006940682,Sureste,Selva Húmeda,0.8079847
-116.12917207673311,31.64089286693295,Noroeste,Selva Húmeda,0.9997571
-102.34178259551254,24.527539430234413,Centro,Matorral Seco,0.89917356
-102.18437553010354,23.705352596787293,Centro,Manglar,0.5661841
-114.68337671620364,29.47912056409955,Noroeste,Bosque Templado,0.99116987
-104.51308370623772,28.785231856833914,Noreste,Bosque Templado,0.17628823
-111.5327868460943,29.466142090350434,Noroeste,Bosque Templado,0.9643994
-90.28939666242269,18.884643901139217,Sureste,Bosque Templado,0.6168329
-99.17686414960423,23.06827699879773,Noreste,Bosque Templado,0.75344646
-87.66308823838055,21.362657195649206,Sureste,Selva Húmeda,0.89845884
-99.26936631995834,18.636744683336374,Sur,Selva Húmeda,0.048288234
-91.04238259718186,16.582839612849234,Sureste,Matorral Seco,0.9745197
-96.47883817398292,19.832675222882408,Sureste,Bosque Templado,0.41589412
-110.32545680026936,31.174675425669,Noroeste,Manglar,0.4283647
-99.33985651733555,20.887864092335356,Centro,Pastizal,0.80295587
-101.21247767119975,20.04751909433106,Occidente,Manglar,0.50858057
-96.77280341434323,16.79615948692847,Noreste,Bosque Templado,0.16779412
-106.69358430989789,23.617726021838294,Noroeste,Selva Húmeda,0.97106373
-111.47963692307478,28.807020373757993,Noroeste,Manglar,0.19128235
-114.33323976494475,29.718800831330046,Noroeste,Pastizal,0.95723826
-96.59343366828148,17.296168550979353,Noreste,Manglar,0.8798224
-104.84696251116658,28.40171685203698,Noreste,Bosque Templado,0.54276943
-111.29007543143547,31.147636023229467,Noroeste,Selva Húmeda,0.99759525
-107.0187310334515,24.813307438406916,Noroeste,Matorral Seco,0.9922751
-103.30976585038574,26.160618408159483,Noreste,Selva Húmeda,0.99352837
-107.83503349330817,26.56793856381147,Noreste,Matorral Seco,0.9859473
-112.41269334763277,31.270260550082593,Noroeste,Selva Húmeda,0.96135587
-107.81359798181526,31.29007400968673,Noreste,Manglar,0.91329765
-110.94823928227619,29.042188815667753,Noroeste,Manglar,5.2941177e-05
-103.80440882306138,27.072062929002975,Noreste,Selva Húmeda,0.90104
-89.6896753643658,18.640327634519977,Sureste,Bosque Templado,0.70718473
-101.64072232266058,24.695339761871836,Centro,Pastizal,0.8720147
-102.91730699322231,21.00954373302861,Occidente,Manglar,0.42779413
-116.68646605834246,31.979391625793642,Noroeste,Matorral Seco,0.64429355
-101.31049681522258,24.650728987516427,Centro,Pastizal,0.8956206
-108.53521305876036,26.338655584063034,Noroeste,Bosque Templado,0.9973144
-100.44379830518021,19.135788170040083,Occidente,Pastizal,0.50673354
-107.90199978949276,30.306659748742632,Noreste,Matorral Seco,0.9119118
-101.88569316911784,22.10657358394401,Centro,Selva Húmeda,0.325
-92.48287718001629,15.552946394847774,Sureste,Bosque Templado,0.50729764
-98.21210713535008,24.43094922208821,Noreste,Selva Húmeda,0.36864117
-104.105938587586,22.79373629718645,Centro,Pastizal,0.66329354
-87.64661382608776,19.994466649276593,Sureste,Selva Húmeda,0.9269235
-99.25239551333367,25.499579172918462,Sur,Bosque Templado,0.9566306
-115.28112071134038,31.629575587565025,Noroeste,Bosque Templado,0.9843817
-104.91899272590268,28.401237403292896,Noreste,Matorral Seco,0.78448826
-90.4886476031571,19.13100448221196,Sureste,Matorral Seco,0.7019335
-110.44993361978504,24.016276581325027,Noroeste,Selva Húmeda,0.9526094
-100.80384801165427,23.158025940925405,Centro,Matorral Seco,0.97443247
-101.18251929258561,29.27647096984053,Noreste,Manglar,0.9565359
-110.83584329301203,28.226465713226332,Noroeste,Bosque Templado,0.998235
-104.5030058196648,26.514857548314065,Noreste,Bosque Templado,0.8439606
-108.15322662547347,31.674329680731798,Noreste,Manglar,0.9132612
-103.1567111135744,24.29986204793078,Centro,Selva Húmeda,0.34231764
-103.20823262575966,22.069701303428317,Occidente,Matorral Seco,0.48585528
-91.11574523581993,16.15430064143966,Sureste,Manglar,0.9906416
-99.20033657017294,16.751683038088018,Sur,Manglar,0.2882647
-114.10208048756444,27.19685149011345,Noroeste,Matorral Seco,0.9877007
-92.98143931827188,16.635698173526677,Sureste,Manglar,0.20221765
-96.31306488994402,17.798039231261896,Noreste,Manglar,0.6403141
-89.2488529307848,18.406593808121638,Sureste,Pastizal,0.8904006
-89.76090048026458,20.48401400495184,Sureste,Pastizal,0.66408527
-95.32372916754981,18.548329227643652,Sureste,Bosque Templado,0.38845882
-98.08938359493206,22.906598791176005,Noreste,Pastizal,0.317
-108.38799642022634,27.392862728545854,Noreste,Pastizal,0.8123347
-103.83116659817927,28.62408790195259,Noreste,Pastizal,0.60251766
-115.33365222625514,31.278744572077926,Noroeste,Manglar,0.9959651
-107.14316522176969,29.076186628865624,Noreste,Pastizal,0.5443306
-98.08468968012194,25.814402846143874,Noreste,Pastizal,0.18512353
-106.46325987556123,27.848730001591846,Noreste,Matorral Seco,0.31867647
-108.87596988426651,26.42461340196326,Noroeste,Matorral Seco,0.99935
-115.4383892573749,31.080383862452514,Noroeste,Manglar,0.8713947
-104.86194979206282,28.50179338441773,Noreste,Bosque Templado,0.6056988
-107.50989341881672,27.043383856900856,Noreste,Manglar,0.9978145
-107.09650351469743,25.836254559439826,Noreste,Bosque Templado,0.91008824
-100.94503064425385,20.734676263173426,Centro,Selva Húmeda,0.41371766
-108.56994600017309,26.492708573700664,Noroeste,Bosque Templado,0.85162413
-101.36720351599462,23.10195609873201,Centro,Matorral Seco,0.41525882
-111.99994548025015,25.845751323719913,Noroeste,Matorral Seco,0.94459176
-99.54512463690322,18.248522187602724,Sur,Manglar,0.15542941
-113.72380561777372,28.841160496748955,Noroeste,Pastizal,0.9983957
-103.9059964230274,28.67706860751743,Noreste,Manglar,0.8970441
-97.92023160496888,19.168611934675095,Centro,Selva Húmeda,0.22515294
-102.45873414403793,26.1701940640168,Noreste,Manglar,0.9658488
-100.87737005353318,17.56435873167713,Sur,Pastizal,0.89673233
-100.67050133785088,22.912195231266317,Centro,Matorral Seco,0.9441347
-89.19314607400825,19.350934310018687,Sureste,Bosque Templado,0.8577576
-109.74040839432692,30.26154255174582,Noroeste,Bosque Templado,0.9590447
-106.14630247238637,28.60135532129995,Noreste,Pastizal,0.4112353
-88.8014172922844,21.354815203084566,Sureste,Bosque Templado,0.4206706
-88.91632856938078,20.196774476676318,Sureste,Manglar,0.89697236
-109.31079639864626,28.965750129515012,Noroeste,Manglar,0.9420959
-113.16355362461123,31.6080847844062,Noroeste,Bosque Templado,0.9935243
-109.29850396845461,29.101183251946264,Noroeste,Pastizal,0.7268665
-114.93093527625935,29.74089638738207,Noroeste,Manglar,0.9128388
-93.97694999702357,16.73444400129726,Sureste,Matorral Seco,0.6635241
-91.6627856958281,18.033751654281424,Sureste,Manglar,0.2945294
-101.69992549028156,22.324351881401412,Centro,Pastizal,0.5140347
-99.18260804214727,23.232008354082236,Noreste,Matorral Seco,0.6709059
-109.77791123985975,27.597893796996424,Noroeste,Bosque Templado,0.30025882
-104.43418933194374,27.495387092976035,Noreste,Manglar,0.78039235
-115.71995799114683,31.868382446295055,Noroeste,Manglar,0.99981374
-90.52929042013447,19.34885387421836,Sureste,Manglar,0.86852354
-100.51381061315816,28.402317079872127,Noreste,Bosque Templado,0.30009413
-95.87093209889214,17.356689313424397,Noreste,Matorral Seco,0.9556271
-91.8819148416013,16.09776278493507,Sureste,Manglar,0.5959141
-88.11788109756495,20.8918043735204,Sureste,Matorral Seco,0.65232235
-111.50414605505351,31.005780207707843,Noroeste,Bosque Templado,0.96334296
-102.05114406579379,23.60195715439884,Centro,Manglar,0.62391174
-100.66483689305542,24.10787501908003,Centro,Selva Húmeda,0.9961195
-96.28847098066984,19.271446670453837,Sureste,Selva Húmeda,0.18681176
-99.8371499345031,17.634958612829273,Sur,Matorral Seco,0.38608822
-91.70762445196432,17.066356423820153,Sureste,Pastizal,0.9918709
-103.332143112439,26.714497165177573,Noreste,Matorral Seco,0.95542413
-90.93210364828415,18.51603666096609,Sureste,Selva Húmeda,0.31168824
-98.12909267489664,22.442223132857773,Noreste,Manglar,0.9800586
-102.63564380541126,23.113464644533366,Centro,Pastizal,0.28088236
-98.03500045533126,21.914132258539954,Sureste,Manglar,0.32935295
-97.62917298014094,25.625866637873816,Noreste,Pastizal,0.17835882
-100.98837312157463,27.345513131052023,Noreste,Selva Húmeda,0.5704488
-102.54017420056769,24.911283905106714,Centro,Manglar,0.95914
-104.78798654965502,22.187818954441223,Occidente,Bosque Templado,0.90215766
-100.01479027341874,25.505890221874967,Sur,Matorral Seco,0.2957294
-107.5586533543342,28.456416915639206,Noreste,Bosque Templado,0.976927
-101.48076643272336,25.00110383686299,Noreste,Bosque Templado,0.9561565
-111.84364857860645,30.646841770551188,Noroeste,Pastizal,0.17652941
-98.15172016372685,23.811280931676013,Noreste,Selva Húmeda,0.6688012
-103.99539668501745,21.78778648657323,Occidente,Selva Húmeda,0.8329982
-96.93925911114576,19.435137384341054,Sureste,Pastizal,0.39297646
-109.60486443398192,26.957465659139263,Noroeste,Matorral Seco,0.17649412
-97.31157035729628,16.621133527481767,Noreste,Matorral Seco,0.9882522
-96.54187326339324,16.901176269817295,Noreste,Bosque Templado,0.4376059
-88.4697629272093,19.894097814632055,Sureste,Matorral Seco,0.7717665
-104.78183570067915,20.137635969019023,Occidente,Matorral Seco,0.9819537
-103.30120254418378,28.196115188338936,Noreste,Matorral Seco,0.77095586
-89.37196062750778,18.52084548314473,Sureste,Manglar,0.70332
-101.02320551173226,26.88445325894891,Noreste,Pastizal,0.970027
-101.50758809733334,21.80423423385358,Centro,Pastizal,0.35614118
-98.36362911973225,20.02686041522485,Centro,Pastizal,0.3679647
-99.87745171378243,19.177260186578998,Centro,Pastizal,0.9171806
-87.73241946767858,20.492522822933118,Sureste,Manglar,0.4600794
-115.41960472220802,31.273545158992675,Noroeste,Selva Húmeda,0.9995968
-103.61515512959564,21.44264329782068,Occidente,Bosque Templado,0.8663635
-104.28427360374984,19.694957232468575,Occidente,Manglar,0.55835414
-108.83502409551812,29.141300695230132,Noroeste,Pastizal,0.7377006
-104.24124012926258,27.96524220208907,Noreste,Pastizal,0.56497765
-99.58893029187267,17.623609986106402,Sur,Bosque Templado,0.5335382
-105.01188618340022,19.898647273841256,Occidente,Pastizal,0.48938647
-104.62004958606566,20.070301107455567,Occidente,Pastizal,0.9787821
-96.82541355355903,19.889207585169366,Sureste,Pastizal,0.39724705
-113.68776763940865,28.24530332473154,Noroeste,Bosque Templado,0.98601186
-97.760643146181,16.7455016948906,Noreste,Matorral Seco,0.89990705
-100.81026495236954,28.96377219121273,Noreste,Selva Húmeda,0.88538
-92.63878333241402,16.66513032433147,Sureste,Bosque Templado,0.30585295
-103.91524170367863,18.95151948613087,Occidente,Pastizal,0.17640588
-105.21136375921984,20.444027752127752,Occidente,Manglar,0.92179
-104.80507941623274,30.006825836570858,Noreste,Pastizal,0.9346194
-97.35860801289364,18.029933836907432,Noreste,Manglar,0.40272352
-102.47938396628611,26.700401437623746,Noreste,Selva Húmeda,0.9739723
-99.76594122808514,20.228985317247986,Centro,Manglar,0.28421766
-101.67266104687349,27.162395069084432,Noreste,Selva Húmeda,0.29105884
-103.5364952569511,27.15254121067006,Noreste,Manglar,0.9360129
-96.9703947406614,17.43705538401353,Noreste,Pastizal,0.7536553
-91.8186534704751,17.586074751076627,Sureste,Bosque Templado,0.40909413
-108.89689300300003,30.40025039627879,Noroeste,Matorral Seco,0.8817582
-88.76369411322439,19.668265372658038,Sureste,Bosque Templado,0.95640177
-102.27895363206208,21.722928524049713,Centro,Pastizal,0.41565883
-104.50473140254365,19.84175870121968,Occidente,Matorral Seco,0.9136053
-110.20634451238749,23.79123807638099,Noroeste,Selva Húmeda,0.9145476
-108.31867301652676,27.67095969372618,Noreste,Manglar,0.6451923
-93.14121916623274,17.62663341700528,Sureste,Selva Húmeda,0.8812194
-108.72619867650094,30.137018649769306,Noroeste,Matorral Seco,0.99029464
-102.50673219580997,25.104043023975123,Noreste,Manglar,0.9846594
-101.13867741313676,18.260996328603863,Sur,Manglar,0.59101176
-101.09732253355378,22.288556249917747,Centro,Selva Húmeda,0.6036141
-115.40095141225626,30.0898843318731,Noroeste,Bosque Templado,0.9767201
-99.73908183151659,22.51553130836819,Centro,Bosque Templado,0.99104863
-111.65524684902647,30.021345956971,Noroeste,Bosque Templado,0.96315765
-99.2527175195259,21.09910378392813,Centro,Selva Húmeda,0.8790347
-109.20409666595374,29.439319083711485,Noroeste,Bosque Templado,0.57906586
-104.61269320462654,28.720999455976408,Noreste,Selva Húmeda,0.8289194
-104.95540801238282,22.4903687158298,Occidente,Bosque Templado,0.87011236
-104.49595344992147,28.080935513701842,Noreste,Bosque Templado,0.84880763
-110.18803927225638,30.910876126049672,Noroeste,Bosque Templado,0.5588106
-105.58052381427008,28.057804512995897,Noreste,Matorral Seco,0.91771
-103.09483507362144,21.08542403463754,Occidente,Bosque Templado,0.5126753
-103.72727207447325,21.658496610649248,Occidente,Pastizal,0.5414271
-98.14051359542206,21.964434296102585,Sureste,Matorral Seco,0.2389647
-102.86414278259218,28.883361753251883,Noreste,Matorral Seco,0.96797174
-87.75486339991456,19.089631034094946,Sureste,Matorral Seco,0.92764825
-106.68029497561909,29.679948821068795,Noreste,Manglar,0.6040641
-96.75119973417793,20.095080707851388,Sureste,Selva Húmeda,0.30518237
-97.90297921176357,17.796001928593064,Noreste,Matorral Seco,0.7059706
-102.18838112495241,21.550675326837553,Occidente,Matorral Seco,0.40465295
-104.09047013031393,20.9901952516156,Occidente,Manglar,0.4443012
-108.8408094732617,30.93142386630338,Noroeste,Pastizal,0.8478271
-102.3816763019924,25.137409144444316,Noreste,Selva Húmeda,0.95144296
-98.04947398690598,20.62903958707466,Centro,Bosque Templado,0.35028824
-106.61718431570517,26.32192144547655,Noreste,Manglar,0.9850807
-97.52300900131951,21.173870960382153,Sureste,Manglar,0.4104353
-102.48392231395258,28.860059799142068,Noreste,Manglar,0.5441641
-90.25297326322071,20.087070287798486,Sureste,Bosque Templado,0.6334294
-106.35961030991633,29.31604710259701,Noreste,Manglar,0.5187412
-101.38293932477121,26.051138391710655,Noreste,Selva Húmeda,0.89998
-112.28905865373679,26.993234280398227,Noroeste,Manglar,0.9983564
-98.06803845800431,24.055476292421734,Noreste,Pastizal,0.85004944
-102.10454105696822,22.60477077764173,Centro,Manglar,0.29501766
-106.46521191485958,29.43418780149783,Noreste,Pastizal,0.6331288
-111.57759325182236,25.311192576445716,Noroeste,Selva Húmeda,0.9097606
-112.72567585080303,30.10590621695202,Noroeste,Bosque Templado,0.8452559
-96.90730860911921,18.06561173709829,Noreste,Manglar,0.5808465
-90.49126366663762,19.06457228673007,Sureste,Manglar,0.5160276
-98.82728713493468,20.10136079561478,Centro,Bosque Templado,0.04847647
-104.62867728502604,21.407195100371478,Occidente,Manglar,0.29498234
-104.10843265452147,22.69306826486824,Centro,Manglar,0.6993553
-99.74619493387914,21.681973981835576,Centro,Bosque Templado,0.89802057
-98.17038409028963,20.38542903171379,Centro,Pastizal,0.5924453
-112.17931604170548,30.73023629688344,Noroeste,Manglar,0.03569412
-111.36434047507946,25.018689636441636,Noroeste,Selva Húmeda,0.95732176
-88.39306765999108,19.263650937690073,Sureste,Pastizal,0.9986379
-102.5028793856636,25.754124258405838,Noreste,Bosque Templado,0.26102942
-100.74700782545301,25.705138305505926,Sur,Selva Húmeda,0.9905955
-100.46599377211378,22.90092096933323,Centro,Matorral Seco,0.34448236
-108.48752691023164,25.40357918577892,Noroeste,Matorral Seco,0.1757353
-104.6775706250172,22.272894024965293,Occidente,Bosque Templado,0.90499884
-100.7247155874002,28.106396701383254,Noreste,Bosque Templado,0.6458406
-99.41016436049027,22.478939449456128,Centro,Matorral Seco,0.9980174
-106.34814978160549,28.37490236628165,Noreste,Selva Húmeda,0.4206706
-104.9144127057326,29.27132254924777,Noreste,Selva Húmeda,0.96161
-99.00931556353581,20.47545466164509,Centro,Matorral Seco,0.36520588
-100.44345253393183,18.741884709858343,Centro,Matorral Seco,0.7031212
-103.29644100797499,25.986394144784153,Noreste,Selva Húmeda,0.6687465
-98.16324405901014,23.40665714820549,Noreste,Pastizal,0.76299703
-110.12637241403942,23.956290259781923,Noroeste,Selva Húmeda,0.9982243
-97.81888804365782,24.29864793074008,Noreste,Selva Húmeda,0.6307353
-101.2055945994325,26.459963611687478,Noreste,Selva Húmeda,0.8493806
-102.13538401017065,25.765872704592027,Noreste,Bosque Templado,0.9764582
-104.79068981343723,28.21770116886882,Noreste,Pastizal,0.53562
-103.82222103990715,28.7008976173417,Noreste,Selva Húmeda,0.9426329
-112.19659098848803,26.57464561386019,Noroeste,Selva Húmeda,0.91302294
-99.6649312568442,19.75913833414883,Centro,Bosque Templado,0.25969413
-110.91844588347126,28.986049597835393,Noroeste,Selva Húmeda,0.9522129
-102.95061369936121,24.865409619994224,Noreste,Pastizal,0.7499447
-100.6024177597563,24.22304287285604,Centro,Manglar,0.9952632
-101.85227864251961,23.909779900608974,Centro,Matorral Seco,0.9504494
-101.48470394791097,19.46911655114564,Occidente,Bosque Templado,0.3029059
-98.84870022058199,24.256335892791604,Noreste,Pastizal,0.3592706
-114.02936868869146,28.881838145258058,Noroeste,Pastizal,0.97463983
-95.28749293755719,16.759211247448075,Noreste,Matorral Seco,0.5424794
-113.85076069192982,29.219079784084748,Noroeste,Matorral Seco,0.9864378
-106.9927893252057,29.841371041203715,Noreste,Selva Húmeda,0.5341341
-114.69154806686208,30.095441377992586,Noroeste,Manglar,0.97641623
-105.26808778000493,27.985054075959383,Noreste,Selva Húmeda,0.17541765
-108.27685001688461,26.309591294372368,Noroeste,Manglar,0.98412323
-97.33374105408782,17.328226154605943,Noreste,Matorral Seco,0.23880588
-113.57891340534475,27.87914139698218,Noroeste,Matorral Seco,0.9434406
-99.20954088232509,21.41208187229191,Centro,Matorral Seco,0.7397277
-108.43323109326234,28.563079839808815,Noreste,Bosque Templado,0.99742156
-100.83814015462285,26.04022622725889,Sur,Selva Húmeda,0.9472747
-102.98336564887308,19.28740135527028,Occidente,Bosque Templado,0.5805994
-107.08735832607941,30.502988820619564,Noreste,Bosque Templado,0.9242753
-101.04207095683438,28.768009365488474,Noreste,Bosque Templado,0.60158294
-98.84182767022789,24.717769286188286,Noreste,Bosque Templado,0.98928154
-114.78398311755552,32.324910775907234,Noroeste,Selva Húmeda,0.88045645
-106.89350143198365,24.71756688930401,Noroeste,Bosque Templado,0.95345294
-100.09738510340253,27.507849171998544,Sur,Selva Húmeda,0.5637688
-111.8915989715036,26.075456660367433,Noroeste,Matorral Seco,0.9896526
-101.93911379235175,18.924006952387117,Occidente,Manglar,0.57020646
-87.80892403801894,19.53200579711684,Sureste,Pastizal,0.87889296
-107.04766626474814,28.13904062774451,Noreste,Manglar,0.17655882
-97.93258366975708,20.799997201852012,Sureste,Bosque Templado,0.3523941
-109.3604632352255,25.92993688482645,Noroeste,Selva Húmeda,0.17688824
-99.21595466813736,25.646354303655727,Sur,Pastizal,0.38224706
-108.72397272208659,28.56805110706981,Noroeste,Pastizal,0.9384953
-106.53079611211264,21.600623887959397,Occidente,Bosque Templado,0.8629318
-101.43958907946747,28.655423683155796,Noreste,Bosque Templado,0.79323
-102.36088140798995,29.288636960825027,Noreste,Bosque Templado,0.96739763
-103.82388254390021,29.21746035743687,Noreste,Pastizal,0.9045829
-111.93523514732736,25.24832101114514,Noroeste,Manglar,0.9483488
-113.2170222646635,28.549673976948064,Noroeste,Matorral Seco,0.9939695
-96.08462156689994,16.28213922778364,Noreste,Pastizal,0.65758884
-113.65784884669253,29.003790909358994,Noroeste,Bosque Templado,0.9963563
-108.26591291517208,26.575741179123497,Noroeste,Pastizal,0.29917648
-103.0636916897404,19.8339317129551,Occidente,Matorral Seco,0.7122653
-95.48389988358277,16.373357504875145,Noreste,Matorral Seco,0.88932645
-93.40170568020491,16.569534839864982,Sureste,Pastizal,0.9790154
-100.50045783914452,18.660785067250696,Sur,Matorral Seco,0.9927281
-100.69304128232805,26.33124267316219,Sur,Pastizal,0.97792584
-101.89670954500271,25.505838664509174,Noreste,Selva Húmeda,0.9972468
-90.12203423836846,19.085758105675545,Sureste,Manglar,0.97815305
-103.93100983864069,22.731965107921702,Occidente,Selva Húmeda,0.8161553
-98.0347291846786,25.24378043255931,Noreste,Manglar,0.58411354
-88.19013471890015,19.672043712523127,Sureste,Matorral Seco,0.8809188
-113.3750969009245,31.82409974399129,Noroeste,Selva Húmeda,0.91919297
-101.6171992782844,28.77093455696893,Noreste,Manglar,0.76468587
-99.50302139225612,24.733170847973827,Sur,Pastizal,0.4392294
-87.6883313913646,19.372089143979444,Sureste,Bosque Templado,0.92654586
-115.31541118178511,32.18723525622409,Noroeste,Selva Húmeda,0.6052941
-112.49223272437054,30.121447744643756,Noroeste,Selva Húmeda,0.99552387
-98.2498657371576,24.57717703610479,Noreste,Bosque Templado,0.47163647
-106.35903718684777,30.317761549819803,Noreste,Selva Húmeda,0.51903355
-109.45156954188458,23.356488792335654,Noroeste,Pastizal,0.7443341
-111.60162415052832,24.75987827626302,Noroeste,Matorral Seco,0.67544585
-101.71868954579467,18.793930571469662,Occidente,Matorral Seco,0.5583435
-107.61891124963908,30.078111161136885,Noreste,Matorral Seco,0.17647646
-99.95909786108959,26.902513408687195,Sur,Selva Húmeda,0.93081355
-100.57356302803504,27.27168240662051,Sur,Bosque Templado,0.95302707
-108.63391898036714,30.47895278645417,Noreste,Pastizal,0.9812222
-101.79015005303033,23.57077581586238,Centro,Pastizal,0.9532153
-100.87785162075328,17.524046801301417,Sur,Pastizal,0.5480535
-89.13077891784624,19.120597267790526,Sureste,Manglar,0.85233176
-109.58251854249,26.92632892808244,Noroeste,Matorral Seco,0.1766353
-110.67088270906736,29.495635466508293,Noroeste,Selva Húmeda,0.81027883
-100.26785368693604,26.17949973245484,Sur,Matorral Seco,0.2914294
-103.50332281638309,27.93177169028828,Noreste,Matorral Seco,0.8883482
-115.31086739797338,32.555318385965094,Noroeste,Pastizal,0.1764647
-99.2248114267323,26.4929435393248,Noreste,Pastizal,0.413
-101.88832749656632,22.59556967450175,Centro,Matorral Seco,0.9127418
-103.00613628412134,23.078213434274335,Centro,Pastizal,0.6715853
-108.82808929384993,28.499466502370275,Noroeste,Selva Húmeda,0.9291176
-105.56800438721174,30.645513225716467,Noreste,Bosque Templado,0.9305259
-97.5370493063193,17.675513846768848,Noreste,Matorral Seco,0.039911766
-95.63908293873709,18.472251574011118,Sureste,Matorral Seco,0.33208823
-104.11639264214811,28.009389048651055,Noreste,Matorral Seco,0.89687943
-109.50354587494148,23.43480860792774,Noroeste,Pastizal,0.9945126
-111.05908006821512,31.30321106699814,Noroeste,Pastizal,0.8004312
-88.54523870746358,21.28593743558983,Sureste,Manglar,0.3896353
-107.99894731369156,25.93756607812794,Noroeste,Matorral Seco,0.9947935
-103.19940159205274,24.325583822903024,Centro,Bosque Templado,0.49091294
-101.55409900294897,24.740428194241005,Centro,Manglar,0.9940353
-106.29629387323375,31.540664945192205,Noreste,Pastizal,0.8871182
-107.81657552336296,25.486548546302227,Noroeste,Manglar,0.7036612
-101.6491577934791,21.967390061107054,Centro,Matorral Seco,0.3049706
-96.60340365800818,16.22503736456018,Noreste,Pastizal,0.6068218
-103.35274120128288,24.415688845291744,Centro,Bosque Templado,0.5524988
-93.40912427349573,17.429152799940056,Sureste,Bosque Templado,0.3913353
-103.24506380203728,22.67692753906478,Centro,Bosque Templado,0.8998835
-101.53393100109756,24.144927643921818,Centro,Manglar,0.88363177
-100.45249135518381,19.501201138849243,Occidente,Manglar,0.29882354
-110.68702826403383,28.066575261031332,Noroeste,Pastizal,0.62774295
-93.64249275016437,17.44631746384803,Sureste,Manglar,0.37644705
-105.53667934391025,22.358263267897527,Occidente,Pastizal,0.122158825
-103.18486001306272,19.138696965889416,Occidente,Manglar,0.73608
-113.81518944718347,28.827995408509018,Noroeste,Manglar,0.9469
-115.70531391495138,30.073946443261843,Noroeste,Bosque Templado,0.07785294
-100.4033626095855,24.596886168679895,Sur,Matorral Seco,0.9950965
-91.68022102571913,16.649486348346763,Sureste,Manglar,0.95876884
-105.52847888669478,28.041692839544726,Noreste,Pastizal,0.7768941
-108.12795245538543,26.88122238110686,Noreste,Selva Húmeda,0.9164829
-100.67705569619733,20.82171914567968,Centro,Matorral Seco,0.40997058
-99.06657701054623,18.520743143120352,Sur,Bosque Templado,0.39250588
-106.7726267187337,30.62842606990648,Noreste,Manglar,0.85096294
-88.30577703050632,20.59671757850815,Sureste,Matorral Seco,0.6356794
-98.3062191586014,18.5701507915333,Centro,Selva Húmeda,0.6998153
-101.34697214447002,27.51410150393203,Noreste,Manglar,0.96013
-107.34586136770318,27.306383868313496,Noreste,Bosque Templado,0.99479026
-105.75756912777881,30.809918656748327,Noreste,Manglar,0.96591294
-99.81133869614341,27.031763958267245,Sur,Selva Húmeda,0.94933176
-100.66439810006435,22.538362916695935,Centro,Manglar,0.292
-100.2503750733985,22.452882701154348,Centro,Matorral Seco,0.7096506
-109.85184019780965,29.15172924047506,Noroeste,Matorral Seco,0.6529
-102.70369774501037,26.819380859455972,Noreste,Pastizal,0.9567306
-95.87215113420007,18.558912002963986,Sureste,Bosque Templado,0.36964706
-101.55507239625126,22.130537965769527,Centro,Selva Húmeda,0.35539412
-102.54859564040304,21.108943232271805,Occidente,Selva Húmeda,0.28182352
-101.03742512132345,17.587300245087825,Sur,Pastizal,0.5016112
-101.76982792519664,21.011208814165272,Centro,Bosque Templado,0.015694117
-106.49366142566527,27.200850542804904,Noreste,Selva Húmeda,0.47842
-105.85914779875283,27.830639573315715,Noreste,Bosque Templado,0.36981764
-97.49428808720222,18.722541312763614,Centro,Bosque Templado,0.96047586
-89.79590519029333,20.42977806053764,Sureste,Pastizal,0.6697388
-92.37186956599498,15.493583651354621,Sureste,Bosque Templado,0.8673694
-107.25411477269121,28.909191546099105,Noreste,Selva Húmeda,0.38865882
-100.30108054592367,17.22062108133804,Sur,Manglar,0.8319547
-102.85411652624792,20.341135933491497,Occidente,Bosque Templado,0.41678235
-102.32754703045757,18.958152600005285,Occidente,Bosque Templado,0.5940077
-100.77193473057883,26.11228769322166,Sur,Pastizal,0.9920663
-103.54456760808945,19.25670612092786,Occidente,Manglar,0.5829641
-99.54431015211188,23.583202160063287,Noreste,Pastizal,0.9423729
-107.58398904978024,31.295538607785968,Noreste,Manglar,0.9340706
-99.22770012582315,24.992839315033912,Sur,Pastizal,0.87010884
-103.55477925744908,22.409521140887364,Centro,Selva Húmeda,0.39981177
-95.64329704358045,17.77094164408157,Sureste,Pastizal,0.40947646
-98.29812999819501,21.76270234388213,Sureste,Manglar,0.37368822
-96.39425798287819,19.51372343059124,Sureste,Selva Húmeda,0.19467647
-100.21481138502214,18.381966580844516,Sur,Manglar,0.5539841
-98.93609119516385,24.74358644401751,Noreste,Manglar,0.98596865
-100.74418273934062,27.680157383130872,Noreste,Selva Húmeda,0.9542665
-104.83767978289612,21.74385721593685,Occidente,Pastizal,0.95096
-99.32174546897373,26.199996480059827,Sur,Selva Húmeda,0.87516236
-88.64289030108257,20.70947073069448,Sureste,Manglar,0.66435766
-105.8501411344227,29.140016580066057,Noreste,Manglar,0.85578
-101.84867087960873,28.068574443284625,Noreste,Selva Húmeda,0.98766077
-102.67419440345753,27.32868736487748,Noreste,Pastizal,0.9331571
-89.45862504453467,19.78082675761989,Sureste,Bosque Templado,0.7916153
-106.35176630318365,23.44622781054976,Noroeste,Matorral Seco,0.33821765
-99.14808756729505,24.92126620902924,Noreste,Selva Húmeda,0.6481788
-96.54169163718694,18.462718235915165,Noreste,Matorral Seco,0.4566753
-96.90519426591774,16.123483860273733,Noreste,Matorral Seco,0.99922884
-104.19844631777191,20.3882286687823,Occidente,Matorral Seco,0.39841765
-104.61360052600281,28.118242831599336,Noreste,Matorral Seco,0.83039117
-108.072402003559,31.070146344722748,Noreste,Bosque Templado,0.17498824
-93.10588779084985,18.431392824764316,Sureste,Bosque Templado,0.28971764
-99.23675125540485,24.624279214040772,Noreste,Bosque Templado,0.6086812
-103.25724898217979,28.388148993504952,Noreste,Pastizal,0.98944145
-114.26252733034377,29.03973908443346,Noroeste,Pastizal,0.9969759
-116.07399247457137,31.938488008722587,Noroeste,Selva Húmeda,0.99368536
-111.15047785596404,28.68813042513912,Noroeste,Pastizal,0.982866
-101.00871715379282,21.683184643769096,Centro,Pastizal,0.22142941
-105.63538827797507,30.732117487162935,Noreste,Pastizal,0.89064527
-103.98960309062542,19.668818303266168,Occidente,Pastizal,0.6306706
-112.33367261610238,30.553965358248455,Noroeste,Pastizal,0.71293354
-92.72541771545455,18.488535038453648,Sureste,Bosque Templado,0.28319412
-101.93286499095841,26.352652317832234,Noreste,Pastizal,0.7623382
-87.47593509080583,20.5158657849357,Sureste,Manglar,0.9581765
-102.65835352423245,24.373547688016252,Centro,Manglar,0.6450229
-90.48437363049518,18.88472796015268,Sureste,Pastizal,0.60027355
-105.18045919763509,20.500915219792223,Occidente,Matorral Seco,0.6081877
-101.33046858893839,25.23935459375979,Noreste,Bosque Templado,0.9290753
-97.14425767331797,17.443522799242757,Noreste,Bosque Templado,0.36658823
-101.61884195114588,25.443389913253178,Noreste,Bosque Templado,0.991591
-98.52231606557078,17.790189609910783,Sur,Selva Húmeda,0.96042174
-104.2366869506332,22.460113437775043,Centro,Matorral Seco,0.8562576
-95.93869462762099,16.916233576523734,Noreste,Matorral Seco,0.65257823
-100.24322781070144,26.854902569659348,Sur,Pastizal,0.91273236
-94.52440629657046,16.72554472552737,Noreste,Matorral Seco,0.91171587
-100.7128477850339,17.772867354853133,Sur,Manglar,0.9628141
-87.76095746736368,21.356226464399647,Sureste,Selva Húmeda,0.7204535
-97.22624033211916,17.20460313308973,Noreste,Manglar,0.40354705
-89.05000556895429,18.48723438396784,Sureste,Selva Húmeda,0.6020412
-97.8905031644578,20.587158635539982,Centro,Pastizal,0.30009413
-113.49205486008411,26.899590958407025,Noroeste,Pastizal,0.9953921
-112.99817071455591,31.250593140356052,Noroeste,Matorral Seco,0.8083359
-97.28916338706226,20.13813106160229,Centro,Selva Húmeda,0.3358647
-99.60993410753926,17.812212715038765,Sur,Bosque Templado,0.33467647
-106.36576252535498,28.876766185273393,Noreste,Matorral Seco,0.79711944
-102.57318782566774,29.321315955452956,Noreste,Pastizal,0.81152
-100.94615118776947,27.921618027709282,Noreste,Manglar,0.81674
-107.65470289340762,29.151760913144546,Noreste,Selva Húmeda,0.8882888
-113.20168086030083,27.631016419491154,Noroeste,Selva Húmeda,0.9924539
-97.00963257388207,17.898964969613136,Noreste,Manglar,0.58863115
-88.96508066854238,20.45794156787831,Sureste,Selva Húmeda,0.6512965
-103.84519760882546,19.778802448450737,Occidente,Matorral Seco,0.7764853
-101.58488393884423,27.006507644414068,Noreste,Manglar,0.27259412
-89.54739050530067,19.47639091688572,Sureste,Selva Húmeda,0.7348494
-99.54761441872627,16.935930577249177,Sur,Pastizal,0.50783473
-109.3629930282771,26.989759150826778,Noroeste,Selva Húmeda,0.55749
-96.92101609198144,15.851433151337908,Noreste,Bosque Templado,0.60006
-115.29330843164969,29.610835875019546,Noroeste,Manglar,0.99200517
-110.36787648663945,27.266098385474603,Noroeste,Pastizal,0.9986717
-105.46299262859225,29.860433317906576,Noreste,Bosque Templado,0.8923241
-102.71704209192428,27.299671018967132,Noreste,Pastizal,0.95972115
-104.9210458462327,21.0626813001336,Occidente,Pastizal,0.72837764
-104.41639105251039,28.917958634255758,Noreste,Pastizal,0.90560174
-101.14159985747892,19.137837192446984,Occidente,Bosque Templado,0.7092706
-99.29335966126689,26.778169777283598,Noreste,Selva Húmeda,0.5275059
-99.43529366210016,26.308391419601012,Sur,Bosque Templado,0.34825295
-90.63132544445226,19.566233913585638,Sureste,Pastizal,0.69771296
-108.68209747404853,26.38965657575138,Noroeste,Manglar,0.4217647
-107.59277517332058,31.118225755511556,Noreste,Selva Húmeda,0.93338233
-115.69197304481123,31.67652001753464,Noroeste,Pastizal,0.9815049
-92.5628702592662,18.58292982581263,Sureste,Selva Húmeda,0.3655412
-92.56144651180917,17.79026300711788,Sureste,Bosque Templado,0.40914705
-100.5696173535182,22.36654959009989,Centro,Manglar,0.9399665
-108.78911791171237,29.97562294181334,Noroeste,Matorral Seco,0.98673034
-98.80085110879855,19.2978625057822,Centro,Bosque Templado,0.23401177
-105.71355614782782,30.46861759913576,Noreste,Matorral Seco,0.87735766
-97.65925729976477,18.403494864899912,Centro,Manglar,0.8387865
-100.55305892083571,25.199458316835486,Sur,Bosque Templado,0.9537453
-104.66472823661431,19.91486960179973,Occidente,Manglar,0.89543587
-110.65773851034785,29.063209881334046,Noroeste,Pastizal,0.93541473
-98.70249018293883,17.23670281420423,Sur,Matorral Seco,0.5063906
-109.96638491980087,27.96223386152599,Noroeste,Matorral Seco,0.84417
-96.53123399163536,16.006458250186697,Noreste,Pastizal,0.94457
-99.28271031011745,19.507648469119154,Centro,Manglar,0.13515882
-101.18022751044546,27.732959575746523,Noreste,Matorral Seco,0.93616587
-107.9932176765568,27.618074342771127,Noreste,Bosque Templado,0.9847142
-97.60864968093283,25.575404966481145,Noreste,Pastizal,0.6067841
-92.35368700292268,18.348564405436708,Sureste,Pastizal,0.90609413
-87.73895860275559,21.45203880736435,Sureste,Bosque Templado,0.48618764
-89.10982550647303,19.74730437739898,Sureste,Pastizal,0.49771824
-99.67372150197117,23.777864602175537,Noreste,Bosque Templado,0.7658512
-102.12717986662089,26.158055530423248,Noreste,Bosque Templado,0.9745666
-100.47822422927572,23.743390963467114,Sur,Pastizal,0.9700347
-107.68796922464753,26.27481615102424,Noreste,Bosque Templado,0.91518056
-99.11800667272635,25.20214079345644,Sur,Pastizal,0.69033587
-98.82774471098868,25.066992328655296,Noreste,Pastizal,0.4189353
-94.78408126245725,16.950944363616465,Noreste,Pastizal,0.99340475
-104.99206500864528,26.65108938632219,Noreste,Bosque Templado,0.91663355
-105.66030493023217,27.42067017139674,Noreste,Manglar,0.69568294
-101.30013041186385,18.567987438948855,Sur,Matorral Seco,0.36697647
-102.27611929656948,25.029328205707674,Centro,Pastizal,0.9714128
-107.74476263825554,25.74198222662091,Noroeste,Manglar,0.82842237
-115.79452493194603,30.829693741185057,Noroeste,Pastizal,0.97575
-115.1385817337748,29.70482380493475,Noroeste,Pastizal,0.8702947
-99.74402678179106,26.68558955650643,Sur,Manglar,0.71112
-106.02986877284552,30.572450021158996,Noreste,Bosque Templado,0.9566006
-106.5538261632415,31.478921425051183,Noreste,Selva Húmeda,0.96134645
-98.59883052636879,21.167764354358745,Centro,Bosque Templado,4.117647e-05
-97.56723004809939,18.872776157064283,Centro,Pastizal,0.19641764
-100.6008228709463,23.687906754595584,Centro,Bosque Templado,0.29404706
-100.64949829178094,24.054789681200102,Centro,Selva Húmeda,0.6285865
-109.92412963874817,30.494358379566204,Noroeste,Selva Húmeda,0.66479826
-111.62830478435815,24.652766461109188,Noroeste,Bosque Templado,0.8772818
-89.18151520770382,19.90305970333645,Sureste,Manglar,0.70682883
-114.47524594840564,32.04233537423776,Noroeste,Pastizal,0.9995854
-103.00602752322405,22.659217245178766,Centro,Matorral Seco,0.13609412
-94.81727110065877,17.18043431063295,Noreste,Selva Húmeda,0.37387648
-89.09688003543887,20.160324509683303,Sureste,Selva Húmeda,0.6101712
-98.33539824959352,23.38678380731271,Noreste,Pastizal,0.8528041
-102.75920350804107,27.210421942705985,Noreste,Selva Húmeda,0.90333235
-99.55996418083919,27.51471067244782,Noreste,Bosque Templado,0.0
-106.28457171305503,27.728946899625125,Noreste,Selva Húmeda,0.26398236
-102.10815886336013,21.494517113779903,Occidente,Manglar,0.3682412
-91.54883257186256,17.416851221459662,Sureste,Matorral Seco,0.4606259
-114.67853184868635,29.43600386274135,Noroeste,Matorral Seco,0.9423841
-98.24389259958215,17.84295985693921,Noreste,Bosque Templado,0.7504059
-89.79764719068997,18.09480508007222,Sureste,Selva Húmeda,0.98402274
-115.96701958430637,31.42172816821006,Noroeste,Bosque Templado,0.99930745
-99.16537894362465,23.967775837533104,Noreste,Bosque Templado,0.7795876
-111.723247024485,24.988875905961223,Noroeste,Selva Húmeda,0.5046635
-106.14282996785809,27.05099523451984,Noreste,Selva Húmeda,0.37384117
-113.61143235578919,28.336183773103123,Noroeste,Bosque Templado,0.994343
-102.8028267656897,23.249693884775766,Centro,Bosque Templado,0.47004706
-112.86760651502854,30.967516747867755,Noroeste,Manglar,0.86554766
-107.63087954540802,28.498809771713443,Noreste,Matorral Seco,0.97285795
-101.1275233494753,23.94696363252303,Centro,Pastizal,0.98839027
-109.12024874802519,28.943245781799966,Noroeste,Matorral Seco,0.9617718
-100.7988593543179,18.270739047687908,Sur,Matorral Seco,0.55325705
-98.73410663571086,17.058727171612656,Sur,Matorral Seco,0.84162235
-104.73780602951902,27.656829246973626,Noreste,Matorral Seco,0.87927765
-102.50904144558844,23.370615022845247,Centro,Selva Húmeda,0.60707647
-114.82591757099047,30.190333424395174,Noroeste,Matorral Seco,0.98848087
-100.87238478635648,25.60935353234038,Noreste,Pastizal,0.05567059
-101.41742295288488,28.616285344633546,Noreste,Matorral Seco,0.9163794
-105.81062198944657,22.959700292521468,Noroeste,Pastizal,0.88239413
-98.26640808134668,22.289243448287618,Sureste,Selva Húmeda,0.26554117
-101.98522281892531,19.264314778388783,Occidente,Manglar,0.79808885
-102.8643186179159,22.094253346140643,Centro,Manglar,0.3971412
-114.3460478369259,31.696089445789216,Noroeste,Manglar,0.9797703
-104.6958008571249,30.100966776538385,Noreste,Pastizal,0.30154705
-101.75545205128257,23.651741607829567,Centro,Matorral Seco,0.8983953
-91.21644027309029,18.551671187562295,Sureste,Matorral Seco,0.49341235
-105.82864190211264,27.307920027233468,Noreste,Selva Húmeda,0.54531527
-113.28331659533919,31.30492939785442,Noroeste,Selva Húmeda,0.80932415
-88.4317209070105,21.17396739043085,Sureste,Selva Húmeda,0.4206647
-98.54083718466012,17.87050515162231,Sur,Pastizal,0.7796159
-108.15018802641785,28.001553473684186,Noreste,Matorral Seco,0.96718884
-102.49462187171156,22.741284656179417,Centro,Selva Húmeda,0.26072353
-91.34079737630313,16.34689416841762,Sureste,Selva Húmeda,0.4322294
-87.75116866181384,19.494078185907647,Sureste,Manglar,0.87905353
-104.87762129771647,27.671619064424593,Noreste,Selva Húmeda,0.85354
-99.26919988827261,17.01909784063108,Sur,Matorral Seco,0.34140587
-98.21204929159477,21.277411027804813,Sureste,Matorral Seco,0.35074118
-111.4447262296258,25.791195370629836,Noroeste,Matorral Seco,0.97377586
-104.14070075530567,26.85299537261267,Noreste,Selva Húmeda,0.91404176
-103.28885263194863,23.976242398837073,Centro,Manglar,0.37002942
-112.51119311643492,30.664263455610495,Noroeste,Selva Húmeda,0.95590705
-88.76379424111265,19.970111158306324,Sureste,Selva Húmeda,0.63489646
-111.43442085600662,25.893429515415075,Noroeste,Bosque Templado,0.9999826
-106.27644434211926,23.82330352858184,Noroeste,Bosque Templado,0.9048824
-104.0877559009651,27.729660747578844,Noreste,Bosque Templado,0.48901647
-91.2434287471609,17.56431083247546,Sureste,Selva Húmeda,0.47911295
-90.43140446897262,18.14306448926046,Sureste,Matorral Seco,0.984584
-98.67103417510613,20.802367966629063,Centro,Bosque Templado,0.39298236
-98.98617877755012,25.199301398958056,Sur,Selva Húmeda,0.5179612
-88.49926001757285,20.512558842762886,Sureste,Bosque Templado,0.6082388
-109.84391502284834,30.061986098840396,Noroeste,Bosque Templado,0.59301764
-107.5939877075734,28.53933633917052,Noreste,Matorral Seco,0.9861779
-87.65688612689442,20.230958338731106,Sureste,Matorral Seco,0.9228029
-99.43701329617447,19.251755105566026,Centro,Manglar,0.7307394
-112.19305984679526,30.921967190602782,Noroeste,Manglar,0.994477
-113.48712183212454,27.111369430528885,Noroeste,Matorral Seco,0.95538586
-110.56387559894459,28.52975073465315,Noroeste,Matorral Seco,0.9252188
-113.58616612550149,28.687288104841556,Noroeste,Pastizal,0.9991811
-96.78245197138301,16.18750974566363,Noreste,Matorral Seco,0.94704646
-100.53659685708826,21.283781908156683,Centro,Bosque Templado,0.33077058
-96.29804255045424,18.815741718523302,Sureste,Manglar,0.2882353
-108.29292550776948,25.249430233819158,Noroeste,Pastizal,0.19038823
-106.64222889163375,31.527650631255476,Noreste,Manglar,0.94154
-91.47820974197377,16.33837210724929,Sureste,Matorral Seco,0.9319259
-97.58750531913336,25.667598926492627,Noreste,Bosque Templado,0.34234706
-107.75668962956811,26.33597380581958,Noreste,Matorral Seco,0.9225212
-109.36021260340554,30.866564862089707,Noroeste,Manglar,0.8786006
-101.41610434019579,18.701643974451592,Occidente,Matorral Seco,0.8272082
-113.03894079978953,26.821546139080922,Noroeste,Pastizal,0.9017659
-111.81118132510241,29.554291126636787,Noroeste,Manglar,0.9332906
-86.80599835155847,21.18485362592482,Sureste,Pastizal,0.01432353
-103.8902574586483,21.939819679986783,Occidente,Matorral Seco,0.83934355
-99.63575062372864,23.156073326969825,Noreste,Matorral Seco,0.7016788
-102.61593778120098,21.456594889765075,Occidente,Matorral Seco,0.29644707
-93.7417176969668,17.05901363242829,Sureste,Manglar,0.8260988
-110.99426138775932,28.71601739827157,Noroeste,Manglar,0.62124527
-102.42722598445033,25.119900660630233,Centro,Manglar,0.99324954
-107.71747197000496,30.60189852594542,Noreste,Pastizal,0.81262237
-102.64820256709946,19.630325025300657,Occidente,Pastizal,0.34947646
-101.28795343289414,20.551198874295743,Centro,Selva Húmeda,0.22251765
-103.57941807578352,27.683074337906397,Noreste,Bosque Templado,0.9556782
-106.20824231444283,28.44340016937217,Noreste,Selva Húmeda,0.3336
-92.80421709757746,17.49937388774448,Sureste,Matorral Seco,0.39954707
-103.18336157525403,19.529377734481688,Occidente,Manglar,0.8085129
-115.10953355418573,32.516944832493195,Noroeste,Matorral Seco,0.1764706
-109.4132958624922,29.953387135415305,Noroeste,Pastizal,0.5847559
-96.84563545857749,18.051753913870815,Noreste,Matorral Seco,0.31801176
-107.42125600306282,31.156891951435988,Noreste,Pastizal,0.67847943
-101.41943034272586,20.71382306959389,Centro,Matorral Seco,0.2917
-108.6368755710194,30.673190236570534,Noreste,Pastizal,0.92048234
-99.56722331294507,19.398925084082407,Centro,Bosque Templado,0.27661178
-100.07634663020671,22.650968615578996,Centro,Manglar,0.38798234
-109.33055126702641,27.512271139156148,Noroeste,Manglar,0.45396352
-100.27357506010637,19.04032357060664,Centro,Matorral Seco,0.41852942
-107.85876333878791,28.675086569281,Noreste,Matorral Seco,0.47462118
-100.88950616280084,24.724867952811614,Noreste,Bosque Templado,0.7524518
-102.78317873310303,19.181265968432403,Occidente,Pastizal,0.1767353
-103.23676409343936,20.35455391587304,Occidente,Bosque Templado,0.41408825
-91.09228828275194,18.10847875990941,Sureste,Manglar,0.41433528
-101.57680358208593,20.53214054391941,Centro,Bosque Templado,0.16879411
-101.69747163949145,24.25652820179435,Centro,Bosque Templado,0.986616
-102.20516864273584,21.941202729969664,Centro,Matorral Seco,0.41815883
-111.00433754626309,24.90107796634058,Noroeste,Pastizal,0.9912506
-108.03843751424347,31.56353574574942,Noreste,Manglar,0.61830884
-108.38304369387112,29.714540374173083,Noreste,Matorral Seco,0.99259007
-92.10942285225522,16.622438313880792,Sureste,Selva Húmeda,0.31791177
-93.80838077994788,16.258605454103744,Sureste,Selva Húmeda,0.40378824
-96.87318518241644,16.744087341440366,Noreste,Bosque Templado,0.21532941
-115.2483524397437,30.853209322565704,Noroeste,Manglar,0.9836277
-107.77700281874466,30.03312810130362,Noreste,Pastizal,0.54962766
-102.71377701495157,26.7194446984903,Noreste,Selva Húmeda,0.99504364
-98.75918096968441,22.41264678700077,Noreste,Pastizal,0.3227059
-102.64074481932768,19.69319572247044,Occidente,Bosque Templado,0.9396418
-99.70683871697582,25.43048706952427,Sur,Pastizal,0.9785267
-99.47510668814942,25.394366809517173,Sur,Selva Húmeda,0.4492
-105.20302293650678,26.64284462830339,Noreste,Selva Húmeda,0.39754117
-90.44897662316968,16.159411145755488,Sureste,Pastizal,0.36728823
-106.1504017743408,27.42043527051507,Noreste,Bosque Templado,0.5526694
-101.07998502391695,26.105790896653737,Noreste,Bosque Templado,0.8584065
-102.53016205541508,28.804485975676236,Noreste,Selva Húmeda,0.6877629
-103.40077712911521,21.880968044521214,Centro,Pastizal,0.4439294
-105.62148872368039,28.865372697637316,Noreste,Manglar,0.9728662
-99.53512474125108,27.188810412188715,Noreste,Pastizal,0.46533352
-92.46369762227043,16.539828079760753,Sureste,Matorral Seco,0.3834294
-95.46586249118526,16.092920746899434,Noreste,Pastizal,0.99145716
-103.72836000476043,28.463421832460316,Noreste,Pastizal,0.95139176
-111.81374346383176,30.052216520346178,Noroeste,Matorral Seco,0.42928824
-102.65268934341022,18.353145381687167,Occidente,Matorral Seco,0.75599
-97.22528302313097,17.744306792043655,Noreste,Bosque Templado,0.8779882
-100.34564070079612,26.393492442853265,Sur,Selva Húmeda,0.3766941
-97.66517408126866,19.27450263139233,Centro,Matorral Seco,0.18424706
-92.8111285932496,16.485813655110757,Sureste,Matorral Seco,0.29655883
-110.46794197740526,29.5833268841262,Noroeste,Pastizal,0.78450704
-101.75372985945035,24.12777295725356,Centro,Bosque Templado,0.8126494
-102.7065669185509,26.969739494922603,Noreste,Selva Húmeda,0.7523265
-109.7329659850413,28.672860635558273,Noroeste,Selva Húmeda,0.9508147
-103.65884892266925,18.873054819090257,Occidente,Pastizal,0.6459459
-99.86650315419347,27.56383141305065,Noreste,Bosque Templado,0.39254117
-102.68001880678868,29.297170593564285,Noreste,Matorral Seco,0.9841564
-100.43231375783478,27.16523085959546,Sur,Manglar,0.48548472
-104.74854105622651,28.95350626623987,Noreste,Bosque Templado,0.6776406
-98.259875538066,21.42436446813521,Sureste,Bosque Templado,0.3580588
-102.77198202831212,20.420471166353373,Occidente,Pastizal,0.67851764
-112.77475935044845,27.677876916008252,Noroeste,Pastizal,0.9634382
-95.87788397590498,16.08753640843646,Noreste,Selva Húmeda,0.8841841
-103.31004218604276,22.05235214292431,Occidente,Matorral Seco,0.40152353
-100.38480787182444,22.921574501397863,Centro,Manglar,0.98069733
-107.66283451264867,31.699705928093163,Noreste,Matorral Seco,0.82230705
-88.42292207934616,20.675459400245124,Sureste,Matorral Seco,0.6500229
-114.61542472056867,32.0610084942188,Noroeste,Manglar,0.9894332
-97.34646949339786,17.35296521058328,Noreste,Matorral Seco,0.6406682
-92.97689925368942,15.744636956507119,Sureste,Pastizal,0.94365704
-101.37238415408268,20.039404586947658,Occidente,Pastizal,0.32587057
-100.48099838557452,26.114095998789814,Sur,Pastizal,0.9854179
-91.2553548514626,17.761837561063874,Sureste,Bosque Templado,0.44485646
-108.3845155878423,30.427022694146967,Noreste,Matorral Seco,0.9825818
-101.54227575374483,27.543845595961606,Noreste,Pastizal,0.8308529
-90.18782523066888,20.94036606103914,Sureste,Manglar,0.64392644
-115.04702798853819,32.401146822299204,Noroeste,Pastizal,0.17622942
-115.85315552386417,32.45183044764837,Noroeste,Pastizal,0.6845288
-104.23695945841442,20.018391109742055,Occidente,Matorral Seco,0.5771306
-100.1091955892132,22.74088053058983,Centro,Pastizal,0.97977746
-101.44019947272767,27.957725578595568,Noreste,Matorral Seco,0.9656853
-115.26569192355058,29.90506790188352,Noroeste,Bosque Templado,0.9851711
-98.37164567734912,25.550050252779887,Noreste,Selva Húmeda,0.36121178
-107.38843675883861,25.324720238103968,Noroeste,Matorral Seco,0.9938537
-109.31735615827945,30.028730877829044,Noroeste,Manglar,0.8373065
-103.71532829801666,22.3088526367807,Occidente,Bosque Templado,0.7866394
-99.59801653505222,17.178365010046047,Sur,Pastizal,0.58998233
-97.98455471721483,24.71831049057329,Noreste,Pastizal,0.18295294
-93.58223869476741,17.209548810322623,Sureste,Selva Húmeda,0.37318236
-101.19305874098559,25.455120535368973,Noreste,Bosque Templado,0.97407204
-100.45863268112757,22.95574057817573,Centro,Manglar,0.84837294
-96.55111721882892,17.440263955207545,Noreste,Matorral Seco,0.54113764
-102.00314151611441,21.025173983061972,Occidente,Selva Húmeda,0.47281823
-105.32245087262783,20.461017584036444,Occidente,Selva Húmeda,0.61194295
-107.57142777519353,24.901583736400283,Noroeste,Bosque Templado,0.1751353
-103.97443228451613,28.963427670476754,Noreste,Manglar,0.8740829
-100.9745063486069,28.030489713956836,Noreste,Pastizal,0.66987944
-91.61394185860526,16.991533958653513,Sureste,Matorral Seco,0.41092354
-95.10598828393906,16.777387953109685,Noreste,Bosque Templado,0.37967646
-107.0614913484457,31.701196541503528,Noreste,Manglar,0.98364013
-106.2868211148857,28.666289014934687,Noreste,Matorral Seco,0.65583646
-107.77532434013976,28.209408906923223,Noreste,Manglar,0.98509145
-94.4396229454614,16.306870421488018,Noreste,Pastizal,0.45225176
-102.19725122883669,20.374577051741415,Occidente,Pastizal,0.30074117
-106.00780450847051,23.60689666115035,Noroeste,Bosque Templado,0.8654741
-114.54529026039324,31.7334062252234,Noroeste,Selva Húmeda,0.9275388
-92.42109082675861,16.587721029801564,Sureste,Manglar,0.6373882
-101.22826657660165,29.424446830833837,Noreste,Pastizal,0.9321029
-107.66786993983625,27.753308953660486,Noreste,Matorral Seco,0.9942438
-98.8236285926216,24.378276134611156,Noreste,Pastizal,0.7647106
-101.49477872821417,21.34466355447626,Centro,Selva Húmeda,0.34029412
-103.89526822741728,29.085214343013487,Noreste,Manglar,0.92247117
-101.4649078479928,28.074904080874802,Noreste,Bosque Templado,0.85153234
-107.25625431487687,24.655824473288035,Noroeste,Selva Húmeda,0.2842765
-101.7765334261931,21.56099698354595,Occidente,Bosque Templado,0.4840747
-110.65767590108071,28.510738131452612,Noroeste,Bosque Templado,0.81252414
-109.68151173829213,31.192693535464503,Noroeste,Matorral Seco,0.8413488
-107.63786598018463,29.272210861487373,Noreste,Pastizal,0.9289377
-92.06269405197995,18.578036667458594,Sureste,Manglar,0.9624006
-112.52568835208065,30.377037670367592,Noroeste,Selva Húmeda,0.9570729
-114.37826802281624,32.1298127111302,Noroeste,Manglar,0.9999888
-102.8166950440663,18.688011112562595,Occidente,Bosque Templado,0.87134355
-94.53557111657076,17.966770024161878,Sureste,Pastizal,0.46254295
-101.85035931614449,22.69790239843761,Centro,Bosque Templado,0.2949412
-104.38277227337217,19.551027623147593,Occidente,Pastizal,0.9214206
-104.32835518991688,20.587634419361656,Occidente,Matorral Seco,0.82463825
-108.19148448377179,30.281377705098738,Noreste,Manglar,0.9693353
-100.70870998567982,18.94302904442533,Occidente,Pastizal,0.69274646
-101.50258416272212,25.110184360848635,Noreste,Bosque Templado,0.9210088
-109.33313077590633,28.985780067051017,Noroeste,Manglar,0.7175229
-100.62013452747314,27.328757929467937,Sur,Bosque Templado,0.9836948
-113.39453611011828,28.749041018364338,Noroeste,Manglar,0.9935141
-92.09415837529052,16.571615300148878,Sureste,Manglar,0.29742354
-107.1623090740598,25.256446072131958,Noroeste,Manglar,0.96521825
-102.60412366226963,20.857147558867098,Occidente,Bosque Templado,0.3974706
-105.59325904830602,29.89985931797386,Noreste,Bosque Templado,0.86760944
-106.12250494835476,29.00226772014632,Noreste,Pastizal,0.3554059
-98.51915752185877,18.67949635146576,Centro,Pastizal,0.29088235
-102.0740126937083,29.710374597899815,Noreste,Manglar,0.97780323
-105.38907077238643,30.538346295802707,Noreste,Manglar,0.9713474
-115.47023676132302,31.512330016855643,Noroeste,Selva Húmeda,0.99302715
-96.94267667797483,18.419913743751575,Centro,Selva Húmeda,0.90029585
-106.12239806147372,27.967320981646207,Noreste,Manglar,0.46458587
-115.46663572099065,30.521475414352604,Noroeste,Manglar,0.988616
-102.13484150600696,29.46630612033982,Noreste,Bosque Templado,0.8374594
-106.23539184800183,23.283084636020195,Noroeste,Bosque Templado,0.35787648
-101.90897142633789,22.53220965525102,Centro,Bosque Templado,0.33090588
-116.94625620361293,32.43836208334807,Noroeste,Manglar,0.0
-98.65874961595405,20.48484212393938,Centro,Pastizal,0.75874
-115.30084628839188,31.171867947069682,Noroeste,Selva Húmeda,0.95731884
-91.16107813523709,16.828209873642336,Sureste,Pastizal,0.98466563
-102.45169962390823,29.19371168022011,Noreste,Manglar,0.92272115
-102.45205016353964,20.058207973278908,Occidente,Manglar,0.086858824
-106.43295977994762,28.1135279887785,Noreste,Bosque Templado,0.30094707
-109.5959012153364,27.158770753758326,Noroeste,Selva Húmeda,0.09066471
-104.69891488677308,20.653180651367922,Occidente,Pastizal,0.9359582
-89.06501741102244,20.31919240956474,Sureste,Bosque Templado,0.6808724
-97.34555143786515,17.62932345114594,Noreste,Matorral Seco,0.32712942
-95.61326360242482,16.40547411152412,Noreste,Matorral Seco,0.1790294
-111.81008401721733,24.70357994047386,Noroeste,Manglar,0.94375294
-100.23947145948611,21.315780415904598,Centro,Manglar,0.42202353
-108.81732725940566,28.36586717780529,Noroeste,Bosque Templado,0.9970954
-95.32394132662138,17.88645202235513,Sureste,Pastizal,0.37970588
-97.96324730439356,17.852084743847502,Noreste,Bosque Templado,0.6271447
-105.05001158320921,21.947194703082314,Occidente,Matorral Seco,0.17645882
-103.26176300962702,22.564184033300407,Centro,Pastizal,0.90274763
-104.64973992890873,28.901635134792947,Noreste,Manglar,0.1764706
-104.4120798259704,22.0844338263344,Occidente,Matorral Seco,0.91144943
-98.64395738809142,18.235033767179797,Centro,Pastizal,0.6771871
-93.081868863221,17.94030522595879,Sureste,Matorral Seco,0.30145884
-112.15334366399337,24.65418579901598,Noroeste,Manglar,0.99818915
-89.34136945872935,20.735829431264893,Sureste,Matorral Seco,0.6674253
-104.94662346253124,21.35525572910145,Occidente,Matorral Seco,0.32374117
-98.68248893121533,26.243911078403624,Noreste,Matorral Seco,0.29962352
-108.80673765221529,28.27175464594192,Noroeste,Bosque Templado,0.987085
-103.2883408091674,19.493439948484635,Occidente,Pastizal,0.25809413
-95.84058534257576,17.357243763943565,Noreste,Matorral Seco,0.8203912
-107.29533697700968,24.468119374830362,Noroeste,Selva Húmeda,0.1764706
-90.95830045557999,18.43558937726864,Sureste,Selva Húmeda,0.3886353
-89.42402681542838,20.45835337331774,Sureste,Selva Húmeda,0.7277076
-99.35836059118736,21.43746432878787,Centro,Bosque Templado,0.8816953
-101.4308948825122,19.308366826047155,Occidente,Bosque Templado,0.28187647
-115.64911031913134,32.64920426061398,Noroeste,Bosque Templado,0.02185294
-101.65556938993191,27.332920274634468,Noreste,Pastizal,0.92250115
-103.48372024724623,27.7974508606579,Noreste,Selva Húmeda,0.88849825
-105.35805879420056,22.886137312280027,Occidente,Manglar,0.9226224
-97.58862635399673,21.203274765048413,Sureste,Pastizal,0.35145295
-100.91627672780477,20.496039978502605,Centro,Bosque Templado,0.26481766
-111.13949791373906,28.98165780349276,Noroeste,Bosque Templado,0.6747659
-102.91854823276311,27.776537020456743,Noreste,Manglar,0.7868565
-103.66423220852248,23.558466482387022,Centro,Pastizal,0.6953588
-105.96881724223206,23.17068115107289,Noroeste,Matorral Seco,0.8010418
-110.69274338623944,24.196682952230454,Noroeste,Matorral Seco,0.98974186
-90.17321777681049,18.357467888742796,Sureste,Pastizal,0.9860334
-102.79459530405742,26.732401974574454,Noreste,Selva Húmeda,0.97594136
-96.01078153439079,17.094512808557937,Noreste,Matorral Seco,0.44279587
-103.83892995383579,19.69815878436256,Occidente,Bosque Templado,0.20311177
-88.9098944660893,21.027921100372573,Sureste,Selva Húmeda,0.35205293
-101.92969476505047,29.628565939491804,Noreste,Pastizal,0.9533759
-112.67092625757581,30.7501654838642,Noroeste,Matorral Seco,0.96767765
-106.21957156981303,26.827170639301062,Noreste,Matorral Seco,0.96837884
-113.22089997991996,31.76439298267276,Noroeste,Selva Húmeda,0.98234546
-100.1279339202937,22.3830622367041,Centro,Manglar,0.6464347
-105.10539321641423,29.469519132365367,Noreste,Bosque Templado,0.9224453
-104.0875840064051,27.748258331513362,Noreste,Matorral Seco,0.89704823
-105.25506269366552,27.858631107814926,Noreste,Bosque Templado,0.84889174
-109.6092558470959,27.271110700534663,Noroeste,Pastizal,0.6007853
-96.93028448092427,19.67856059033363,Sureste,Matorral Seco,0.3937
-110.27945697072838,30.519286091513862,Noroeste,Matorral Seco,0.8814047
-103.3105217953567,19.454283590179852,Occidente,Matorral Seco,0.3002706
-99.95467108542907,27.774741630967167,Noreste,Selva Húmeda,0.86931473
-98.2572088551645,23.17374394846223,Noreste,Selva Húmeda,0.68791
-100.69724871967674,23.950827767180677,Centro,Selva Húmeda,0.7759106
-103.59510860843444,21.253037549809378,Centro,Manglar,0.36241764
-98.03971682253729,23.55324100360588,Noreste,Selva Húmeda,0.30754706
-108.27471751363835,29.811453591640564,Noreste,Matorral Seco,0.993652
-97.79006439397894,23.420731200812856,Noreste,Bosque Templado,0.2850647
-99.700279573689,20.835257941370923,Centro,Pastizal,0.09025882
-98.1392496066098,18.74109926778257,Centro,Matorral Seco,0.5823259
-97.82377590466257,22.809245400281345,Noreste,Matorral Seco,0.2566
-105.20428011355455,30.677092728270086,Noreste,Matorral Seco,0.93290234
-102.3849379104162,21.30223562784102,Occidente,Manglar,0.28378236
-114.30269523713497,29.153129150241483,Noroeste,Bosque Templado,0.9738428
-107.49947868410712,26.32628900096327,Noreste,Pastizal,0.98187685
-98.23256933290675,17.52765165196562,Noreste,Bosque Templado,0.80154353
-110.68170006043812,29.297947813611994,Noroeste,Matorral Seco,0.79499704
-103.87456665528781,28.24518889017589,Noreste,Manglar,0.8161941
-102.32097100931831,28.499058827356397,Noreste,Matorral Seco,0.9369718
-103.96324212224621,28.987364234282865,Noreste,Pastizal,0.83856297
-97.0479045488598,17.239510082325946,Noreste,Selva Húmeda,0.31617647
-112.9289184145414,31.164548621564016,Noroeste,Pastizal,0.9917215
-102.2678146487576,25.191414420273887,Noreste,Selva Húmeda,0.9775327
-101.74389303742164,22.83137909842932,Centro,Bosque Templado,0.5136035
-89.54275770633576,19.182726861122653,Sureste,Matorral Seco,0.75928825
-91.33853554022116,17.32266769145639,Sureste,Pastizal,0.4325
-105.10139498845885,27.25105368014155,Noreste,Matorral Seco,0.72741294
-114.08806704301153,29.544309115000758,Noroeste,Manglar,0.98776764
-101.02257499800795,20.79611794154023,Centro,Manglar,0.50480294
-111.4389922730665,30.746464913469747,Noroeste,Bosque Templado,0.9796845
-99.006608532261,17.98945981503764,Sur,Pastizal,0.5782206
-90.40982455885232,18.535629288364113,Sureste,Pastizal,0.88679296
-100.00220540841917,17.74657119640547,Sur,Matorral Seco,0.8603394
-116.1657244132106,31.720056671030804,Noroeste,Selva Húmeda,0.3021412
-100.43969356291373,21.081642366365802,Centro,Matorral Seco,0.1923353
-101.07395045681548,24.37853916369356,Centro,Pastizal,0.9774152
-101.5166551029956,24.997201509316064,Noreste,Selva Húmeda,0.96197706
-111.52107829135343,29.165068924799822,Noroeste,Manglar,0.9651406
-105.84973738444855,29.235697629531934,Noreste,Manglar,0.4983753
-87.84556267461974,21.526872160303817,Sureste,Matorral Seco,0.70687705
-112.97393754005668,28.1297721506059,Noroeste,Matorral Seco,0.9910879
-113.19527871267813,31.271898807030357,Noroeste,Selva Húmeda,0.9324641
-116.0999755449476,30.948767884417624,Noroeste,Manglar,0.49954
-107.59434421399236,25.624202365785397,Noroeste,Bosque Templado,0.9972856
-114.72068261073247,29.903771329781396,Noroeste,Bosque Templado,0.95952237
-108.4768137502981,30.57988181728502,Noreste,Selva Húmeda,0.6209194
-101.27745067862017,26.767519982879175,Noreste,Matorral Seco,0.96512353
-109.48483334405991,29.43151542627033,Noroeste,Selva Húmeda,0.94102
-100.78059033777271,27.32613779044691,Noreste,Matorral Seco,0.73502296
-101.21139793659854,25.490156600372025,Noreste,Bosque Templado,0.89109766
-96.73397193992486,18.375592601000175,Noreste,Pastizal,0.71649766
-100.39165858175001,22.97969308567031,Centro,Matorral Seco,0.9913636
-115.42226517847611,31.02448840988714,Noroeste,Pastizal,0.90134233
-105.02537992452501,21.36684029977338,Occidente,Manglar,0.7836118
-105.42618953136726,29.536156404924544,Noreste,Selva Húmeda,0.88709116
-98.45317931968434,23.929949841466748,Noreste,Matorral Seco,0.9374971
-101.53285088848129,27.43960666268606,Noreste,Manglar,0.9474135
-116.16457292482059,31.321083880820154,Noroeste,Selva Húmeda,0.22419412
-111.56994350366318,29.614792586291493,Noroeste,Bosque Templado,0.9570606
-87.4743819218533,19.516558779148863,Sureste,Selva Húmeda,0.91676295
-104.10298252573608,20.82278057591084,Occidente,Bosque Templado,0.29464707
-104.51815213071383,28.28720123770334,Noreste,Pastizal,0.5992653
-109.89471509040933,27.97192614986887,Noroeste,Matorral Seco,0.72382706
-104.3147708553497,21.0074744015146,Occidente,Selva Húmeda,0.64964646
-102.22156224826281,25.399813344339975,Noreste,Pastizal,0.99065477
-110.17769303302326,27.89842053875887,Noroeste,Selva Húmeda,0.81709766
-115.94020113879806,31.12645975580813,Noroeste,Manglar,0.99956346
-99.85357462498804,27.215959954887676,Sur,Pastizal,0.74282235
-115.82642151781015,31.754844575421014,Noroeste,Manglar,0.9984587
-102.41642899031848,22.747411724874038,Centro,Matorral Seco,0.3012353
-99.82978462135878,19.283533472806134,Centro,Selva Húmeda,0.22670588
-92.5477934491696,15.32457759292608,Sureste,Manglar,0.98875463
-102.54235888199753,27.759216997690167,Noreste,Manglar,0.9908445
-89.37670715925088,20.222348113931783,Sureste,Matorral Seco,0.2018
-99.90107910683156,25.118911555105036,Sur,Manglar,0.91290176
-108.83835453382228,31.222729407730398,Noreste,Selva Húmeda,0.9652388
-90.03566552773042,20.657948348731466,Sureste,Selva Húmeda,0.6260241
-112.54717877567616,27.022154029402532,Noroeste,Matorral Seco,0.99815077
-105.95433841508144,23.382518331060638,Noroeste,Bosque Templado,0.9453153
-111.23180726573673,25.642248706640714,Noroeste,Pastizal,0.99351615
-102.3263420158051,21.46545977466979,Occidente,Matorral Seco,0.14563529
-97.99423262646812,17.326036801560928,Noreste,Pastizal,0.28375882
-109.74901975958086,29.829247856689356,Noroeste,Matorral Seco,0.6167753
-110.44524565635633,29.34039386830339,Noroeste,Manglar,0.7852418
-101.57251594602258,24.898120170757238,Noreste,Pastizal,0.91219413
-108.10347185870067,28.268808862172445,Noreste,Matorral Seco,0.29424706
-100.42370767501728,26.834144638403814,Sur,Bosque Templado,0.96811354
-107.35646996581585,26.750475869221503,Noreste,Pastizal,0.9684912
-100.15293795296726,26.406780718422493,Sur,Manglar,0.7946941
-89.43832145984557,20.280677504867313,Sureste,Bosque Templado,0.18098824
-99.47835597111484,25.680850115814508,Sur,Pastizal,0.37111175
-101.76433219758474,25.281387835166022,Noreste,Matorral Seco,0.9604194
-97.39478613655493,17.406940230175355,Noreste,Matorral Seco,0.7231994
-104.17791572076234,19.915615932696273,Occidente,Matorral Seco,0.6850547
-94.21408166790222,16.549584220073072,Noreste,Pastizal,0.89108473
-97.53159251372584,25.60145565493084,Noreste,Manglar,0.29596472
-92.61009287314141,17.96735159898492,Sureste,Pastizal,0.9973671
-89.70015106394045,21.239013451541723,Sureste,Bosque Templado,0.99587214
-97.9651123590095,22.66817848992073,Noreste,Selva Húmeda,0.28518236
-97.5988797995735,17.71560865254544,Noreste,Matorral Seco,0.59255
-100.13523662461348,20.154199114129426,Centro,Matorral Seco,0.2738294
-108.07378900021482,27.968210279458187,Noreste,Matorral Seco,0.9901237
-94.03673567808998,16.259345576872402,Sureste,Pastizal,0.4377412
-94.39606539154198,17.208962459749443,Noreste,Selva Húmeda,0.53732353
-89.17705730964744,19.217378470913747,Sureste,Pastizal,0.88956296
-107.93617327129313,27.46261200694745,Noreste,Matorral Seco,0.99075466
-97.32010658169152,16.95868491304447,Noreste,Selva Húmeda,0.70898587
-99.45751499442281,19.548612020987218,Centro,Matorral Seco,0.87536645
-101.82234160880746,25.155759436520693,Noreste,Pastizal,0.9404947
-103.8939847720681,22.432068781026853,Occidente,Matorral Seco,0.25565293
-105.22919006713678,30.465403365297117,Noreste,Matorral Seco,0.5457147
-106.01394787093614,29.19536195431094,Noreste,Bosque Templado,0.97213554
-105.84302923216968,30.902250204575303,Noreste,Bosque Templado,0.9435618
-112.86440737304079,31.774073307190193,Noroeste,Manglar,0.9671612
-89.95389909845638,18.730133017987846,Sureste,Manglar,0.89653826
-107.62836595181116,31.21863948889588,Noreste,Bosque Templado,0.48157823
-89.00899083239992,20.47130068008115,Sureste,Matorral Seco,0.6453706
-99.47764705477609,22.56281909202958,Centro,Matorral Seco,0.9983623
-96.40538052840004,19.547339968414903,Sureste,Bosque Templado,0.4224706
-101.33310626932497,20.991535328044463,Centro,Selva Húmeda,0.5134776
-101.45660484737523,18.67184216622335,Occidente,Bosque Templado,0.85869765
-98.47257684289885,20.800894511174295,Centro,Selva Húmeda,0.3204294
-103.84160771478493,27.157222358262278,Noreste,Manglar,0.72066706
-100.71165672753031,23.181342314479178,Centro,Matorral Seco,0.5438929
-113.70138330436983,27.443593318455907,Noroeste,Bosque Templado,0.95897764
-112.86292675218193,26.700366919290875,Noroeste,Selva Húmeda,0.9693135
-103.13073177843982,19.112273030705243,Occidente,Bosque Templado,0.56067234
-99.19656505067566,23.715345711807707,Noreste,Manglar,0.8403229
-98.66152406651561,22.332660277986413,Centro,Bosque Templado,0.2876588
-99.84922908930682,27.24638935353277,Sur,Selva Húmeda,0.57252294
-109.62611052897442,30.311217776795203,Noroeste,Manglar,0.7895459
-115.50060241526272,32.448664322939386,Noroeste,Pastizal,0.9937165
-110.39237234504088,23.716205162909915,Noroeste,Pastizal,0.94472355
-107.70064300089479,25.02313183436542,Noroeste,Manglar,0.18614706
-99.06659003947627,23.072974389547078,Noreste,Manglar,0.3352
-96.34966080484695,16.477946652081886,Noreste,Matorral Seco,0.7080771
-115.17643339205334,31.826147890272736,Noroeste,Manglar,0.9999303
-109.22402806628443,28.265574794311586,Noroeste,Manglar,0.99872375
-100.55029784509523,27.950809155440236,Noreste,Matorral Seco,0.9212623
-105.0974928335105,26.94580231833035,Noreste,Manglar,0.86707354
-90.5035922410732,19.76089763359019,Sureste,Bosque Templado,0.19838235
-104.20777969318205,28.415710481342142,Noreste,Bosque Templado,0.78062767
-112.92358601869213,28.337962835710243,Noroeste,Selva Húmeda,0.9801061
-100.56187228314356,19.515197772718253,Occidente,Manglar,0.8275406
-108.00546760883103,27.92784802123605,Noreste,Selva Húmeda,0.9636582
-104.33654297786579,20.083245272943383,Occidente,Matorral Seco,0.3105706
-115.10014320671127,30.692419299613373,Noroeste,Matorral Seco,0.92734295
-101.22172319551474,19.559341632338846,Occidente,Bosque Templado,0.33268824
-106.4501742923447,29.534044899924524,Noreste,Manglar,0.50529116
-102.35158116412151,18.32048954494819,Occidente,Manglar,0.88314706
-96.56835268586352,16.14493698977264,Noreste,Manglar,0.83670354
-105.76829667942627,30.562801059274474,Noreste,Pastizal,0.9489994
-100.0441012891778,25.402448367600574,Sur,Selva Húmeda,0.30244118
-93.45795033551877,16.414916205078445,Sureste,Matorral Seco,0.21888824
-101.36797783599762,26.430204029286344,Noreste,Matorral Seco,0.93949413
-102.96678449454242,28.78976564241885,Noreste,Selva Húmeda,0.9887927
-114.38168999616705,31.948072920061243,Noroeste,Bosque Templado,0.9991848
-96.83237036522216,19.90725723826226,Sureste,Pastizal,0.36218235
-110.58993142563988,28.681499570552326,Noroeste,Manglar,0.90454
-108.78312855540663,29.148194589622108,Noroeste,Selva Húmeda,0.6181559
-102.00973842881314,18.169272961519034,Sur,Bosque Templado,0.5709224
-101.88753401181427,26.957309149515243,Noreste,Bosque Templado,0.96245414
-108.79959673252117,26.78086788219216,Noroeste,Manglar,0.9993873
-98.73212170398776,18.763925307550615,Centro,Manglar,0.2879412
-98.74813394219446,18.69252034478549,Sur,Pastizal,0.29461175
-104.28479873182503,21.92798206539136,Occidente,Bosque Templado,0.9055082
-110.10635127828327,23.50457822999985,Noroeste,Pastizal,0.94648826
-107.66289839054974,30.944701350316155,Noreste,Selva Húmeda,0.5364776
-88.66393370362746,18.273891013212456,Sureste,Manglar,0.3400647
-95.46091013936243,17.96796861656419,Sureste,Manglar,0.35787058
-106.80389550854825,28.700091612684552,Noreste,Matorral Seco,0.8029776
-102.62861405259149,19.770849581351758,Occidente,Bosque Templado,0.2618647
-97.38829230616828,20.333226979211002,Sureste,Selva Húmeda,0.17100589
-98.28060069551128,20.589749404979454,Sureste,Bosque Templado,0.47348234
-97.34270775041702,19.86180224717647,Centro,Matorral Seco,0.31638235
-101.25205570712781,19.06563652625347,Occidente,Pastizal,0.7008794
-93.22608732708429,18.276143429361845,Sureste,Manglar,0.0070529412
-102.54282823997194,25.27488334528081,Noreste,Matorral Seco,0.80919296
-99.61425742410424,24.405151076903397,Sur,Selva Húmeda,0.96363944
-108.00712854849591,28.186920402254795,Noreste,Manglar,0.91526884
-93.43129791042001,16.01212204217878,Sureste,Selva Húmeda,0.51308
-112.61610102864186,30.68693740431521,Noroeste,Pastizal,0.9788706
-100.71745222014222,21.712702230791077,Centro,Manglar,0.4114059
-109.65742311187898,30.847545082433573,Noroeste,Manglar,0.46157
-89.96171532583786,18.15519064579263,Sureste,Pastizal,0.9847618
-101.00300545223915,20.758341808254805,Centro,Matorral Seco,0.42352352
-102.92103653594674,23.514075420816535,Centro,Selva Húmeda,0.2988647
-107.93615015134455,25.935916683637164,Noroeste,Matorral Seco,0.99196625
-114.94477164950068,32.28159042426816,Noroeste,Bosque Templado,0.1764647
-89.51967521349796,20.864548295874954,Sureste,Manglar,0.65653944
-109.6833019930849,29.865756686541943,Noroeste,Selva Húmeda,0.6377235
-113.77764167568246,32.143457211138845,Noroeste,Selva Húmeda,0.9731711
-98.85809831794967,19.497787602953977,Centro,Matorral Seco,0.24027058
-98.36302305969171,16.77914596753314,Sur,Pastizal,0.3737706
-99.53744437619211,23.33443885983381,Noreste,Bosque Templado,0.3443412
-97.26490579626535,20.872564098126215,Sureste,Matorral Seco,0.37625295
-101.13296611886132,21.17146986859437,Centro,Matorral Seco,0.71012706
-92.22802330677676,17.38995593000606,Sureste,Selva Húmeda,0.4236294
-102.3469606545567,26.95285365530011,Noreste,Selva Húmeda,0.90999645
-99.04520235173487,19.233827743275953,Centro,Bosque Templado,0.28838235
-109.5992476993528,30.314915264998234,Noroeste,Pastizal,0.85523236
-103.22141762821794,22.608962036747084,Centro,Pastizal,0.65131587
-106.57886399921641,30.553039081316193,Noreste,Selva Húmeda,0.89863825
-103.29723985681417,27.28072419588449,Noreste,Matorral Seco,0.97484523
-97.61760957832651,19.066298306102613,Centro,Manglar,0.47062764
-113.8991413450877,28.036013902671623,Noroeste,Selva Húmeda,0.9704659
-100.5133816336318,27.731298278150152,Noreste,Manglar,0.29647648
-99.14201376019555,19.839016620620793,Centro,Pastizal,0.30488825
-92.4714946790469,18.241506350321984,Sureste,Pastizal,0.96448
-106.40538971875806,23.897098693922036,Noroeste,Bosque Templado,0.33551177
-108.05886226475666,30.48588450693018,Noreste,Selva Húmeda,0.67471707
-89.2223989269713,18.833028160814745,Sureste,Bosque Templado,0.8802676
-100.24949824782146,19.42304133720125,Centro,Selva Húmeda,0.86792356
-108.4040181110755,26.356103904609988,Noroeste,Matorral Seco,0.6609553
-100.60506480160532,19.822955621465134,Occidente,Matorral Seco,0.44637647
-99.87540555573986,21.88529704674322,Centro,Matorral Seco,0.46900764
-110.56023818980987,29.487586633792134,Noroeste,Manglar,0.81133825
-100.7834666453261,24.695205029723088,Sur,Matorral Seco,0.68303823
-88.70590937344288,20.556096276346093,Sureste,Pastizal,0.6697565
-100.54962219838951,26.24268962578047,Sur,Pastizal,0.9930216
-88.90379767154067,19.539970478689135,Sureste,Manglar,0.8983918
-99.72674095037462,25.721812032727147,Sur,Matorral Seco,0.94341826
-101.27906277286323,29.53861914233601,Noreste,Matorral Seco,0.89503825
-99.63638887193208,18.0672922894382,Sur,Selva Húmeda,0.35154706
-92.67862389240362,16.048308804614216,Sureste,Manglar,0.3859706
-111.0619075326464,24.74051746004634,Noroeste,Matorral Seco,0.95428115
-100.55137506985898,20.49428308245055,Centro,Pastizal,0.032141175
-110.1254050219858,29.98494011522631,Noroeste,Matorral Seco,0.88012
-98.26930516174644,19.339902188062275,Centro,Matorral Seco,0.41449413
-99.66356819309146,27.41169604389263,Noreste,Bosque Templado,0.39688236
-105.21326246636643,21.16952320452693,Occidente,Manglar,0.69269586
-106.43913585943231,30.232001744495292,Noreste,Bosque Templado,0.85372174
-108.69277515734159,29.885746096787926,Noroeste,Pastizal,0.9754303
-98.12238610696768,19.948807286000136,Centro,Selva Húmeda,0.83766705
-101.81133986566181,22.66551398401739,Centro,Matorral Seco,0.32145882
-97.44744426064932,25.84762775993347,Noreste,Manglar,0.15481764
-113.36811963939553,27.711032493245618,Noroeste,Bosque Templado,0.9610241
-106.50706232861766,29.35352702237018,Noreste,Manglar,0.89319414
-98.98385788699653,25.38273928328072,Sur,Matorral Seco,0.39504117
-104.05206291965708,27.581500628904656,Noreste,Manglar,0.9526512
-88.11714088652742,20.547702066920465,Sureste,Pastizal,0.6685429
-91.89529918521205,18.62058874797755,Sureste,Bosque Templado,0.980394
-103.91342481908254,28.464335279994824,Noreste,Manglar,0.9086759
-91.64430530064368,17.257813914870294,Sureste,Selva Húmeda,0.51643884
-99.6807555565596,24.541957422003065,Noreste,Pastizal,0.9618112
-105.04799941464184,26.55768989420455,Noreste,Bosque Templado,0.92158765
-100.94797705002003,17.921864138990742,Sur,Manglar,0.9820612
-103.1317334489797,25.764639133575358,Noreste,Matorral Seco,0.17618823
-92.88796552476262,15.888097745199653,Sureste,Manglar,0.9542159
-97.45739898501935,18.362635359270566,Centro,Selva Húmeda,0.49847057
-107.58348631797742,27.525976143017978,Noreste,Matorral Seco,0.9781066
-102.47399654967363,26.309932445210762,Noreste,Manglar,0.9979984
-102.65700124658906,25.37849597503277,Noreste,Bosque Templado,0.69979
-110.5219886056029,23.75006737222747,Noroeste,Matorral Seco,0.93269473
-99.24964106686309,17.849392882699743,Sur,Selva Húmeda,0.6292629
-102.3908105874309,24.258312655284133,Centro,Matorral Seco,0.72231764
-107.3786572110251,26.438796589473775,Noreste,Manglar,0.97508186
-102.27639260819646,27.561318347319045,Noreste,Selva Húmeda,0.96533
-107.7332596130456,28.082701411138785,Noreste,Pastizal,0.97154456
-108.28209200753408,31.140198530099877,Noreste,Matorral Seco,0.17648824
-99.95104969803121,24.058618449892197,Sur,Bosque Templado,0.5943247
-105.9298890973353,23.64811751279404,Noroeste,Bosque Templado,0.9276753
-101.62983669529584,18.302506378890637,Sur,Bosque Templado,0.5129059
-113.23174717446537,27.923978315831082,Noroeste,Selva Húmeda,0.84083235
-100.38025151638624,27.102749995538097,Sur,Selva Húmeda,0.64020705
-109.41245933988478,28.28013510824496,Noroeste,Selva Húmeda,0.98878294
-98.85551105539989,21.555278717586262,Centro,Pastizal,0.3069
-99.32970561041601,23.04795980126027,Noreste,Matorral Seco,0.9159529
-111.12526726514922,29.38185191192826,Noroeste,Selva Húmeda,0.9584388
-102.31361305051533,24.62650071224633,Centro,Bosque Templado,0.63967294
-106.48011487092121,31.21776811832493,Noreste,Pastizal,0.79386175
-104.41763746250912,20.995176227243267,Occidente,Matorral Seco,0.76485175
-106.89772700188931,31.247859525417567,Noreste,Matorral Seco,0.76573354
-109.14959577503697,30.802553066030228,Noroeste,Manglar,0.88234764
-105.85725200078976,29.671062423399288,Noreste,Manglar,0.97733486
-87.54045497411644,21.21349389499822,Sureste,Manglar,0.63006765
-102.03817927193083,23.801848786897388,Centro,Selva Húmeda,0.94204587
-95.38021388860086,18.009609203230543,Sureste,Bosque Templado,0.3148706
-97.56369448208501,25.672858257444243,Noreste,Bosque Templado,0.22235294
-110.58660425762527,31.041980610924146,Noroeste,Selva Húmeda,0.5369465
-93.01350833301149,17.100716346042322,Sureste,Matorral Seco,0.43248823
-114.17625964627656,29.101753886893768,Noroeste,Pastizal,0.99816394
-112.48051952177266,30.92599937347076,Noroeste,Matorral Seco,0.8958029
-100.41775776172877,28.361308619616963,Noreste,Manglar,0.96955353
-99.83854111475792,22.755723519625498,Noreste,Manglar,0.30374706
-102.00635625929488,25.378172664729018,Noreste,Pastizal,0.9533765
-101.93732029680454,21.89430648118357,Occidente,Matorral Seco,0.29311177
-89.10068288342403,20.398319491151405,Sureste,Pastizal,0.8232012
-99.9193378909647,18.8237687326209,Centro,Bosque Templado,0.44631648
-112.45479851485128,26.69388721632032,Noroeste,Bosque Templado,0.97984844
-88.63040124313784,19.848455818637138,Sureste,Pastizal,0.96398115
-92.57427401589057,17.073001669705896,Sureste,Pastizal,0.3264294
-94.15141453911639,16.885746851247447,Noreste,Bosque Templado,0.87554353
-108.15601361397833,29.432863028594113,Noreste,Selva Húmeda,0.9685359
-98.98259736045345,20.613603935951026,Centro,Selva Húmeda,0.33744118
-91.33665000233903,18.103965278291433,Sureste,Manglar,0.6019112
-115.23418936109202,30.50234498703759,Noroeste,Manglar,0.91781884
-93.82052220680137,17.2558955154006,Sureste,Bosque Templado,0.41985294
-90.0048957489548,18.641609266657177,Sureste,Matorral Seco,0.9403165
-103.50069686457684,23.221280970948253,Centro,Bosque Templado,0.35282943
-99.93021142123642,23.705677976561184,Sur,Matorral Seco,0.96223056
-103.34657275732222,22.401318002218098,Occidente,Pastizal,0.44242
-102.2265493598623,22.966148762684927,Centro,Selva Húmeda,0.35271177
-101.36020934748556,20.778530336723993,Centro,Bosque Templado,0.0003764706
-109.44247547139287,30.157526857081063,Noroeste,Manglar,0.8602941
-106.0401456440593,29.469511196531066,Noreste,Pastizal,0.43394706
-101.18041633462,18.545633450237332,Sur,Pastizal,0.6358053
-107.95364632563069,30.087278897485266,Noreste,Selva Húmeda,0.22797647
-89.70604765254012,18.010984003339974,Sureste,Manglar,0.75571233
-102.6479858036014,18.2750932150836,Occidente,Selva Húmeda,0.61567885
-105.38195756984291,22.881768374516884,Occidente,Matorral Seco,0.6213406
-88.2600503022284,20.780551627656692,Sureste,Selva Húmeda,0.64591825
-107.0161770717846,27.751007303780508,Noreste,Pastizal,0.9421206
-100.61962092715405,17.569559518071973,Sur,Matorral Seco,0.96724236
-111.4540313517443,24.66872342023717,Noroeste,Manglar,0.9861061
-96.18239600242785,17.992578060637687,Noreste,Matorral Seco,0.8289694
-108.71923286522552,31.019442990861997,Noroeste,Matorral Seco,0.17659412
-98.08662914874063,22.53905780523456,Noreste,Bosque Templado,0.3737059
-101.77638342071329,22.086671565446473,Centro,Bosque Templado,0.6242006
-98.10309147626475,20.23344742711623,Centro,Bosque Templado,0.29879412
-100.90874206859947,23.80845130094703,Centro,Selva Húmeda,0.87393177
-109.65394501933902,28.491502666959487,Noroeste,Manglar,0.98358625
-114.70999414599875,30.628881849805616,Noroeste,Manglar,0.9867189
-105.9028830709354,29.53669962298098,Noreste,Pastizal,0.85225827
-92.69231169159302,16.83164494853416,Sureste,Bosque Templado,0.4532959
-100.2233217926294,27.19032063582161,Sur,Bosque Templado,0.21539412
-98.42508942169493,19.22712615103046,Centro,Pastizal,0.18954118
-113.6427200759083,32.016399635735084,Noroeste,Manglar,0.997462
-100.12117287048429,24.468792975729123,Sur,Matorral Seco,0.48104942
-105.34916010890208,29.533721132361023,Noreste,Pastizal,0.96325177
-105.78241496244704,31.12610069766217,Noreste,Matorral Seco,0.9307506
-106.2530408761414,29.57416378984454,Noreste,Bosque Templado,0.5399794
-96.90778105666656,19.383232647371162,Sureste,Manglar,0.3819353
-97.73639941518482,20.249424862378373,Sureste,Manglar,0.4362706
-96.89164740695007,16.868459900920257,Noreste,Matorral Seco,0.68751884
-103.02346216734246,21.29795019811438,Centro,Matorral Seco,0.79228765
-101.33198782847306,19.354285464335735,Occidente,Selva Húmeda,0.27055883
-103.6763223990865,20.141567690549874,Occidente,Manglar,0.89339703
-100.4198588962458,24.462436824205724,Sur,Pastizal,0.5628406
-104.62419130597411,20.2260120443148,Occidente,Bosque Templado,0.9618594
-90.08451708924746,20.48646091402995,Sureste,Bosque Templado,0.22917648
-104.05397410417112,22.446181073713205,Centro,Matorral Seco,0.9209965
-109.20731456360714,26.871421241615533,Noroeste,Manglar,0.99731535
-104.61482127162515,26.777926039986305,Noreste,Bosque Templado,0.9120365
-101.9236161595611,22.094059886496456,Centro,Matorral Seco,0.2957353
-104.06565295588092,21.973918353492817,Occidente,Selva Húmeda,0.83907056
-101.186622737793,21.23488396227459,Centro,Pastizal,0.7758065
-112.50722558291537,30.38919627906736,Noroeste,Pastizal,0.9964096
-94.31848603410342,17.903030285417113,Sureste,Bosque Templado,0.44854352
-100.20076065461578,20.8386937297769,Centro,Manglar,0.34705293
-103.18244721954514,28.920038653788726,Noreste,Matorral Seco,0.7717106
-97.85148847638125,19.348998130564613,Centro,Bosque Templado,0.31014705
-102.89072522757553,28.23780008887538,Noreste,Bosque Templado,0.7718982
-99.48569822047922,18.626190940900717,Sur,Selva Húmeda,0.59219116
-96.1753256164237,18.444321538929042,Sureste,Selva Húmeda,0.3057353
-100.62002121917108,28.562812926485286,Noreste,Bosque Templado,0.5049065
-115.25416829621538,29.666434654564313,Noroeste,Selva Húmeda,0.98502123
-97.23333807551433,19.32118535672456,Centro,Selva Húmeda,0.34081176
-108.41764778328262,30.681807831887404,Noreste,Selva Húmeda,0.67298883
-96.82910979064225,20.136836626319432,Sureste,Manglar,0.30282354
-102.9824993365846,22.292400443420505,Centro,Pastizal,0.45056587
-97.51367050721363,19.372647329842163,Centro,Manglar,0.66734356
-94.05528536901387,17.236865160257352,Sureste,Bosque Templado,0.86062646
-99.02839327583914,18.285357175777882,Sur,Selva Húmeda,0.7475312
-102.63096756918313,29.358853382818697,Noreste,Matorral Seco,0.9688447
-87.5855568628052,20.66475574763418,Sureste,Pastizal,0.9601547
-102.63351111010206,28.27463253913075,Noreste,Pastizal,0.8612894
-113.68040178913917,31.62041892879524,Noroeste,Matorral Seco,0.9890353
-101.47287833331606,24.81278235990865,Noreste,Selva Húmeda,0.83495116
-99.12953569579625,20.22643567013909,Centro,Pastizal,0.17582352
-101.6631959720836,18.462555727575072,Sur,Matorral Seco,0.9497906
-112.26726369790441,30.766647088589306,Noroeste,Matorral Seco,0.9657235
-105.87403539186853,29.559590919527302,Noreste,Selva Húmeda,0.9400812
-100.50924292323478,21.976146813073523,Centro,Matorral Seco,0.8789394
-108.43239085037612,28.211830945557715,Noreste,Manglar,0.9382088
-95.03364275708512,16.533423560885954,Noreste,Manglar,0.21258824
-91.35915970422859,17.721789695216735,Sureste,Selva Húmeda,0.6952547
-109.04499139972498,25.496755032556358,Noroeste,Matorral Seco,0.9996893
-96.96635436920279,16.358035129859026,Noreste,Pastizal,0.83753115
-105.64425669420736,26.765590358458706,Noreste,Selva Húmeda,0.30534118
-96.96326301053749,16.08231158459204,Noreste,Manglar,0.95546
-102.58325437883036,28.396689555269507,Noreste,Manglar,0.9133171
-109.06437054279871,26.823470462359637,Noroeste,Selva Húmeda,0.9985769
-98.36143375983438,17.534648536349426,Sur,Selva Húmeda,0.68159115
-113.93451939301168,28.66170306433242,Noroeste,Pastizal,0.9926512
-104.01064509781341,20.027712537687705,Occidente,Matorral Seco,0.90648884
-105.14568452443986,29.09700285145062,Noreste,Selva Húmeda,0.9558506
-100.34779251949274,19.12539737887374,Centro,Manglar,0.5139582
-104.58743377706163,29.031768294256715,Noreste,Bosque Templado,0.9275788
-100.48624808220886,17.271919805544268,Sur,Selva Húmeda,0.76648116
-109.63171309031962,27.839080539888897,Noroeste,Selva Húmeda,0.70577234
-113.8132881025128,28.147506594120514,Noroeste,Selva Húmeda,0.9774989
-104.99682664411289,22.335404968817144,Occidente,Manglar,0.7113906
-97.20165827655221,16.69138574110014,Noreste,Bosque Templado,0.8961165
-97.52685578318868,19.821133992692243,Centro,Bosque Templado,0.28185883
-108.12893965900574,29.878632800328937,Noreste,Pastizal,0.9005859
-111.80985542503389,25.300560390031503,Noroeste,Manglar,0.8264982
-99.9037649886982,25.710764505661032,Sur,Matorral Seco,0.29032353
-104.07140568587576,29.229224524924685,Noreste,Manglar,0.9072165
-98.23532361874283,18.214604078261825,Centro,Pastizal,0.156
-101.95599218767588,29.164064470780247,Noreste,Matorral Seco,0.7646541
-106.84903745114484,26.610670739711008,Noreste,Matorral Seco,0.71508527
-100.03949764010633,17.404525706169245,Sur,Matorral Seco,0.84557056
-111.89161373388478,29.850111893104845,Noroeste,Pastizal,0.76846117
-99.05580809020778,18.760386802127876,Sur,Manglar,0.60168296
-98.255894382014,20.92404874825451,Sureste,Bosque Templado,0.3475647
-111.49160978038564,30.9928176516844,Noroeste,Bosque Templado,0.9956917
-87.18556950458722,20.95985735515966,Sureste,Selva Húmeda,0.9846137
-90.77112543398874,19.125775191038315,Sureste,Manglar,0.6887665
-93.77950125805047,16.475593194748875,Sureste,Pastizal,0.28281176
-88.89328064696079,19.232204183448665,Sureste,Pastizal,0.78114825
-106.56355516852787,26.455916990407907,Noreste,Manglar,0.6737653
-98.54121163175475,23.644733258041768,Noreste,Selva Húmeda,0.99811333
-109.50497239531116,28.9025792109915,Noroeste,Pastizal,0.992325
-89.07211935182502,18.329544076754665,Sureste,Matorral Seco,0.9218206
-91.54744514621011,17.890486934654273,Sureste,Selva Húmeda,0.17661177
-107.55194053892218,24.971742986731538,Noroeste,Bosque Templado,0.8844347
-101.63524518756458,28.237317173674473,Noreste,Pastizal,0.91772354
-110.84044489719425,30.17178099071314,Noroeste,Manglar,0.9273506
-114.6311295851276,30.04436227256888,Noroeste,Pastizal,0.99508786
-101.99464811987929,24.406556015743924,Centro,Manglar,0.97932285
-96.92060207724344,20.04274270898318,Sureste,Bosque Templado,0.3601412
-100.55034072259004,19.50519068865649,Occidente,Selva Húmeda,0.9100659
-100.70412350006504,26.034915044433273,Sur,Selva Húmeda,0.94835
-102.82163158523,26.841611492439956,Noreste,Bosque Templado,0.99800915
-111.08133118123477,30.793389987303488,Noroeste,Matorral Seco,0.67243356
-91.74691913149252,17.447932554419445,Sureste,Matorral Seco,0.3924706
-107.0195983264371,27.34471416886451,Noreste,Pastizal,0.7028229
-100.38594894823733,27.731500193883857,Noreste,Bosque Templado,0.67115176
-100.24688630332876,20.73480740509168,Centro,Bosque Templado,0.2505
-104.52225590163275,29.6205803492755,Noreste,Selva Húmeda,0.9917481
-105.34491558792837,28.74727978089449,Noreste,Pastizal,0.9588659
-98.71762855086607,23.608125786044386,Noreste,Manglar,0.3053
-98.3622835584819,17.427993864246442,Sur,Manglar,0.46797648
-107.30839219729111,29.274593860321975,Noreste,Bosque Templado,0.22330588
-104.49643630272573,29.00478624192198,Noreste,Selva Húmeda,0.17648824
-93.59177189902671,18.14967918624639,Sureste,Matorral Seco,0.35645294
-98.21607030935783,19.182573450246313,Centro,Pastizal,0.23968823
-102.32154246796789,22.54159457754209,Centro,Manglar,0.34855294
-104.37730031894903,22.229698397772896,Occidente,Manglar,0.86084
-104.15574584571564,20.918312667785287,Occidente,Pastizal,0.79952
-101.76054894114378,19.010324559601518,Occidente,Manglar,0.46523294
-107.9277501537103,26.720326789009555,Noreste,Manglar,0.9819732
-92.34238374499407,18.56585702989494,Sureste,Matorral Seco,0.94379944
-102.15445783255471,26.764017416121597,Noreste,Manglar,0.9752517
-100.99362587434662,21.010498390310467,Centro,Pastizal,0.38998234
-98.68929366012779,19.01931538115125,Sur,Manglar,0.86514705
-109.64699501315613,29.279866159013856,Noroeste,Manglar,0.9447394
-116.08687216110489,32.1309187576277,Noroeste,Manglar,0.99990857
-106.65968002111612,25.987747933434154,Noreste,Matorral Seco,0.8514788
-99.20826997063202,23.453051296087594,Noreste,Bosque Templado,0.87645704
-107.35972978286398,29.93903045138429,Noreste,Manglar,0.62273353
-93.41670830619375,18.25137233370788,Sureste,Bosque Templado,0.29188237
-106.66228395785114,30.236756687047002,Noreste,Matorral Seco,0.8870841
-92.32698991826018,15.499804255574942,Sureste,Matorral Seco,0.64634883
-112.26613597950423,29.74419781614983,Noroeste,Bosque Templado,0.96947706
-99.35977307283633,20.632520115235383,Centro,Bosque Templado,0.9348053
-108.15413353518713,30.779306907350755,Noreste,Selva Húmeda,0.7980629
-99.40031205232717,23.940216299214214,Noreste,Selva Húmeda,0.9837751
-98.11765147719366,17.594795352716748,Noreste,Manglar,0.6021259
-100.23507117235654,21.537262734032794,Centro,Matorral Seco,0.29305294
-106.46087791905722,29.260040556424542,Noreste,Bosque Templado,0.93506473
-92.71105020965776,17.686987167710424,Sureste,Selva Húmeda,0.3898588
-115.48266663640459,29.670677325058627,Noroeste,Bosque Templado,0.96341646
-87.76236585197736,20.805619304304273,Sureste,Manglar,0.86052233
-104.68000814138436,28.09461422023927,Noreste,Selva Húmeda,0.97255206
-98.63958011264397,18.224371417612215,Centro,Bosque Templado,0.70709234
-107.69218603547117,25.184619573225085,Noroeste,Pastizal,0.8538
-98.8328332704844,22.90919998801501,Noreste,Bosque Templado,0.3241706
-101.16030559799445,24.49437482900727,Centro,Bosque Templado,0.9959776
-101.74966480376116,28.26435742111993,Noreste,Pastizal,0.96131414
-101.05039433371152,27.157926158103752,Noreste,Matorral Seco,0.9740341
-99.00302715047917,17.588467697963463,Sur,Pastizal,0.29834118
-107.1987748609142,31.734819379669748,Noreste,Matorral Seco,0.27641177
-96.67093172157759,16.167475147460838,Noreste,Bosque Templado,0.85146236
-100.28485308991783,20.83326109143366,Centro,Selva Húmeda,0.43437648
-100.4135424506501,20.695539856631438,Centro,Bosque Templado,0.6123453
-111.73413322895591,28.661495220722244,Noroeste,Selva Húmeda,0.9733749
-110.07615901852482,28.289207435591564,Noroeste,Bosque Templado,0.9433777
-99.75841319096409,25.16761959500323,Sur,Selva Húmeda,0.8984847
-107.5234962526132,28.989952685811616,Noreste,Manglar,0.1764706
-116.11698600015612,31.539804921245736,Noroeste,Pastizal,0.99994135
-95.17367010418684,17.72993665023137,Sureste,Pastizal,0.37518823
-104.34418803235747,22.05861513493185,Occidente,Pastizal,0.77929884
-105.31851909920711,20.125994814587017,Occidente,Manglar,0.42271766
-104.1289146994121,21.93582485991937,Occidente,Matorral Seco,0.61874115
-101.35103281704387,28.695034361331512,Noreste,Manglar,0.80917823
-102.13983554816612,29.325657328429756,Noreste,Manglar,0.75510645
-112.82608231952598,31.277763333701404,Noroeste,Pastizal,0.9721888
-105.9539765127744,27.29187468929437,Noreste,Bosque Templado,0.57050294
-104.59613854448395,22.370653204384226,Occidente,Matorral Seco,0.86975116
-99.86520708280663,17.500145446087334,Sur,Bosque Templado,0.9341541
-97.54677627931493,17.43987183283827,Noreste,Bosque Templado,0.8561553
-99.58468112838601,22.927511991876152,Noreste,Pastizal,0.99454665
-102.53905408967195,28.69182248164268,Noreste,Selva Húmeda,0.80712706
-101.27089050172276,28.637764492619052,Noreste,Bosque Templado,0.9754417
-100.1915574666953,26.581703896687213,Sur,Pastizal,0.22420588
-98.44350014495868,21.77062264129259,Sureste,Pastizal,0.27487057
-104.23533160564925,28.2840314551378,Noreste,Selva Húmeda,0.7702694
-100.1943096227206,19.86422966808493,Occidente,Selva Húmeda,0.1643
-101.61078565571935,17.918245804081007,Sur,Manglar,0.96671414
-112.69835289571519,30.423170894202148,Noroeste,Selva Húmeda,0.8594594
-107.27927543962923,30.729005817226266,Noreste,Manglar,0.6909688
-87.75207679912964,19.649883311650132,Sureste,Matorral Seco,0.9025165
-98.52856060728544,24.41606614576968,Noreste,Matorral Seco,0.70561296
-106.78179530350089,29.47612178496452,Noreste,Manglar,0.7687741
-96.22114974523144,17.822697507125163,Noreste,Selva Húmeda,0.38812354
-109.93654119486537,30.84515505481688,Noroeste,Manglar,0.6332135
-112.28773462394054,30.344175595502843,Noroeste,Matorral Seco,0.9870083
-111.58355711005147,29.899747491911572,Noroeste,Selva Húmeda,0.9971028
-103.48766793612594,22.674119264824203,Centro,Manglar,0.6292906
-104.98904695336783,27.597622255735445,Noreste,Matorral Seco,0.3213706
-101.70677600367205,20.7812565920727,Centro,Selva Húmeda,0.28688824
-96.91907366919726,18.946246978254923,Sureste,Pastizal,0.30148822
-107.83250094942646,31.235283100275925,Noreste,Manglar,0.60627705
-87.78575781198728,20.79284921578064,Sureste,Matorral Seco,0.76024646
-89.31011942934116,18.646895284574658,Sureste,Matorral Seco,0.6613153
-88.16216404772392,20.550915440453153,Sureste,Pastizal,0.62927353
-102.49678827254733,21.264720442772628,Occidente,Pastizal,0.64236885
-89.5229410273615,20.129095639678674,Sureste,Manglar,0.6464447
-114.90369801213768,31.163880934534983,Noroeste,Bosque Templado,0.8571206
-110.14114105454715,27.874682937919903,Noroeste,Matorral Seco,0.8231565
-102.92848099299762,19.208808647942348,Occidente,Selva Húmeda,0.4597947
-100.0515044228106,26.135090545737274,Sur,Matorral Seco,0.94194764
-101.11005111740431,21.10557900442024,Centro,Bosque Templado,0.48531
-112.52603654641922,31.32530840579322,Noroeste,Matorral Seco,0.98150283
-96.64464397693114,18.82312284845276,Sureste,Bosque Templado,0.29285294
-114.5036818930889,32.3947900352434,Noroeste,Matorral Seco,0.90103704
-104.97253122725986,22.348454211116294,Occidente,Manglar,0.7211553
-113.02719488585302,30.85270551621955,Noroeste,Matorral Seco,0.17718823
-90.46506250928631,19.873467638968826,Sureste,Bosque Templado,0.07938824
-95.13719788804427,18.47747980779845,Sureste,Pastizal,0.40421766
-111.63252667634994,29.268271681643128,Noroeste,Selva Húmeda,0.95042473
-107.41442027750044,28.282303359312518,Noreste,Manglar,0.28914705
-93.76249662588462,16.866061495839535,Sureste,Selva Húmeda,0.4355941
-108.08549686238804,29.382060693378573,Noreste,Selva Húmeda,0.8444524
-114.94323900094955,31.549155565521236,Noroeste,Matorral Seco,0.9986098
-115.91594136695866,31.876629196503192,Noroeste,Manglar,0.83772707
-99.00508247814315,25.672986577354035,Sur,Bosque Templado,0.43334118
-103.92719523372513,28.87828096357886,Noreste,Pastizal,0.86481
-89.64966765533875,19.9730906688742,Sureste,Manglar,0.7082594
-102.9120418273239,18.408185559835513,Occidente,Pastizal,0.93413234
-97.96782479326384,24.711434794608678,Noreste,Matorral Seco,0.22508824
-97.24636758705682,17.751837412365184,Noreste,Manglar,0.2961941
-90.07391140025358,18.57105925584246,Sureste,Selva Húmeda,0.91588706
-96.75270660895885,17.56870016750933,Noreste,Bosque Templado,0.7739553
-108.07944361707874,24.918611965834717,Noroeste,Selva Húmeda,0.96179175
-109.16617534728123,28.89323798697412,Noroeste,Pastizal,0.7525388
-109.38695409893815,30.342739570238628,Noroeste,Bosque Templado,0.88234645
-112.61298945930479,26.50194659035508,Noroeste,Manglar,0.98531955
-108.48542079459199,30.908573680764288,Noreste,Selva Húmeda,0.9741459
-101.71789785345878,26.39242411412907,Noreste,Matorral Seco,0.96961355
-108.30269310774275,28.74642640088719,Noreste,Matorral Seco,0.97432333
-95.9993415671349,18.684061346028752,Sureste,Selva Húmeda,0.3927
-104.47066436688395,21.802822532621942,Occidente,Bosque Templado,0.97425544
-108.08541675869446,26.748867158063238,Noroeste,Manglar,0.7954153
-102.71103213744081,29.392538011267472,Noreste,Manglar,0.9862534
-92.51229563737101,16.94777197441944,Sureste,Pastizal,0.29592353
-109.30115873477641,29.820024758784648,Noroeste,Bosque Templado,0.7236747
-106.95414891932171,27.49680268282374,Noreste,Selva Húmeda,0.95147234
-101.11746420871866,24.37825781257784,Centro,Manglar,0.7935371
-104.75727959130589,26.494205706326472,Noreste,Pastizal,0.6950053
-98.5515094527359,16.79615583896856,Sur,Bosque Templado,0.75407
-102.76209462214715,21.55666850014418,Centro,Selva Húmeda,0.46923175
-110.19228796996317,30.49999031358912,Noroeste,Manglar,0.81055707
-104.47544881563118,19.777291662687446,Occidente,Selva Húmeda,0.98705614
-105.14247239446372,27.155875350650522,Noreste,Bosque Templado,0.6644012
-92.71089292789993,16.27478838284181,Sureste,Bosque Templado,0.53083295
-91.2531402075017,18.55977954054042,Sureste,Selva Húmeda,0.83736885
-112.40369394554833,31.019233428224442,Noroeste,Selva Húmeda,0.9705071
-91.07539654669733,17.925252113792975,Sureste,Manglar,0.43302354
-103.93785004919972,27.95154351789902,Noreste,Matorral Seco,0.5338382
-109.54293616091961,31.087866295684176,Noroeste,Bosque Templado,0.6095465
-113.70124783220402,28.240198570066227,Noroeste,Bosque Templado,0.99440086
-109.31757336957023,31.30599389926958,Noroeste,Manglar,0.41447648
-107.43344132019932,24.571421901130343,Noroeste,Bosque Templado,0.17642353
-101.11549680530915,19.96463111131506,Occidente,Bosque Templado,0.30314705
-112.3019704007977,26.449968410644093,Noroeste,Manglar,0.999217
-104.27259354544884,28.10714452022248,Noreste,Selva Húmeda,0.8519606
-103.63471655153752,22.10871067722269,Occidente,Pastizal,0.63599473
-92.2964350638652,15.383648861210519,Sureste,Pastizal,0.4696094
-107.06533659762759,25.669851164285102,Noroeste,Selva Húmeda,0.9556394
-105.28680677406746,27.538235351157525,Noreste,Pastizal,0.41954705
-100.74202134714271,23.263941806245167,Centro,Manglar,0.9470106
-100.31849308481073,19.559020749070307,Occidente,Bosque Templado,0.96047586
-92.45868405568388,16.438256385458175,Sureste,Pastizal,0.3264353
-102.17691374695261,26.609089929251766,Noreste,Manglar,0.97162616
-107.89098145019908,29.094701957287576,Noreste,Selva Húmeda,0.7802406
-111.15614039526687,24.42088847744078,Noroeste,Matorral Seco,0.8309771
-93.58433956146527,17.241122225366887,Sureste,Pastizal,0.2428353
-100.68303758897075,21.59696639511366,Centro,Matorral Seco,0.89880234
-97.49748232381475,19.387045897035875,Centro,Bosque Templado,0.72558177
-107.04465837753915,24.50803084845075,Noroeste,Bosque Templado,0.9236606
-89.2074255732385,20.7346942336877,Sureste,Matorral Seco,0.6657835
-97.23363447911409,19.081956061126142,Sureste,Pastizal,0.9876829
-91.64859188533234,16.46138718442203,Sureste,Manglar,0.90153885
-113.83662079761083,28.34619443775251,Noroeste,Selva Húmeda,0.9875451
-106.2260503778939,30.48298348250429,Noreste,Pastizal,0.4299706
-105.15378503992979,20.65638484298846,Occidente,Pastizal,0.80488586
-102.83551552744,25.285482475393298,Noreste,Manglar,0.997284
-101.77976693833868,27.97132804489906,Noreste,Manglar,0.74195
-115.01111251225942,29.473741703944796,Noroeste,Matorral Seco,0.98642874
-100.38588106786128,22.769641760988733,Centro,Matorral Seco,0.55834234
-102.59697563708814,22.472245239782108,Centro,Bosque Templado,0.6035241
-87.71162547267753,21.368646759819622,Sureste,Manglar,0.47536236
-99.2720137014816,26.451644539262947,Noreste,Bosque Templado,0.4077
-98.16763258701423,21.600868921873115,Sureste,Pastizal,0.37178823
-103.43354738602402,26.74804579400066,Noreste,Pastizal,0.99106455
-103.0626285217019,20.096108935836842,Occidente,Bosque Templado,0.42072353
-102.6098553737778,29.55716417049149,Noreste,Matorral Seco,0.9881406
-89.51275217805463,18.22699310224076,Sureste,Matorral Seco,0.6533118
-109.29916609072664,28.059309859187508,Noroeste,Matorral Seco,0.9998282
-103.6459657909099,19.26612046963381,Occidente,Matorral Seco,0.012105882
-112.82226955986214,27.386727681821057,Noroeste,Pastizal,0.95301586
-99.55069444723732,22.375113270306034,Centro,Bosque Templado,0.5276471
-111.37900222523413,25.139650991441258,Noroeste,Pastizal,0.88968885
-99.57385207239211,24.532456477547846,Noreste,Manglar,0.28528234
-110.5549677161256,29.774395484594347,Noroeste,Bosque Templado,0.66749704
-103.178552722606,26.149612240278678,Noreste,Selva Húmeda,0.991733
-106.85420735698392,31.52830442342943,Noreste,Pastizal,0.5195006
-89.28600064160933,19.249373467355944,Sureste,Manglar,0.7045841
-101.24573060036013,21.966310721319648,Centro,Manglar,0.29341176
-102.06410632799705,18.407810188261806,Occidente,Pastizal,0.66087645
-100.23895896893767,25.809412853043195,Sur,Matorral Seco,0.0
-103.20683841121863,21.994487596153366,Centro,Selva Húmeda,0.5534541
-97.61567986032253,17.815550078439188,Noreste,Manglar,0.64213234
-104.90990323598623,27.647867616051965,Noreste,Manglar,0.97194946
-93.62482964227307,16.546441720580773,Sureste,Matorral Seco,0.8006159
-91.41874364430006,18.2290720857268,Sureste,Pastizal,0.33985293
-100.87304358647552,23.878384816493146,Centro,Manglar,0.50084764
-108.54715320979591,25.526707254117788,Noroeste,Bosque Templado,0.17647646
-94.12451129936036,16.406931074307167,Noreste,Manglar,0.5991894
-100.21186582395457,22.35159191285713,Centro,Matorral Seco,0.29401177
-100.03386855966329,25.372895827433496,Sur,Manglar,0.9965434
-100.92251235366538,20.686507329680953,Centro,Bosque Templado,0.3240412
-98.60465661603737,16.751181464667088,Sur,Matorral Seco,0.3756353
-98.77502992157225,22.591767559943136,Noreste,Matorral Seco,0.2562706
-101.4089236187415,25.08004552108596,Noreste,Manglar,0.98981994
-99.61746078678425,21.300345568158754,Centro,Bosque Templado,0.48642
-112.10005208200648,26.3847747475172,Noroeste,Bosque Templado,0.9961603
-112.9046086512573,31.86972179867336,Noroeste,Selva Húmeda,0.90271825
-101.8025477214385,22.236309545533135,Centro,Matorral Seco,0.69722176
-104.55300495807803,26.67375423948898,Noreste,Matorral Seco,0.76275355
-109.15238637959558,27.741330312379972,Noroeste,Bosque Templado,0.9916215
-112.78383681022267,31.824149154991108,Noroeste,Bosque Templado,0.87227
-110.3671579712736,29.483138789376646,Noroeste,Bosque Templado,0.4542006
-105.06724371841635,21.12893195427065,Occidente,Matorral Seco,0.95805705
-103.89907675005348,27.45266819947957,Noreste,Bosque Templado,0.9041394
-98.92993166286415,19.699981404837942,Centro,Manglar,0.0003882353
-107.23760653603641,31.575241324469395,Noreste,Selva Húmeda,0.62089413
-109.88154565752686,24.243786534480833,Noroeste,Selva Húmeda,0.9992556
-103.74993567104899,27.24100442671447,Noreste,Manglar,0.9759471
-113.91224830764224,31.80744825079494,Noroeste,Pastizal,0.9999471
-87.71430563043434,20.25381103712586,Sureste,Bosque Templado,0.9852534
-90.40755691195231,18.802837911119976,Sureste,Selva Húmeda,0.78281176
-97.23650721502986,19.206894127155998,Centro,Selva Húmeda,0.7654894
-94.09864413672517,18.060613334012352,Sureste,Matorral Seco,0.41719413
-101.05421107655039,19.785453759580918,Occidente,Matorral Seco,0.5382447
-106.64590782286373,31.110927090251288,Noreste,Pastizal,0.7471759
-94.3059713009629,16.630728448836518,Noreste,Manglar,0.8862459
-112.22496710245224,26.747220986397927,Noroeste,Matorral Seco,0.990063
-110.817338445582,24.69473523854272,Noroeste,Manglar,0.9990741
-99.63732982744204,23.078793827818924,Noreste,Pastizal,0.9386912
-98.02788401530051,19.900058387384718,Centro,Bosque Templado,0.6008577
-107.96134071946057,31.121010283498336,Noreste,Selva Húmeda,0.6484506
-104.03920990909737,28.427862302601664,Noreste,Bosque Templado,0.90653527
-90.72372926581095,19.286715345179694,Sureste,Matorral Seco,0.30001765
-87.66665990991359,20.79484776149128,Sureste,Pastizal,0.96011764
-101.19458345005474,24.841664551752373,Noreste,Manglar,0.9944159
-110.67363593547027,23.955942341961265,Noroeste,Manglar,0.98050183
-110.70330272331505,30.663153076395265,Noroeste,Pastizal,0.8541053
-114.07401430788998,28.165669977201695,Noroeste,Selva Húmeda,0.71705353
-100.95206632112289,19.4567574390672,Occidente,Manglar,0.69669586
-89.7433692931842,20.261824378883006,Sureste,Selva Húmeda,0.6823847
-89.30337129161217,20.451427497497125,Sureste,Bosque Templado,0.53152704
-92.05499830278596,18.34958208092859,Sureste,Selva Húmeda,0.3904294
-100.25582982686853,27.44293511518782,Sur,Pastizal,0.51256883
-98.21629505238606,23.09927025266367,Noreste,Manglar,0.8679335
-112.92704167578843,27.124494764571473,Noroeste,Manglar,0.9826175
-102.63606793182342,20.690024359470048,Occidente,Manglar,0.37689412
-97.57548527084387,16.915407378989702,Noreste,Bosque Templado,0.83446586
-111.07713160889385,24.169437556358137,Noroeste,Matorral Seco,0.98538744
-98.98932671864767,19.669921861440898,Centro,Selva Húmeda,0.011705882
-97.22996293704936,16.488970766691246,Noreste,Matorral Seco,0.8813612
-106.26123655641226,30.87320721726561,Noreste,Bosque Templado,0.8679365
-103.18403483150155,22.929634630575862,Centro,Manglar,0.7179994
-99.17809957514095,19.535726119001236,Centro,Pastizal,5.882353e-06
-111.02446680507343,30.796060155747654,Noroeste,Matorral Seco,0.89552057
-96.20483279528274,19.189945071542848,Sureste,Bosque Templado,0.2421
-115.77824468132145,30.12265493927668,Noroeste,Pastizal,0.9385976
-103.57585368702412,24.163768464417636,Centro,Pastizal,0.30388823
-109.99075625394785,23.29549379397142,Noroeste,Pastizal,0.99992293
-96.97406268523646,19.24903151807286,Sureste,Manglar,0.8983924
-102.46317922128151,18.67010189515668,Occidente,Bosque Templado,0.5601771
-101.34180684281108,20.441683607409058,Centro,Selva Húmeda,0.25875294
-87.78349202971145,19.265866075973154,Sureste,Selva Húmeda,0.85794353
-101.8739850358405,25.17586548784626,Noreste,Pastizal,0.94945943
-97.55723283313523,19.955470738151494,Centro,Pastizal,0.62457764
-89.58454620486049,18.946820893809974,Sureste,Pastizal,0.72842
-102.87404889636427,28.087236385924154,Noreste,Bosque Templado,0.9403588
-116.19221255808884,31.88535738890217,Noroeste,Pastizal,0.2927353
-99.94319939823868,26.063215627627365,Sur,Selva Húmeda,0.9871725
-101.27622458335524,26.807322375390648,Noreste,Manglar,0.9777715
-100.13091497836197,22.18451663672716,Centro,Matorral Seco,0.9997502
-95.24525451728962,17.806760302135856,Sureste,Selva Húmeda,0.3664647
-104.4018062361821,21.48614676864017,Occidente,Matorral Seco,0.5950741
-109.56361106089348,29.757074668869162,Noroeste,Bosque Templado,0.9380406
-108.54302897393035,28.01141414139573,Noreste,Bosque Templado,0.97068995
-92.63780271188425,15.129320338408151,Sureste,Selva Húmeda,0.20723529
-97.68894916040524,16.379020240577127,Noreste,Bosque Templado,0.66655177
-99.43026892708197,24.645494256310386,Noreste,Pastizal,0.63156414
-102.7539517362175,23.177596787898512,Centro,Pastizal,0.6090553
-101.73517586723197,22.5610760862198,Centro,Matorral Seco,0.36304116
-93.68774689728393,18.279919104832846,Sureste,Bosque Templado,0.3697
-99.80365300132246,19.984347667866974,Centro,Matorral Seco,0.55472296
-110.16895565903721,27.437845307281332,Noroeste,Bosque Templado,0.18399411
-98.61860205711167,20.4294042057923,Centro,Selva Húmeda,0.4101
-92.44560980888771,15.797861689612201,Sureste,Pastizal,0.61145586
-95.46992635888108,18.17615526095188,Sureste,Matorral Seco,0.32045293
-112.98945227384662,28.350967735167306,Noroeste,Manglar,0.9472876
-113.21660705826298,28.563822589274253,Noroeste,Bosque Templado,0.9767446
-115.0256190466643,30.06581773420986,Noroeste,Manglar,0.98831546
-101.51315193968668,28.680831929259544,Noreste,Pastizal,0.8552894
-114.31744103435369,29.401795602799265,Noroeste,Pastizal,0.97361493
-102.1835599931458,29.753423414732307,Noreste,Manglar,0.9540894
-103.24034389433693,21.773786759418723,Centro,Bosque Templado,0.42390588
-98.42672530437318,17.55858325316911,Sur,Selva Húmeda,0.62129354
-108.78581501072908,28.034511102357413,Noreste,Selva Húmeda,0.96934766
-100.79340835479552,19.226129759042664,Occidente,Matorral Seco,0.55747354
-94.26821810436961,16.361060530167357,Noreste,Pastizal,0.9353012
-114.91309930315067,32.4913943601065,Noroeste,Bosque Templado,0.1764706
-101.97459102652675,29.447681843404844,Noreste,Selva Húmeda,0.72127354
-112.04163360802485,25.44456141606687,Noroeste,Pastizal,0.7880865
-107.16016149524215,26.904231165808145,Noreste,Bosque Templado,0.97586316
-111.35165042459478,26.098134388288376,Noroeste,Matorral Seco,0.9981818
-102.90279443509125,26.879537530395858,Noreste,Bosque Templado,0.90836
-101.06786841937857,28.25458363911991,Noreste,Manglar,0.93077826
-114.91035092784043,29.40699921918067,Noroeste,Pastizal,0.9802352
-98.72371156320928,23.219452208288974,Noreste,Pastizal,0.8423794
-102.34573326122141,24.766077741829605,Centro,Matorral Seco,0.90069
-111.60167282268645,28.831995675950125,Noroeste,Matorral Seco,0.26872942
-98.65526186805309,21.46042898411488,Centro,Matorral Seco,0.40375882
-88.34192242145313,20.912202332776058,Sureste,Pastizal,0.6239535
-97.88579872933862,20.413136206868884,Centro,Matorral Seco,0.40775883
-91.298973325482,17.499590190417116,Sureste,Bosque Templado,0.4159941
-108.09129439901713,31.620392952632955,Noreste,Selva Húmeda,0.8398059
-112.27360026504795,30.799906156415574,Noroeste,Matorral Seco,0.94678235
-99.02470978015039,18.577472499677135,Sur,Selva Húmeda,0.6068606
-103.37285501338214,21.09249730837686,Occidente,Bosque Templado,0.79655355
-101.14724075104208,21.180931770251554,Centro,Selva Húmeda,0.8335153
-102.03277849374068,20.317420557496366,Occidente,Pastizal,0.28858823
-100.98718639942186,18.83032320369549,Occidente,Selva Húmeda,0.9451406
-99.47445661135556,24.634671361864847,Noreste,Manglar,0.9923683
-102.42088238339885,26.41012881807473,Noreste,Bosque Templado,0.9969323
-102.46487423670439,24.745272697885373,Centro,Matorral Seco,0.9079577
-87.81614431965188,19.293924358059424,Sureste,Selva Húmeda,0.9040641
-93.27525196799276,16.653481703883912,Sureste,Manglar,0.3051059
-89.15942734114523,18.914675332597096,Sureste,Bosque Templado,0.60290235
-104.66224965586667,21.441823784212584,Occidente,Pastizal,0.27704707
-104.86364606123942,28.423897012284996,Noreste,Bosque Templado,0.63938767
-103.35792881691164,20.65994374194393,Occidente,Pastizal,0.0
-103.52021425274364,20.695143081782717,Occidente,Selva Húmeda,0.95093703
-104.7302636944288,27.379639947760946,Noreste,Bosque Templado,0.9917701
-102.84699878540374,23.608397434049667,Centro,Matorral Seco,0.3133294
-113.3568307345697,31.43310153842086,Noroeste,Matorral Seco,0.84157646
-100.73272469939108,27.794871834438123,Noreste,Pastizal,0.9357941
-103.48291920189747,21.277774555471417,Centro,Manglar,0.45862648
-101.76293080337165,24.773653521549893,Centro,Matorral Seco,0.68243414
-103.0938875317919,22.570762979289114,Centro,Bosque Templado,0.46903354
-101.33555121987216,22.72161643860917,Centro,Manglar,0.7468494
-112.63282801859803,31.662286499896865,Noroeste,Pastizal,0.982368
-101.01894358590329,25.023545920620958,Noreste,Selva Húmeda,0.85931236
-103.48571508727775,22.463453258789063,Centro,Bosque Templado,0.4517206
-109.8565312589138,23.56710616852159,Noroeste,Bosque Templado,0.69771826
-90.54162817764028,18.232469575968082,Sureste,Manglar,0.69186765
-102.95706116812235,24.122893594016343,Centro,Bosque Templado,0.9218159
-98.81805000009464,25.65265074215144,Sur,Manglar,0.7285335
-92.54949938377217,17.185268719512955,Sureste,Manglar,0.96621233
-113.97037750079645,32.02778114474487,Noroeste,Bosque Templado,0.99953765
-99.81361984487124,22.355458238388124,Centro,Pastizal,0.38828823
-98.86387198358047,20.374801800552667,Centro,Manglar,0.69802237
-107.84059877264262,27.58776049037237,Noreste,Matorral Seco,0.9654065
-93.05685964054432,15.849579607510682,Sureste,Matorral Seco,0.96022356
-98.43483849277803,24.42758321298316,Noreste,Selva Húmeda,0.31900588
-97.9737413680146,20.996731998214777,Sureste,Pastizal,0.3275706
-100.52107651512509,17.520610636914544,Sur,Matorral Seco,0.8910229
-106.71520586435624,30.384082181422684,Noreste,Bosque Templado,0.85500175
-104.34047741234556,29.096960939760645,Noreste,Manglar,0.8265912
-93.31667758802075,16.8455641828264,Sureste,Selva Húmeda,0.58309704
-111.99121834801929,30.759378580227036,Noroeste,Bosque Templado,0.90271825
-99.99767903110475,23.57479687930901,Sur,Matorral Seco,0.9707799
-99.78988143853441,24.99735086189216,Sur,Matorral Seco,0.58771175
-96.47883984288265,16.26267679911688,Noreste,Pastizal,0.56714237
-108.09978028834814,30.922620716877816,Noreste,Bosque Templado,0.52565116
-97.50290308148844,20.962125954104113,Sureste,Selva Húmeda,0.2377647
-112.5433504150542,31.282565905381986,Noroeste,Pastizal,0.97605634
-100.29370543355692,26.73177575959738,Sur,Manglar,0.9684871
-99.0741790294044,23.50675488555194,Noreste,Pastizal,0.87938297
-109.57463716561713,29.77192110377155,Noroeste,Matorral Seco,0.5908065
-99.24314318760365,20.19670767547656,Centro,Pastizal,0.17645882
-99.87845885725686,20.604299383066472,Centro,Selva Húmeda,0.33981177
-88.32130008531315,18.613120813497005,Sureste,Bosque Templado,0.6434206
-114.82001987124283,32.236965404941266,Noroeste,Bosque Templado,0.997796
-100.22865241010172,23.763465252405247,Sur,Selva Húmeda,0.65584826
-106.12712269968198,29.822738210706483,Noreste,Pastizal,0.17648824
-98.43581492314037,17.493343299552468,Sur,Selva Húmeda,0.6918747
-98.49455649229505,24.167205332501794,Noreste,Pastizal,0.3473294
-96.74570742782957,17.012942618467907,Noreste,Bosque Templado,0.0
-102.81931777964469,25.306807071046617,Noreste,Matorral Seco,0.9988003
-103.25523226194608,27.066274430147406,Noreste,Bosque Templado,0.9473447
-95.02181315861318,16.714108088088448,Noreste,Pastizal,0.6533188
-109.55718396649793,26.990562797025387,Noroeste,Pastizal,0.1764706
-105.56123520992276,26.65214352755854,Noreste,Bosque Templado,0.41035295
-107.11823788633995,25.965093384024442,Noreste,Manglar,0.98522055
-102.78360804552754,22.4083444655161,Centro,Pastizal,0.53834707
-100.79427608373058,22.97108039216887,Centro,Selva Húmeda,0.91571355
-107.1219724142948,24.36969396559414,Noroeste,Manglar,0.25090587
-102.61830871930809,22.55590395240376,Centro,Selva Húmeda,0.2983647
-101.72220161812301,28.979414311166956,Noreste,Pastizal,0.7837088
-103.29683164471821,27.175803423615065,Noreste,Manglar,0.9969779
-109.80634858579101,29.297590844359462,Noroeste,Pastizal,0.6947818
-101.39262248450102,28.02272264848879,Noreste,Manglar,0.9559288
-93.89798680647876,16.47748237470294,Sureste,Selva Húmeda,0.3004706
-112.95621292086544,26.687220886707852,Noroeste,Pastizal,0.9395971
-106.61663373154734,29.242651755427048,Noreste,Bosque Templado,0.9864046
-113.28327157146569,31.81457569596359,Noroeste,Pastizal,0.97031766
-102.11442334692329,27.846357134832747,Noreste,Bosque Templado,0.9435647
-99.91526508670366,24.010830676671592,Sur,Selva Húmeda,0.9003
-106.00517664194362,29.40052103336454,Noreste,Selva Húmeda,0.86909175
-111.6691237866009,29.84527323486379,Noroeste,Matorral Seco,0.99859554
-98.55917078449959,23.713055755936306,Noreste,Pastizal,0.99864966
-115.16888980115709,31.549703344901015,Noroeste,Matorral Seco,0.9931462
-100.49525943776628,20.25489674905756,Centro,Bosque Templado,0.14324118
-100.3361796535636,17.282161068610797,Sur,Manglar,0.7592665
-101.74249142897148,22.414063287466174,Centro,Selva Húmeda,0.3268294
-100.00819228258538,20.746104359197417,Centro,Bosque Templado,0.2909294
-92.78201320665345,15.29537562331302,Sureste,Pastizal,0.1916353
-106.55323822810897,28.539545785380625,Noreste,Bosque Templado,0.49476707
-107.91464272125296,25.771122612074794,Noroeste,Bosque Templado,0.33398235
-110.67665149632329,29.686691326426217,Noroeste,Matorral Seco,0.80541766
-88.93220346587594,19.0077520676321,Sureste,Pastizal,0.61386174
-102.76867668614702,19.99371531687495,Occidente,Bosque Templado,0.33614117
-109.20412067300919,30.62772637740409,Noroeste,Matorral Seco,0.8947865
-89.26342935422248,19.79426860209129,Sureste,Manglar,0.7511847
-113.93672929006121,27.551218300820427,Noroeste,Manglar,0.9937356
-101.5980608434801,27.976066183994426,Noreste,Selva Húmeda,0.95695823
-90.45381785990922,19.740109200215294,Sureste,Selva Húmeda,0.77160704
-101.9617101996969,29.17756213794006,Noreste,Selva Húmeda,0.7397682
-103.14945084531463,24.166498897466134,Centro,Pastizal,0.31701764
-103.22879854258943,20.681897911316298,Occidente,Pastizal,0.39578822
-103.24788276318948,26.498497798303184,Noreste,Bosque Templado,0.9067388
-107.98541830438685,30.798775981476023,Noreste,Manglar,0.47749707
-101.43318821680435,24.6652854775898,Centro,Manglar,0.98013407
-109.47469759947127,29.805873395861276,Noroeste,Selva Húmeda,0.9318324
-100.68942754675987,18.76985369439601,Sur,Matorral Seco,0.11764706
-98.00763525811531,22.834020468465962,Noreste,Pastizal,0.41398823
-111.1387233184012,28.903436371269724,Noroeste,Bosque Templado,0.9210371
-98.92481509456668,24.383481360593905,Noreste,Matorral Seco,0.31328824
-100.92298635508853,17.431076824230324,Sur,Selva Húmeda,0.62071824
-95.97042770324812,16.322518612133745,Noreste,Manglar,0.87137824
-116.6633471270931,32.060037130894216,Noroeste,Bosque Templado,0.94226646
-107.48910937983257,27.678296250980612,Noreste,Bosque Templado,0.7812523
-108.45732124336739,28.65579147401243,Noreste,Manglar,0.9982812
-99.6626956394437,19.478745607236792,Centro,Matorral Seco,0.2182353
-100.47929268210281,22.019052615601648,Centro,Manglar,0.8194947
-106.52798594780513,28.483752024500173,Noreste,Bosque Templado,0.4171647
-98.16200652955189,25.550940724513445,Noreste,Matorral Seco,0.29411176
-99.43325210553375,17.30327214686905,Sur,Selva Húmeda,0.8508306
-103.02496874854384,19.310421063591487,Occidente,Manglar,0.6635006
-97.77511092599289,18.075735695741947,Centro,Selva Húmeda,0.3886059
-97.12901510093316,18.059452581220064,Noreste,Bosque Templado,0.78728294
-100.17946114554765,23.320337171316325,Sur,Bosque Templado,0.20398824
-101.84889419536235,27.27167709201637,Noreste,Selva Húmeda,0.7583941
-104.58065138449882,26.76080217759198,Noreste,Matorral Seco,0.7992647
-93.25458034625426,17.051157067065606,Sureste,Pastizal,0.9956857
-93.08961466772577,16.679500370445865,Sureste,Manglar,0.31402943
-107.77345355174862,29.132799256384526,Noreste,Pastizal,0.9896647
-100.78788591984448,18.981486136661857,Occidente,Manglar,0.66539586
-90.63022643221659,19.740746020378875,Sureste,Selva Húmeda,0.6145453
-112.1877450712208,30.428347726594154,Noroeste,Pastizal,0.3254941
-106.16874723686556,29.272049261005563,Noreste,Selva Húmeda,0.45246705
-101.30040779383869,21.03548900533014,Centro,Bosque Templado,0.46723706
-107.85155048875477,28.15722394505225,Noreste,Pastizal,0.8474382
-109.6954794387416,27.56419213243949,Noroeste,Pastizal,0.94927764
-103.39495149513395,28.260994621354314,Noreste,Pastizal,0.91772
-101.9998801684003,29.06062775894665,Noreste,Manglar,0.62333
-114.34184653613059,32.271248358881174,Noroeste,Matorral Seco,0.9940289
-99.36868093562983,21.558922540605394,Centro,Manglar,0.73172414
-95.36668162640122,16.23961870621682,Noreste,Pastizal,0.7205477
-115.53002962358278,30.276985434015437,Noroeste,Manglar,0.9961781
-100.07594404430274,25.7037905434437,Sur,Selva Húmeda,0.54403234
-102.9462529041087,22.458001678865294,Centro,Selva Húmeda,0.63643116
-102.60263232453839,29.377971941831554,Noreste,Pastizal,0.9875557
-100.5935468636478,19.8530437642088,Occidente,Bosque Templado,0.29334706
-103.02860352947361,22.43454458530678,Centro,Bosque Templado,0.51406527
-108.77374798567634,27.677231901914745,Noroeste,Pastizal,0.9168282
-107.49521026012556,31.471497690869853,Noreste,Bosque Templado,0.61276
-96.02139125957208,16.626042068316597,Noreste,Matorral Seco,0.26269412
-92.31753989826922,15.865643113499267,Sureste,Pastizal,0.36395293
-114.27870056316544,32.087950264936424,Noroeste,Pastizal,0.9975113
-107.75158459039118,28.568586764102385,Noreste,Pastizal,0.9896081
-90.38375483465674,19.928626533914603,Sureste,Bosque Templado,0.0009647059
-104.82943569178184,27.146436192817088,Noreste,Matorral Seco,0.5442106
-109.33877709941933,28.93378833049038,Noroeste,Selva Húmeda,0.95863354
-100.40403408313155,19.603854765668775,Occidente,Pastizal,0.94997644
-90.77578938058844,16.336576353918538,Sureste,Bosque Templado,0.40105295
-89.58705549685187,18.589449451005418,Sureste,Manglar,0.7228741
-111.98126703128378,30.502102239740736,Noroeste,Manglar,0.98590523
-90.18283070305398,19.712154042392573,Sureste,Bosque Templado,0.9736793
-93.97387256343941,16.487395645981117,Sureste,Matorral Seco,0.28712353
-100.11334862801111,20.3813552657276,Centro,Pastizal,0.33531177
-107.7943528311411,29.106089451160425,Noreste,Matorral Seco,0.9659512
-102.67717798120766,29.52287932901183,Noreste,Selva Húmeda,0.9673559
-100.85888959657679,25.409236994644807,Noreste,Bosque Templado,0.9424012
-98.57219829369392,26.1133939333765,Noreste,Bosque Templado,0.43061766
-102.47114004953274,20.224234900925772,Occidente,Matorral Seco,0.26707646
-104.76499202394702,29.63334666241925,Noreste,Bosque Templado,0.9588724
-105.97646150160284,27.203567521204715,Noreste,Manglar,0.25801766
-113.71939172659411,26.92129716470142,Noroeste,Manglar,0.80458057
-91.95001312388071,17.929780169312846,Sureste,Bosque Templado,0.43051764
-89.29877034122885,18.697012746680944,Sureste,Selva Húmeda,0.80525297
-95.37289322401193,16.82470231001553,Noreste,Selva Húmeda,0.8089923
-113.83532497222242,28.85510342436047,Noroeste,Manglar,0.9424053
-113.13050609859181,28.45032183687895,Noroeste,Selva Húmeda,0.98613775
-99.72063202032024,24.74441413100556,Sur,Matorral Seco,0.93289703
-99.00167881626412,22.027059426431588,Centro,Selva Húmeda,0.4962094
-100.113383369245,17.762113945398173,Sur,Matorral Seco,0.93396884
-115.2792621578144,29.543920267848648,Noroeste,Pastizal,0.96530473
-101.71875921254625,20.790637464226872,Centro,Pastizal,0.29065293
-99.67176427964982,19.625429461370384,Centro,Manglar,0.19598824
-108.74483123387427,31.000690381795327,Noroeste,Manglar,0.4858494
-105.0386191916182,28.207873201768585,Noreste,Pastizal,0.86131
-104.70297259004616,22.371043153528202,Occidente,Manglar,0.9497347
-104.74772285666425,28.093586644288845,Noreste,Matorral Seco,0.72662294
-90.3435301422801,20.3986451461103,Sureste,Matorral Seco,0.92154413
-101.33427446752756,26.284018661646392,Noreste,Bosque Templado,0.9935169
-97.19444434613852,19.38367178795995,Sureste,Bosque Templado,0.26165882
-100.97949852499167,21.40269043891189,Centro,Pastizal,0.93419117
-99.24926457788058,17.29721497855772,Sur,Pastizal,0.93617237
-102.61630123313,21.337980594629077,Occidente,Manglar,0.47982764
-99.33429387666575,24.61953198665672,Noreste,Pastizal,0.6859506
-102.00100859794847,21.836698903838155,Occidente,Bosque Templado,0.24642353
-115.20202538494205,29.97868597177763,Noroeste,Selva Húmeda,0.9082282
-100.83469500360295,19.104135307915236,Occidente,Manglar,0.68212885
-87.73417172074933,19.273335398763127,Sureste,Selva Húmeda,0.9076012
-100.15752425428262,23.9386543222316,Sur,Bosque Templado,0.98756456
-99.56576348296345,19.73431682224142,Centro,Manglar,0.7692841
-98.90515919034127,18.59796710507885,Sur,Bosque Templado,0.40964118
-99.16090865392057,21.16878788592072,Centro,Bosque Templado,0.8607647
-96.98613658120435,17.156042755833266,Noreste,Bosque Templado,0.7519841
-103.26246890745084,21.913310484681507,Centro,Selva Húmeda,0.3549412
-115.30122507242712,29.94507473767716,Noroeste,Matorral Seco,0.9756259
-107.05176357990076,28.635696652813074,Noreste,Pastizal,0.083817646
-100.5014367159085,21.527899288142116,Centro,Bosque Templado,0.46972647
-99.92760065873446,22.92915810893077,Noreste,Manglar,0.9486953
-111.74686988477951,25.528263292598524,Noroeste,Matorral Seco,0.7644894
-111.46449311516102,24.372317684875622,Noroeste,Manglar,0.9390371
-104.38597795579426,28.492575105831474,Noreste,Pastizal,0.9095553
-101.25938279772537,27.48623670534379,Noreste,Selva Húmeda,0.9724562
-103.05018365076019,22.560750356244323,Centro,Manglar,0.29502353
-104.81833883960087,30.301559095888653,Noreste,Matorral Seco,0.91203356
-102.89629021636546,27.106379673766423,Noreste,Manglar,0.8953571
-95.18804669729603,17.40703957560597,Noreste,Matorral Seco,0.4942694
-109.25102601722958,25.98792867134606,Noroeste,Selva Húmeda,0.1834294
-116.74969502602073,32.061489993836766,Noroeste,Pastizal,0.5783041
-88.44887079166,18.972207085537324,Sureste,Pastizal,0.99872893
-91.07413407620226,18.75828291568279,Sureste,Bosque Templado,0.6843653
-96.0909135169941,18.758048991168476,Sureste,Bosque Templado,0.33382353
-100.99828488515092,28.232361290043453,Noreste,Bosque Templado,0.83034116
-109.33105476841479,29.44361832961401,Noroeste,Selva Húmeda,0.95096356
-104.31564431874838,28.426705739986023,Noreste,Pastizal,0.94616354
-101.87556511614179,29.283649307181207,Noreste,Selva Húmeda,0.96575826
-96.90367236250277,17.224634688666004,Noreste,Pastizal,0.42681175
-96.38011763957647,17.488290144656055,Noreste,Manglar,0.9018541
-101.07728962705775,21.1640251658087,Centro,Matorral Seco,0.40311176
-106.97533841218562,31.53874374364557,Noreste,Selva Húmeda,0.8311194
-105.32017098906769,29.390407575337505,Noreste,Matorral Seco,0.9118718
-111.90925192532384,25.51751255699344,Noroeste,Bosque Templado,0.7895053
-94.16776544285031,16.99939993491469,Noreste,Bosque Templado,0.99908626
-101.84391546005926,26.033176003493534,Noreste,Matorral Seco,0.99639374
-98.9041957462819,26.098603885058544,Noreste,Manglar,0.40245882
-113.88850100794048,31.864028225911404,Noroeste,Matorral Seco,0.8241771
-113.99254763235304,28.39553387628246,Noroeste,Pastizal,0.9911203
-97.05804779509911,19.087160799335297,Sureste,Pastizal,0.37964705
-88.81603895708552,21.32929398259331,Sureste,Pastizal,0.44607234
-99.86198293766975,18.447885488665083,Sur,Pastizal,0.30721176
-106.79143861196819,26.64325802606299,Noreste,Manglar,0.7718053
-106.01552137367628,29.975457305400244,Noreste,Bosque Templado,0.9175294
-93.85005986795176,17.39644735957649,Sureste,Selva Húmeda,0.40952352
-112.80713890885193,31.39674506736798,Noroeste,Bosque Templado,0.9558024
-99.41854960900461,17.797215787727808,Sur,Matorral Seco,0.36854118
-101.47625563998594,20.180430086467062,Occidente,Matorral Seco,0.002817647
-102.53798385287664,18.361498478391194,Occidente,Bosque Templado,0.6015571
-96.9755915693274,19.187481761494567,Sureste,Bosque Templado,0.76691586
-99.30964639430418,19.978798990431955,Centro,Selva Húmeda,0.19191177
-98.04880973739586,23.972242624901263,Noreste,Pastizal,0.81941414
-89.06942621190444,18.901538354843073,Sureste,Selva Húmeda,0.4692747
-105.53073381653252,27.403271836122133,Noreste,Manglar,0.6358535
-109.58165604849313,29.08500323749281,Noroeste,Manglar,0.9943966
-114.98247278714365,27.809451331305613,Noroeste,Selva Húmeda,0.9973015
-101.88154998936909,19.563176753381743,Occidente,Matorral Seco,0.35018235
-111.6139778599113,24.525666086335107,Noroeste,Bosque Templado,0.9960612
-100.23929090873246,18.4723696658342,Sur,Pastizal,0.77833295
-107.326182676739,25.415468096113102,Noroeste,Manglar,0.9909051
-101.38888489459876,27.897519140201446,Noreste,Selva Húmeda,0.5428388
-113.06904450143725,27.74430100636812,Noroeste,Matorral Seco,0.99536055
-94.28503069628465,16.59242649076361,Noreste,Manglar,0.55462885
-96.73235038947459,19.436645572500463,Sureste,Selva Húmeda,0.2666647
-91.36573400980687,18.255170721093574,Sureste,Selva Húmeda,0.92680234
-101.36898392014496,29.156861470071483,Noreste,Bosque Templado,0.8559112
-98.98569880980696,25.468670966015452,Sur,Manglar,0.78781587
-110.55788663394964,27.7492664316699,Noroeste,Manglar,0.99944955
-89.97767623039172,18.121871522671803,Sureste,Bosque Templado,0.97582686
-91.47885659456,17.703566136706645,Sureste,Bosque Templado,0.49595413
-89.10687186429853,18.089808303705524,Sureste,Bosque Templado,0.7242835
-101.31901465996559,20.335859205054348,Centro,Bosque Templado,0.52987117
-104.49085653062993,20.634410662514544,Occidente,Manglar,0.61251414
-104.92969275296757,21.571271491586607,Occidente,Bosque Templado,0.40778825
-110.29161340103593,29.62662573980632,Noroeste,Manglar,0.71136826
-96.78008678157471,19.666518250591277,Sureste,Pastizal,0.38647646
-103.99652537160767,27.394598572313853,Noreste,Pastizal,0.92978173
-101.30145115155486,20.371583041937708,Centro,Selva Húmeda,0.3573
-110.30311974935529,29.45738044839742,Noroeste,Bosque Templado,0.7766359
-107.78291532542188,27.306654378588494,Noreste,Manglar,0.8812741
-100.857784366621,17.773618626137313,Sur,Matorral Seco,0.7931447
-101.35530275475223,23.1810394926191,Centro,Matorral Seco,0.98198014
-99.85331673180957,19.88780410181855,Centro,Matorral Seco,0.1855353
-110.29327408821486,23.761579578977436,Noroeste,Selva Húmeda,0.47927648
-92.08924457579315,18.247663252296555,Sureste,Matorral Seco,0.6316647
-103.87256510460551,23.54529221475593,Centro,Pastizal,0.3215353
-105.68088169349734,29.19984831111492,Noreste,Pastizal,0.9051647
-106.01904814502409,29.71826971212039,Noreste,Matorral Seco,0.9399453
-110.96533831985272,30.605617994887403,Noroeste,Pastizal,0.9525
-115.75600640861965,30.547545694683695,Noroeste,Selva Húmeda,0.9799448
-90.32082505358791,19.99904296681322,Sureste,Bosque Templado,0.61338943
-89.32725959180307,19.554063560846696,Sureste,Pastizal,0.70263
-96.02403798782176,16.570075326592892,Noreste,Matorral Seco,0.17656471
-88.65114061844056,19.687240527011184,Sureste,Manglar,0.6308488
-106.35609959380675,28.876807797615236,Noreste,Manglar,0.50484943
-95.41124547709224,16.42325104497222,Noreste,Bosque Templado,0.9265688
-114.57884946200898,29.80818454549055,Noroeste,Manglar,0.9957706
-111.20842290938697,24.593313677509258,Noroeste,Pastizal,0.9065629
-92.41843678965026,18.47934055243099,Sureste,Selva Húmeda,0.9932831
-111.38658273727421,28.87278629129754,Noroeste,Bosque Templado,0.8519053
-103.01458220469016,23.10510842811705,Centro,Matorral Seco,0.7461494
-106.02396983998678,29.416637075779178,Noreste,Matorral Seco,0.78659356
-111.1935801396338,25.950724746696206,Noroeste,Pastizal,0.9991165
-104.38792755473983,19.466989464598022,Occidente,Selva Húmeda,0.33074707
-99.05727960668402,23.744422700422547,Noreste,Manglar,0.57626647
-99.60733454233254,22.3887466771031,Centro,Selva Húmeda,0.4216
-106.90590530574974,23.909079563850053,Noroeste,Pastizal,0.2021
-110.89896433135951,28.32073639986269,Noroeste,Selva Húmeda,0.42654705
-93.55828530266594,17.00712847141764,Sureste,Pastizal,0.9605
-87.98871707530569,19.153926369089127,Sureste,Manglar,0.9734752
-110.34238737671926,30.07636311062027,Noroeste,Manglar,0.8731059
-112.83784461564895,27.093110333073298,Noroeste,Selva Húmeda,0.9754859
-105.08680457532357,29.070552067376184,Noreste,Pastizal,0.9732421
-102.78095843775304,28.58460450692447,Noreste,Matorral Seco,0.9978324
-102.7476434785011,25.435996260878337,Noreste,Pastizal,0.40314117
-89.0392556657835,19.879308179876215,Sureste,Manglar,0.6257459
-99.83273665146694,22.965107381522543,Noreste,Matorral Seco,0.36572352
-116.13692305149853,31.229650917830934,Noroeste,Bosque Templado,0.23778823
-107.99334389664625,25.725111701286956,Noroeste,Pastizal,0.9993289
-112.78894716480004,26.499897299177903,Noroeste,Bosque Templado,0.96039057
-103.1781140026089,18.43602774851678,Occidente,Matorral Seco,0.9993657
-110.45506198699444,29.587925066238675,Noroeste,Manglar,0.81884
-91.08032550518638,17.876331397298497,Sureste,Pastizal,0.3544647
-115.26567345341557,31.88656511704108,Noroeste,Bosque Templado,0.97094727
-90.63570554705434,16.27162758636953,Sureste,Bosque Templado,0.37471765
-98.74307109974893,18.658339198522697,Sur,Pastizal,0.30185294
-98.00443196111152,19.38038159862449,Centro,Manglar,0.2762941
-114.97973217501611,30.894347729557463,Noroeste,Pastizal,0.99961525
-106.70972354472035,24.124147402552722,Noroeste,Bosque Templado,0.9458777
-100.11942704647643,23.825201334879132,Sur,Matorral Seco,0.95793414
-113.01374546598987,27.274099100255224,Noroeste,Bosque Templado,0.88786
-99.749307607396,24.695588500114773,Sur,Selva Húmeda,0.9712924
-102.73292904734149,25.702117262222238,Noreste,Matorral Seco,0.92256707
-101.71670510909279,29.031952243664122,Noreste,Pastizal,0.6775753
-105.69159860412768,28.32443794100012,Noreste,Selva Húmeda,0.83951354
-105.88402172852567,29.439934728814684,Noreste,Bosque Templado,0.74006706
-98.0092651791012,17.621253374147134,Noreste,Selva Húmeda,0.31101176
-101.37503312126775,25.734772791193887,Noreste,Pastizal,0.6951353
-104.71004929303783,28.952112634836748,Noreste,Selva Húmeda,0.4163706
-109.31359459395185,30.748156563962407,Noroeste,Pastizal,0.8831141
-100.43722303786272,22.25861281815422,Centro,Matorral Seco,0.9875232
-99.1716442036651,23.901651539113654,Noreste,Pastizal,0.2258353
-91.25228916176516,18.10097524839791,Sureste,Pastizal,0.31382352
-90.32652900494327,19.97462609315794,Sureste,Manglar,0.48799118
-115.71454580907671,30.212673400335845,Noroeste,Bosque Templado,0.9977854
-96.771551363904,16.72710515222441,Noreste,Selva Húmeda,0.22144707
-88.47141771995989,20.604388170957165,Sureste,Manglar,0.65970826
-90.45912296509606,17.916255695895888,Sureste,Pastizal,0.9674859
-97.3425184685049,25.550774951387144,Noreste,Manglar,0.96332294
-102.1015103387588,25.609970062295364,Noreste,Matorral Seco,0.93783057
-99.80183842585453,26.188365125360477,Sur,Bosque Templado,0.89569473
-93.35056330652358,16.166878706732728,Sureste,Pastizal,0.92134
-89.25275122447496,18.56393420350256,Sureste,Pastizal,0.9083947
-89.175298585199,19.4299513099305,Sureste,Bosque Templado,0.88959885
-94.77954262227495,17.608278144098943,Sureste,Bosque Templado,0.39642352
-98.2143181724377,25.377980447255204,Noreste,Pastizal,0.29470587
-102.85205791180455,29.00022056297704,Noreste,Matorral Seco,0.97722036
-101.94761023119086,22.717608268770277,Centro,Bosque Templado,0.4145294
-109.42438821527824,29.873485143668805,Noroeste,Bosque Templado,0.66470647
-115.33712910274728,32.016258616011086,Noroeste,Bosque Templado,0.9943358
-90.3870216590031,17.991169822941448,Sureste,Selva Húmeda,0.82363355
-108.8371194817255,28.39905820780326,Noroeste,Selva Húmeda,0.95266056
-92.37734322080804,15.860333168524603,Sureste,Matorral Seco,0.42115295
-99.27953207726866,25.96425662518037,Sur,Selva Húmeda,0.74734294
-112.73309176008104,27.091265541209385,Noroeste,Bosque Templado,0.99672866
-89.81106239655259,19.09131734863732,Sureste,Matorral Seco,0.71521765
-109.29057054062856,27.350621611836385,Noroeste,Pastizal,0.7550341
-89.43842815459631,20.74504190330524,Sureste,Selva Húmeda,0.6874059
-113.02197251707128,27.614372560199566,Noroeste,Bosque Templado,0.5110553
-115.95686458472544,30.5814929104846,Noroeste,Matorral Seco,0.19054118
-102.01980627852704,23.537537423398632,Centro,Pastizal,0.53117293
-99.34992138774233,21.742527709231766,Centro,Selva Húmeda,0.91523236
-95.95266190063222,16.619328501034325,Noreste,Bosque Templado,0.58824766
-100.22364028895402,25.26524682654514,Sur,Pastizal,0.6797041
-100.1723158489123,27.132007102960067,Sur,Matorral Seco,0.75296175
-102.00972535794352,29.367567801610637,Noreste,Matorral Seco,0.9960536
-89.02882645169228,18.35069499778951,Sureste,Bosque Templado,0.69511414
-103.57570483946988,24.14473394748792,Centro,Selva Húmeda,0.28705883
-108.89875837039041,28.237846498944702,Noreste,Matorral Seco,0.9983373
-97.87160818608258,18.97759884963395,Centro,Matorral Seco,0.17780589
-101.52852886979677,20.600284583390017,Centro,Pastizal,0.21728824
-102.74483885990459,19.725617487851206,Occidente,Selva Húmeda,0.8721882
-106.15205590574718,26.961029798412582,Noreste,Matorral Seco,0.96916705
-91.40034786061463,18.46404856394734,Sureste,Matorral Seco,0.7204206
-99.18033193611468,25.80578282231346,Sur,Matorral Seco,0.29745293
-99.98795872882445,21.381861039567855,Centro,Pastizal,0.9401494
-87.82202880017475,20.60252662888027,Sureste,Manglar,0.7388477
-98.24684592759641,20.45992527307785,Centro,Bosque Templado,0.28851175
-106.50054375097632,28.735977395116088,Noreste,Pastizal,0.9546159
-89.47338518230998,20.939746276706803,Sureste,Matorral Seco,0.5475765
-105.34397725184516,27.572734688265143,Noreste,Pastizal,0.20591177
-100.62933661261091,24.135613469207318,Centro,Selva Húmeda,0.5916529
-104.17864269881105,29.11753877773669,Noreste,Selva Húmeda,0.8215012
-108.17208530833749,26.430279911863902,Noroeste,Pastizal,0.9835268
-91.67290586316052,17.175634940014696,Sureste,Matorral Seco,0.69849354
-91.1995570325752,16.241626122627235,Sureste,Manglar,0.87308705
-92.2681001120384,16.197417043653658,Sureste,Pastizal,0.59968823
-87.80768145656526,19.58141177564294,Sureste,Manglar,0.9884463
-102.51461407729613,26.758077743928663,Noreste,Bosque Templado,0.99735
-98.67370237226723,25.357748651403107,Sur,Bosque Templado,0.7404794
-111.61189666250873,26.64160571144989,Noroeste,Pastizal,0.9651612
-96.17409890346084,17.52068404127096,Noreste,Matorral Seco,0.99115205
-107.21541478390267,27.07065388708837,Noreste,Pastizal,0.5711053
-106.75539049916742,25.84600036178546,Noreste,Matorral Seco,0.90833354
-88.79112553244582,19.093402238343675,Sureste,Selva Húmeda,0.84492
-97.61141015754639,18.180806799088188,Noreste,Pastizal,0.5448977
-111.87676585932034,25.16861829290995,Noroeste,Selva Húmeda,0.17671177
-97.42462948015185,18.09224960788424,Noreste,Selva Húmeda,0.5000788
-108.84420012987627,26.067119079768403,Noroeste,Matorral Seco,0.48066765
-102.29749649530815,18.879063482811308,Occidente,Bosque Templado,0.6067377
-95.30504550597252,16.32616622569186,Noreste,Pastizal,0.9375859
-99.43866986668212,24.94317949630422,Sur,Manglar,0.5307394
-108.51581296373014,28.982160427510696,Noreste,Bosque Templado,0.9411753
-112.2087689871737,29.406720247305376,Noroeste,Manglar,0.97066844
-100.27204586536106,21.243908873669113,Centro,Matorral Seco,0.28985295
-111.23900132702568,28.798784933010992,Noroeste,Matorral Seco,0.64642
-108.08753971899817,29.331038636039064,Noreste,Matorral Seco,0.9621729
-98.65958738973532,19.999664349193683,Centro,Manglar,0.18410589
-89.91345634297043,18.24206869925939,Sureste,Manglar,0.7336006
-104.9763285446014,27.357368840708897,Noreste,Matorral Seco,0.47903588
-113.95726426726287,28.981661522218435,Noroeste,Selva Húmeda,0.9878747
-109.5747378837627,27.681365796059648,Noroeste,Selva Húmeda,0.82216823
-108.45342499631974,31.15156722473077,Noreste,Matorral Seco,0.9732161
-89.75117619311857,20.3194712945145,Sureste,Matorral Seco,0.6628
-96.6132292209554,16.261570862844582,Noreste,Manglar,0.5908247
-104.75532552033084,28.33472198719154,Noreste,Manglar,0.7367953
-101.74044926714257,29.30204516182728,Noreste,Matorral Seco,0.5992865
-108.68125976157151,27.34387536168726,Noroeste,Manglar,0.98009574
-99.50278959770532,20.200734711655564,Centro,Matorral Seco,0.3058647
-101.25547441444678,28.65567268272112,Noreste,Pastizal,0.97140986
-102.64487125341162,20.623880924276463,Occidente,Bosque Templado,0.5127271
-102.4133143809524,18.260697483346245,Occidente,Pastizal,0.8481041
-97.29613638164847,17.477509063002902,Noreste,Matorral Seco,0.14734118
-98.38380016418634,24.096377037859487,Noreste,Bosque Templado,0.23067059
-90.6512195096576,18.42867510164923,Sureste,Matorral Seco,0.9644482
-100.32701197238617,26.535480637856384,Sur,Selva Húmeda,0.97411865
-100.8965672394107,26.707129403700126,Noreste,Selva Húmeda,0.9354418
-104.4748370782714,28.083804145420334,Noreste,Manglar,0.83099115
-99.30828687224168,25.416640360092238,Sur,Selva Húmeda,0.59302235
-105.36131985160492,22.27484548924538,Occidente,Matorral Seco,0.17641765
-98.2093086229646,25.61252818060265,Noreste,Bosque Templado,0.32374707
-99.91894509879933,21.391991886983178,Centro,Pastizal,0.8430871
-100.96959980453875,20.40651317465813,Centro,Bosque Templado,0.34228823
-113.68657740067488,31.735072285386938,Noroeste,Manglar,0.4228
-105.0962546626345,29.84545603484799,Noreste,Bosque Templado,0.9182265
-110.01194120311229,29.521133829481382,Noroeste,Bosque Templado,0.9418418
-103.27659957834936,18.58947465901129,Occidente,Bosque Templado,0.9087659
-107.22112646351621,24.78742315665456,Noroeste,Pastizal,0.95693296
-96.73840697049206,16.999910062737616,Noreste,Pastizal,0.14268236
-89.0756022470469,19.166432698207426,Sureste,Matorral Seco,0.95767117
-105.43211259404158,29.40949225947629,Noreste,Selva Húmeda,0.90884
-105.55860438467197,28.206281512805855,Noreste,Manglar,0.1764706
-93.07186906760822,16.256962917272336,Sureste,Pastizal,0.86676824
-99.26695647486376,17.705105392445716,Sur,Matorral Seco,0.3097353
-112.37502790230273,29.35590550841988,Noroeste,Matorral Seco,0.9889106
-106.41646591586668,26.719847737975968,Noreste,Pastizal,0.97113353
-107.58589134625049,27.24560947318391,Noreste,Pastizal,0.9394741
-112.34607083087435,26.311997331680754,Noroeste,Selva Húmeda,0.99350476
-113.19210366965561,31.404795180418628,Noroeste,Pastizal,0.8872024
-107.2995064538532,24.662291909770527,Noroeste,Bosque Templado,0.28278235
-101.07158595173219,29.302825858282358,Noreste,Pastizal,0.7821359
-95.57194196409084,18.358057442819483,Sureste,Matorral Seco,0.33280587
-105.45484504034854,26.91925518716757,Noreste,Manglar,0.5231447
-99.48744383579916,24.762480774898798,Sur,Pastizal,0.97735786
-109.92940253012662,28.216869758365466,Noroeste,Selva Húmeda,0.42584705
-99.43760675698614,25.586369411100055,Sur,Selva Húmeda,0.38238236
-89.66843295502629,20.043481352839354,Sureste,Matorral Seco,0.7073812
-112.31609474872121,31.71937833799735,Noroeste,Selva Húmeda,0.9854193
-106.99566704373164,31.768531202879263,Noreste,Pastizal,0.95591
-102.00854715289361,29.101783421137426,Noreste,Matorral Seco,0.5918747
-103.75427319926301,23.27663301120576,Centro,Matorral Seco,0.8081847
-93.21381380655855,16.207423757579896,Sureste,Pastizal,0.2442706
-110.11603604494111,24.044682559067635,Noroeste,Manglar,0.8650653
-103.97150721658575,21.16958253282499,Occidente,Manglar,0.7955118
-90.15289362561306,19.30651771557017,Sureste,Pastizal,0.94315
-102.4638172062326,21.959601585624103,Centro,Bosque Templado,0.3360647
-102.3684555203329,24.564934076018158,Centro,Bosque Templado,0.94696355
-105.45991244561458,30.598636535305932,Noreste,Bosque Templado,0.9314453
-95.41480635145322,16.936781479833357,Noreste,Bosque Templado,0.7393741
-100.51050856183565,26.915511296653655,Sur,Pastizal,0.38622943
-108.30415795329071,28.144141444952936,Noreste,Pastizal,0.994132
-107.71314663855082,25.629057380104566,Noroeste,Manglar,0.9918753
-90.48967388065707,19.1199000219146,Sureste,Pastizal,0.81282705
-100.63165384371469,20.713553202965304,Centro,Manglar,0.16705883
-111.84353896306008,25.184846656046993,Noroeste,Bosque Templado,0.17954117
-104.7586548447723,27.625868489255364,Noreste,Matorral Seco,0.8614906
-101.01930277548182,21.707771882262993,Centro,Bosque Templado,0.18469411
-102.98965205941164,28.326120724724703,Noreste,Matorral Seco,0.99567634
-94.21096294771516,17.515528044798593,Sureste,Matorral Seco,0.41039413
-92.61868957870621,16.318122164190648,Sureste,Bosque Templado,0.6428241
-89.91698388862865,20.65386907093118,Sureste,Bosque Templado,0.6277571
-110.34758605560847,24.03664586041685,Noroeste,Bosque Templado,0.25389412
-91.16575077103944,16.453447398314808,Sureste,Selva Húmeda,0.94098294
-108.1023208100979,25.9984408461488,Noroeste,Matorral Seco,0.987157
-96.73993599549273,15.887739702044794,Noreste,Manglar,0.94375885
-111.28884757921819,28.244712071183088,Noroeste,Selva Húmeda,0.99306476
-99.60717624699348,21.358002432633064,Centro,Bosque Templado,0.6922906
-115.17937142903608,30.67500859856122,Noroeste,Selva Húmeda,0.9865427
-104.2713384182941,27.63833359384865,Noreste,Manglar,0.9060647
-101.36972839009131,18.758852146583187,Occidente,Manglar,0.8932977
-98.17425382138221,16.326931110397293,Noreste,Pastizal,0.54777354
-97.07171428464389,16.366807827000468,Noreste,Bosque Templado,0.42912352
-97.42990658455605,21.18042851074432,Sureste,Matorral Seco,0.53833
-107.05608981964254,31.371486510324598,Noreste,Selva Húmeda,0.74993825
-101.77594147099961,27.71011382727066,Noreste,Manglar,0.95574296
-92.17936086284797,16.52730231849544,Sureste,Matorral Seco,0.6073135
-107.39201281020968,27.945681573193127,Noreste,Pastizal,0.9154565
-111.63451858931889,31.08250806248259,Noroeste,Bosque Templado,0.9442571
-97.81565773552582,21.968191927752994,Sureste,Pastizal,0.3894
-109.41063370661202,26.829994099248854,Noroeste,Matorral Seco,0.8355371
-112.23107784043253,26.93753558743639,Noroeste,Manglar,0.9923983
-105.60532890361866,21.979313795895422,Occidente,Manglar,0.56120884
-104.88431409189016,28.629240094074632,Noreste,Manglar,0.91026586
-101.04106685085608,19.449146794140656,Occidente,Matorral Seco,0.80458355
-99.26615476888983,17.778726475765517,Sur,Bosque Templado,0.92892057
-103.51368771441781,29.076736433103044,Noreste,Manglar,0.8979088
-115.53515351995408,30.368603176457675,Noroeste,Manglar,0.9146241
-92.16233397248212,15.1125998883061,Sureste,Matorral Seco,0.97378266
-110.42744626673876,30.42764318722504,Noroeste,Manglar,0.9974978
-96.53819158304073,16.118360764307425,Noreste,Manglar,0.8164924
-107.67738715552944,28.427501696773586,Noreste,Selva Húmeda,0.98167515
-93.56780426250575,16.26359159572743,Sureste,Pastizal,0.90099704
-100.07425668422357,25.46851995808432,Sur,Pastizal,0.24968824
-107.5192647803261,25.598993404010734,Noroeste,Bosque Templado,0.8341241
-87.71191004298194,20.161258862357172,Sureste,Pastizal,0.97817135
-111.93445994789478,31.15402749863083,Noroeste,Bosque Templado,0.9956791
-100.26515731468834,24.328794766401142,Sur,Selva Húmeda,0.93698174
-100.94530554496805,26.905200130204904,Noreste,Pastizal,0.9379088
-99.11514955369556,24.772836597738618,Noreste,Pastizal,0.9637141
-101.862680010726,26.557723685361456,Noreste,Manglar,0.9464482
-89.84326995008166,19.751568954138044,Sureste,Matorral Seco,0.0
-113.72949233174995,31.55165372717507,Noroeste,Matorral Seco,0.87708414
-102.08842780112265,23.648887437036368,Centro,Selva Húmeda,0.48024765
-103.50402528199285,23.90951564599602,Centro,Matorral Seco,0.295
-96.0113837892565,16.28058060400764,Noreste,Pastizal,0.68926233
-101.73812913627083,28.721937575434733,Noreste,Bosque Templado,0.76529413
-108.4127952006638,26.078751545017187,Noroeste,Pastizal,0.9975414
-113.08896858256502,27.79552754692635,Noroeste,Selva Húmeda,0.9683394
-97.61390707799889,19.85727652853736,Centro,Bosque Templado,0.2988353
-101.00432548497932,25.161504356195422,Noreste,Matorral Seco,0.8514294
-88.11143326196442,20.885847853768123,Sureste,Selva Húmeda,0.6250553
-90.01918577098701,20.91673290658687,Sureste,Pastizal,0.7004494
-98.37496803293827,19.976212824051483,Centro,Bosque Templado,0.37778825
-107.57673932148025,27.47960459882409,Noreste,Manglar,0.97149116
-99.2210303142762,19.239693913942997,Centro,Selva Húmeda,0.3601412
-102.07093723503817,23.605391381047088,Centro,Manglar,0.54023236
-108.81834590828787,28.178981299347058,Noreste,Bosque Templado,0.91205645
-115.41988141796028,29.613835272364536,Noroeste,Selva Húmeda,0.9687412
-88.0000782509099,19.216237841781012,Sureste,Pastizal,0.86597
-89.7688178592657,20.078802140404502,Sureste,Bosque Templado,0.60053295
-104.41084069539494,28.199862284382586,Noreste,Pastizal,0.82064414
-97.43483259697827,18.606918699889725,Centro,Selva Húmeda,0.21818236
-90.95651000328647,18.007031141166472,Sureste,Selva Húmeda,0.36347058
-112.00175731008416,30.0595779003017,Noroeste,Selva Húmeda,0.9693959
-103.10875407181165,20.547897376635728,Occidente,Manglar,0.28565884
-95.98462351508105,18.719528843960727,Sureste,Bosque Templado,0.3078706
-87.63973851320293,20.213864126627424,Sureste,Matorral Seco,0.9797608
-105.12670467104778,21.67159025459794,Occidente,Bosque Templado,0.2828059
-99.30472218479474,23.05379469925502,Noreste,Pastizal,0.99786943
-96.79739320959115,18.87106431272879,Sureste,Matorral Seco,0.29194707
-90.23978927397297,19.773363310585125,Sureste,Pastizal,0.55493116
-102.68951743350776,20.509360811594636,Occidente,Manglar,0.29342353
-108.87324554885522,30.102964255070454,Noroeste,Pastizal,0.9912252
-110.13439333530607,29.50857972824069,Noroeste,Selva Húmeda,0.70239
-97.58934626429239,16.561443680306233,Noreste,Manglar,0.43515882
-103.52472214189535,23.077316893548584,Centro,Matorral Seco,0.9455771
-107.6947678171859,29.17733278004466,Noreste,Manglar,0.50107586
-109.64714125238677,27.527481238428532,Noroeste,Manglar,0.98187864
-103.14697661223907,22.105512333941462,Occidente,Selva Húmeda,0.49930236
-113.49391857055181,26.855710924228315,Noroeste,Bosque Templado,0.9802153
-106.35221637001588,30.362274945446956,Noreste,Pastizal,0.5732653
-107.95943207154352,30.117724957939572,Noreste,Pastizal,0.29962942
-99.74214833020228,23.350616976409828,Noreste,Selva Húmeda,0.9347771
-103.83532890950731,22.571612342753824,Centro,Pastizal,0.32972354
-89.23117859317063,18.19604810666558,Sureste,Bosque Templado,0.5805765
-88.07287451372251,20.759214737059736,Sureste,Bosque Templado,0.60905355
-107.13561334774047,28.283332901516246,Noreste,Selva Húmeda,0.43807647
-102.85069886816561,28.210325643600196,Noreste,Pastizal,0.74717885
-94.84149999525975,17.585544805546977,Sureste,Pastizal,0.4269294
-108.90499273954303,30.575933101131913,Noroeste,Matorral Seco,0.7307659
-90.10811532414152,19.656714098143272,Sureste,Matorral Seco,0.35794118
-110.61401189992064,24.045195109804272,Noroeste,Bosque Templado,0.9767777
-103.08061011451728,21.703920015087196,Centro,Pastizal,0.62452644
-100.04738792504915,27.618090808850948,Sur,Selva Húmeda,0.9001641
-115.19398305874076,30.067015029795623,Noroeste,Selva Húmeda,0.9944793
-100.60291359116533,26.24489566406572,Sur,Pastizal,0.94094414
-97.27498345205876,17.8570980064336,Noreste,Manglar,0.44218293
-106.31053461283898,23.787972268295558,Noroeste,Pastizal,0.93502885
-100.47885462920586,28.591950005714875,Noreste,Pastizal,0.79085296
-104.30496541996219,20.33509699327528,Occidente,Bosque Templado,0.30854118
-112.53080573501693,27.291628393711704,Noroeste,Matorral Seco,0.9955774
-108.6630265590874,30.485580378183265,Noroeste,Pastizal,0.9652553
-105.44922644944545,22.912620386334776,Occidente,Manglar,0.94288176
-94.45102316847071,16.280468785607212,Noreste,Manglar,0.47137472
-106.89404183829454,31.107548541270496,Noreste,Bosque Templado,0.3488412
-90.35758220750459,20.449835662439543,Sureste,Bosque Templado,0.94239235
-96.28370232358493,18.481515866349493,Sureste,Selva Húmeda,0.37425882
-103.98491978492828,19.208445617250177,Occidente,Selva Húmeda,0.8825959
-98.5291281097476,25.20889667481822,Noreste,Manglar,0.77937293
-102.04142536520347,26.544536173098706,Noreste,Selva Húmeda,0.9945964
-102.18436492203043,19.201100130392067,Occidente,Manglar,0.29974705
-103.12626595610271,27.179651962948018,Noreste,Manglar,0.98669624
-88.2799974780163,19.86896853484809,Sureste,Selva Húmeda,0.7982341
-98.16683439214653,19.079712470174897,Centro,Matorral Seco,0.0024411764
-94.55573246189243,18.035627284477332,Sureste,Pastizal,0.0997353
-110.04131557714985,29.6998762343348,Noroeste,Selva Húmeda,0.83906233
-88.08583791559566,19.374539350527154,Sureste,Manglar,0.97096837
-90.1607572385022,20.563546766223478,Sureste,Selva Húmeda,0.2412
-114.78538415952177,29.331036780438016,Noroeste,Selva Húmeda,0.96815526
-102.44004745397174,21.809720023143004,Centro,Pastizal,0.41575295
-112.12872802536965,30.085436951821375,Noroeste,Manglar,0.97962797
-102.96291291931169,28.3153622794737,Noreste,Pastizal,0.98025846
-103.60740366224526,28.868637393192564,Noreste,Pastizal,0.7951571
-98.04190098017891,17.460066025097095,Noreste,Selva Húmeda,0.42038235
-101.3096824032163,22.73998319368391,Centro,Manglar,0.9539582
-102.09267866710427,22.19993834798258,Centro,Pastizal,0.9349953
-92.32406217025004,17.063044691798957,Sureste,Pastizal,0.041117646
-107.58320079056287,26.832830473489032,Noreste,Selva Húmeda,0.42205295
-98.37281637159646,25.501336842856063,Noreste,Pastizal,0.34764117
-108.06217449983389,28.414216467366163,Noreste,Selva Húmeda,0.93760824
-108.461644335849,30.453578106323462,Noreste,Manglar,0.90846646
-105.54763682286458,27.470248473448233,Noreste,Bosque Templado,0.76876
-111.16623353809183,31.32898990378179,Noroeste,Bosque Templado,0.71775824
-96.43051612693337,19.620632561013,Sureste,Pastizal,0.39937058
-109.26886516069351,27.770902518334303,Noroeste,Matorral Seco,0.5884994
-107.53341238565312,25.911855540978134,Noroeste,Matorral Seco,0.9498753
-103.1526080366667,27.312829625297375,Noreste,Manglar,0.8746529
-99.56864979370827,19.47091805087819,Centro,Manglar,0.2998647
-98.25452728710896,24.913518941853624,Noreste,Bosque Templado,0.7680441
-102.6733539398576,28.970918984787147,Noreste,Pastizal,0.50343645
-107.64613578124526,26.50139683835561,Noreste,Manglar,0.976156
-111.32378032839463,24.552547425631555,Noroeste,Matorral Seco,0.9584847
-98.0676510769609,18.99155587643855,Centro,Selva Húmeda,0.34038237
-105.3576454135702,20.429678792282388,Occidente,Pastizal,0.6221953
-92.53774256862901,14.95479344639775,Sureste,Manglar,0.4131353
-98.48107415414528,24.04255632636744,Noreste,Manglar,0.8795265
-101.81305007176857,28.158579330764674,Noreste,Bosque Templado,0.81062293
-110.18041804693573,29.617123073099783,Noroeste,Matorral Seco,0.6316835
-90.20758655953607,19.01544465209878,Sureste,Pastizal,0.3816353
-100.45402795653928,21.09213050210149,Centro,Matorral Seco,0.16812941
-93.15519348487886,16.559136849610702,Sureste,Matorral Seco,0.4303706
-87.94167413157528,20.65374916731546,Sureste,Matorral Seco,0.011035294
-112.85018089397448,27.540193712950774,Noroeste,Manglar,0.9904722
-94.6121649757452,16.599426673162647,Noreste,Bosque Templado,0.93915117
-105.32858669223309,27.377717054121682,Noreste,Manglar,0.4410059
-102.93712479527855,27.95959650305819,Noreste,Matorral Seco,0.9477229
-95.12688926313778,17.49984227945262,Noreste,Selva Húmeda,0.3785588
-95.73985911251856,16.044514956398796,Noreste,Bosque Templado,0.5568765
-90.50824884489333,19.86913575181983,Sureste,Matorral Seco,0.8997641
-95.34125271391592,17.990377206869834,Sureste,Bosque Templado,0.36452353
-109.6828997186217,31.19429315922312,Noroeste,Matorral Seco,0.5256153
-101.218252156755,28.49878520961457,Noreste,Selva Húmeda,0.95464116
-101.34143910466247,22.255209388034952,Centro,Selva Húmeda,0.55111
-97.37086212399201,19.99387523984452,Centro,Matorral Seco,0.32278237
-90.20964568637619,19.73469752481247,Sureste,Pastizal,0.67028236
-99.89956454231303,25.810805152622283,Sur,Manglar,0.8269035
-101.51692426225668,20.72639274433273,Centro,Selva Húmeda,0.70355767
-111.90870608415197,30.615464192915407,Noroeste,Matorral Seco,0.5955353
-93.15519872193035,17.09602930529651,Sureste,Selva Húmeda,0.38038823
-107.01997733921426,24.571853463316664,Noroeste,Bosque Templado,0.32798237
-115.6724278140993,29.956141875819377,Noroeste,Selva Húmeda,0.9596059
-102.66430419418967,18.84006005471736,Occidente,Selva Húmeda,0.3171353
-106.26033685171882,28.81832848792897,Noreste,Selva Húmeda,0.5046482
-106.8827703487436,26.9460336827225,Noreste,Pastizal,0.47870353
-114.93541072478381,32.41321823205988,Noroeste,Selva Húmeda,0.1764647
-99.44262866559181,20.37111254941958,Centro,Pastizal,0.56546354
-111.6495779319008,30.446298320011415,Noroeste,Selva Húmeda,0.6013982
-101.64913382555729,23.543166492941754,Centro,Matorral Seco,0.9661253
-99.99775745122317,17.969423811143884,Sur,Pastizal,0.69916767
-114.73794943564087,30.49148882862893,Noroeste,Selva Húmeda,1.0
-99.51249579249804,17.21485077762939,Sur,Selva Húmeda,0.30215293
-99.76016496840894,20.405760919712325,Centro,Bosque Templado,0.75713176
-95.06392451219871,17.828549339363967,Sureste,Manglar,0.35039413
-110.8058300109198,31.17524650918489,Noroeste,Matorral Seco,0.8376247
-99.56342610665925,20.7049940308454,Centro,Pastizal,0.45067942
-100.682028342749,26.80348490086955,Noreste,Bosque Templado,0.9700177
-106.64015820932022,30.0475842945869,Noreste,Selva Húmeda,0.79205
-99.2205775945945,25.789851051467615,Sur,Matorral Seco,0.39464706
-101.31175378403789,24.60845417558098,Centro,Selva Húmeda,0.8291947
-105.4715184302475,27.65781154325527,Noreste,Manglar,0.45690587
-102.75134818962137,21.985113192322277,Centro,Bosque Templado,0.49338648
-100.50592039512681,18.199787247557285,Sur,Manglar,0.18045294
-107.027633777049,24.453933890568386,Noroeste,Pastizal,0.3049647
-87.07792066981109,20.7616455178496,Sureste,Bosque Templado,0.8765324
-92.16348252440936,16.07418050691107,Sureste,Matorral Seco,0.23165882
-111.7178008788055,30.355721769499752,Noroeste,Pastizal,0.79552644
-106.78909102462481,29.003512982320956,Noreste,Matorral Seco,0.97617054
-109.33947292511942,30.26406998667443,Noroeste,Matorral Seco,0.8399271
-102.69246933953619,18.355232300703396,Occidente,Bosque Templado,0.67589116
-96.8754477142291,18.94327303835995,Sureste,Selva Húmeda,0.6390394
-88.23252887237359,19.87014860559381,Sureste,Bosque Templado,0.79931587
-87.83672377835126,19.276763316562004,Sureste,Selva Húmeda,0.8418165
-91.31371364462606,17.593451163322147,Sureste,Pastizal,0.38242942
-101.23261910147997,24.158479088592102,Centro,Matorral Seco,0.9737539
-105.42313847867206,26.807181346665484,Noreste,Bosque Templado,0.36587647
-102.79287564714049,23.897200652047754,Centro,Matorral Seco,0.5411782
-101.81226961210153,25.420283239455905,Noreste,Manglar,0.98646575
-102.23914903865418,20.287647927633405,Occidente,Selva Húmeda,0.17794706
-102.37179629343302,28.593763195605685,Noreste,Manglar,0.31841177
-97.54423202953546,18.280786796897868,Centro,Bosque Templado,0.059558824
-110.71278306386453,29.672981223661704,Noroeste,Selva Húmeda,0.7946906
-103.60102318750852,21.94769291875424,Occidente,Matorral Seco,0.3952353
-110.27889813680241,28.50537594145268,Noroeste,Selva Húmeda,0.7805059
-104.69345457438705,27.074392486082118,Noreste,Manglar,0.9480823
-100.61879404828366,18.818749587293375,Sur,Matorral Seco,0.72711056
-99.1454453085279,26.01770851032861,Sur,Manglar,0.46011764
-99.21809372820759,20.49091149761585,Centro,Selva Húmeda,0.0007294118
-99.92269716091631,20.0586509892837,Centro,Manglar,0.8395771
-114.26003086024474,29.03257262887245,Noroeste,Selva Húmeda,0.9920633
-106.66066290622865,29.456318069438932,Noreste,Selva Húmeda,0.85991704
-96.91323982409271,19.84410000398947,Sureste,Selva Húmeda,0.33912352
-98.8404572272005,17.64346561395378,Sur,Pastizal,0.9133694
-107.01076324517135,28.154127588828455,Noreste,Selva Húmeda,0.23603529
-100.78131090310117,20.09003083000154,Centro,Bosque Templado,0.1831
-94.08349328590832,16.419408173444545,Noreste,Selva Húmeda,0.89095765
-90.00958659034129,19.096923523162783,Sureste,Pastizal,0.9830922
-99.21142800931331,17.21167806722501,Sur,Manglar,0.48584175
-89.37866211271452,19.73155112067841,Sureste,Bosque Templado,0.6114253
-99.77782963778265,26.541632975571112,Sur,Pastizal,0.7097471
-108.1192868223761,30.777256211450446,Noreste,Bosque Templado,0.9299129
-112.21675536773036,26.37096394457216,Noroeste,Selva Húmeda,0.98971987
-105.93984313730034,23.491397087232354,Noroeste,Selva Húmeda,0.9455812
-98.00976654367405,24.88489761007218,Noreste,Matorral Seco,0.29337057
-102.1604443001535,18.404105740556094,Occidente,Manglar,0.6797335
-114.1544310653298,31.979042323421762,Noroeste,Bosque Templado,0.7972794
-96.17269874433822,16.004543161530968,Noreste,Bosque Templado,0.5354447
-107.93243618699715,28.63662003877348,Noreste,Matorral Seco,0.6314359
-100.47502472481105,19.08278879858961,Centro,Matorral Seco,0.60141355
-102.57698944693139,19.495384755319627,Occidente,Pastizal,0.56629646
-105.8397614481042,29.786274780928096,Noreste,Manglar,0.9778483
-102.59911364812503,23.70588706802597,Centro,Selva Húmeda,0.62498236
-90.12964628522211,19.45852856649928,Sureste,Pastizal,0.66258174
-92.86748513435538,16.042305589622416,Sureste,Pastizal,0.20475294
-104.13047514875774,19.97463065336386,Occidente,Selva Húmeda,0.6967541
-98.79928743992446,23.99171465949139,Noreste,Matorral Seco,0.9317894
-99.15585701656181,25.740618045453314,Sur,Selva Húmeda,0.93817884
-96.69194848015314,19.33992012645463,Sureste,Selva Húmeda,0.19674706
-88.98569654512573,19.504501747961598,Sureste,Pastizal,0.9383782
-108.27071296267698,30.624870576438113,Noreste,Bosque Templado,0.11385883
-110.81974829421304,29.879298679696216,Noroeste,Matorral Seco,0.41871765
-98.00401113609678,21.129684818417186,Sureste,Selva Húmeda,0.25549412
-102.64485904083026,18.19934352826012,Occidente,Selva Húmeda,0.59100527
-101.41394308261359,23.35763185099751,Centro,Bosque Templado,0.99892133
-109.4375013611354,28.052507858815467,Noroeste,Pastizal,0.9987179
-99.33203046487782,18.256159008485778,Sur,Matorral Seco,0.36601764
-97.62579227002277,18.651787266961335,Centro,Pastizal,0.13154118
-103.25611654898763,23.015148958247362,Centro,Pastizal,0.34504706
-114.82691968383743,31.883027070576,Noroeste,Selva Húmeda,0.9884644
-112.64133170235921,31.475098027962712,Noroeste,Selva Húmeda,0.9753845
-114.4467398545418,27.470100122951887,Noroeste,Matorral Seco,0.998463
-104.35975850380193,19.57715147839676,Occidente,Matorral Seco,0.9584947
-103.69621629312455,27.98379182314026,Noreste,Bosque Templado,0.95064646
-90.53962598242566,19.815914924280825,Sureste,Pastizal,0.0
-87.7643984115662,20.72503331581804,Sureste,Pastizal,0.81314766
-99.70924786991922,24.693118101627682,Sur,Matorral Seco,0.8685523
-105.39416142414488,29.185716628895165,Noreste,Manglar,0.9055012
-91.93470969854118,17.678410637410387,Sureste,Selva Húmeda,0.4257588
-101.16404054776007,24.21980131051726,Centro,Matorral Seco,0.9798066
-100.82346308419763,23.27800621460013,Centro,Manglar,0.50257117
-92.99801694583327,15.675748300612083,Sureste,Bosque Templado,0.8135894
-110.02697834745781,23.222433137124806,Noroeste,Pastizal,0.9961049
-97.40429197909673,16.59125227936777,Noreste,Bosque Templado,0.6448341
-102.02767454347126,27.790662987836612,Noreste,Pastizal,0.9505435
-88.96182000088619,18.92294949560309,Sureste,Pastizal,0.7839194
-94.59068012480218,16.34756589228729,Noreste,Bosque Templado,0.34181178
-108.25016810851416,29.31699796714154,Noreste,Selva Húmeda,0.93751353
-106.94404974243383,28.723354256932044,Noreste,Manglar,0.16716471
-97.99550556632973,19.451105402399424,Centro,Selva Húmeda,0.22008823
-102.96998312025309,29.10960998388711,Noreste,Bosque Templado,0.99240655
-107.26948164222104,26.93769300104931,Noreste,Selva Húmeda,0.46111822
-106.3890965965974,28.36677845865917,Noreste,Bosque Templado,0.32591766
-88.1129626124173,20.40721569805442,Sureste,Bosque Templado,0.7590712
-110.07752397694888,28.673769521909275,Noroeste,Manglar,0.41791177
-99.4425045068903,18.067184303149112,Sur,Pastizal,0.36661178
-99.16915602117494,19.221447610653744,Centro,Bosque Templado,0.30122942
-100.43759177822751,23.81973460608475,Sur,Manglar,0.97107536
-107.10711739629656,28.735028011057423,Noreste,Matorral Seco,0.1764706
-103.9517537453933,22.347944056147394,Occidente,Bosque Templado,0.8350218
-112.40383901258221,27.3943880433113,Noroeste,Matorral Seco,0.9956514
-102.94292998786962,22.976559217052497,Centro,Manglar,0.60302293
-90.29398436994151,19.479487939575886,Sureste,Pastizal,0.48342353
-110.61863740765291,29.425974624010337,Noroeste,Bosque Templado,0.80197763
-109.70472564535622,28.776435551191007,Noroeste,Manglar,0.993531
-104.85393649745858,27.384517757216212,Noreste,Selva Húmeda,0.19033529
-91.48451300344183,17.75641761762556,Sureste,Bosque Templado,0.2616353
-102.48204952262861,18.583226963256713,Occidente,Selva Húmeda,0.6131929
-106.70268173806832,31.31321007788045,Noreste,Manglar,0.8767612
-101.17926504716839,23.742408073121045,Centro,Manglar,0.9016741
-114.27076425397803,27.52236594524803,Noroeste,Manglar,0.9591206
-106.7641095324276,30.790008924691776,Noreste,Manglar,0.8910512
-109.79623264740954,23.86013022331518,Noroeste,Selva Húmeda,0.7241935
-99.91163173542922,19.38970946325102,Centro,Bosque Templado,0.20432353
-98.57732538787644,20.163354091954226,Centro,Matorral Seco,0.8473106
-101.98372659983394,21.047665356628805,Occidente,Matorral Seco,0.40678823
-89.04809067569998,19.83580003287082,Sureste,Pastizal,0.7460453
-106.86397450001878,23.811221231051572,Noroeste,Selva Húmeda,0.5998959
-103.51814841152627,20.091725741824355,Occidente,Matorral Seco,0.99999964
-107.00981847357015,30.787369972529785,Noreste,Manglar,0.9389035
-97.52991136333043,25.537701319107267,Noreste,Selva Húmeda,0.9958423
-103.75912278110368,23.31621317754199,Centro,Selva Húmeda,0.32328236
-95.60052928156732,16.227095987973502,Noreste,Bosque Templado,0.5868124
-114.58092437841039,29.064109782578413,Noroeste,Pastizal,0.9820302
-101.70240970169311,22.790842384603586,Centro,Matorral Seco,0.29317647
-108.16355855946792,27.742819945254777,Noreste,Manglar,0.41155294
-99.41239713604662,22.423545066052153,Centro,Manglar,0.88731706
-107.57014830091182,24.764604655408128,Noroeste,Selva Húmeda,0.1759353
-102.26494962458007,20.182130214944554,Occidente,Bosque Templado,0.29512352
-113.86632949378347,28.384662218459265,Noroeste,Bosque Templado,0.9734547
-102.22850153923324,18.820134179273534,Occidente,Selva Húmeda,0.6462753
-98.99825066148894,20.036561641511078,Centro,Selva Húmeda,0.6899571
-103.5646152752531,23.45943220138687,Centro,Bosque Templado,0.5208365
-113.91249013440574,28.389238457249505,Noroeste,Selva Húmeda,0.98193103
-105.03497378207254,21.984296537472453,Occidente,Pastizal,0.18131177
-100.72313289425551,20.67319074847486,Centro,Selva Húmeda,0.5889312
-95.56814763298125,16.415734041955574,Noreste,Manglar,0.2938941
-101.3597129780041,25.58923091040561,Noreste,Matorral Seco,0.7204141
-96.06513483454337,18.093252895051236,Noreste,Matorral Seco,0.38668823
-99.39048061371679,25.113601786102283,Sur,Matorral Seco,0.62964
-99.86464784105293,23.122343078739576,Noreste,Bosque Templado,0.5966035
-98.47105435479199,23.976454019385148,Noreste,Selva Húmeda,0.9323194
-91.97244443667005,17.45157279453953,Sureste,Selva Húmeda,0.57093644
-110.81611748713362,29.89184980947793,Noroeste,Pastizal,0.5046076
-109.06392727487761,27.11978741226782,Noroeste,Manglar,0.96575296
-103.0915199820082,19.25334641470925,Occidente,Matorral Seco,0.5148324
-99.6552279564763,18.508249949102545,Sur,Matorral Seco,0.3919
-96.21144988118803,17.86221175821145,Noreste,Manglar,0.00085882354
-101.33032912572307,23.3352560876981,Centro,Matorral Seco,0.86628944
-95.36773627610485,17.14134188057142,Noreste,Manglar,0.6290882
-110.78891601734412,28.294698866039074,Noroeste,Selva Húmeda,0.7655953
-103.12289853104987,22.530470377693803,Centro,Selva Húmeda,0.3572647
-108.0908859833248,30.37655697841012,Noreste,Bosque Templado,0.59416354
-97.42425380308354,16.2841967257688,Noreste,Pastizal,0.8262341
-99.83499252434751,25.49870760089321,Sur,Bosque Templado,0.9347788
-112.38950850162668,31.63474089473273,Noroeste,Matorral Seco,0.30725294
-98.04825508996298,21.423756152334434,Sureste,Pastizal,0.28132352
-115.48986282877823,30.843575159974737,Noroeste,Matorral Seco,0.86559296
-90.06000868581552,18.51510699464859,Sureste,Manglar,0.95732296
-100.036788026132,17.96779666544181,Sur,Matorral Seco,0.9569012
-109.57897600481698,28.936783435746033,Noroeste,Bosque Templado,0.99840957
-98.79557864797245,22.3307241761616,Centro,Bosque Templado,0.26580587
-108.65288314143959,26.581446782030156,Noroeste,Pastizal,0.9445118
-103.22740232735366,26.50878965787284,Noreste,Bosque Templado,0.95516884
-106.23965316858765,29.894542411280057,Noreste,Pastizal,0.75029767
-99.38546012495593,23.911517952808637,Noreste,Pastizal,0.97888315
-101.8953319733359,22.050626913371723,Centro,Bosque Templado,0.42860588
-96.49340130923797,17.3176152337302,Noreste,Manglar,0.15280588
-92.62297221670835,18.571283242132168,Sureste,Selva Húmeda,0.3860647
-99.16022121824786,20.941315464686436,Centro,Manglar,0.29025882
-102.2670233081873,27.263040628723413,Noreste,Selva Húmeda,0.9286771
-88.67294681725129,18.69635362338098,Sureste,Manglar,0.6161847
-107.88652226041357,26.83010703982718,Noreste,Selva Húmeda,0.97168547
-107.39531742675574,29.4772538117932,Noreste,Selva Húmeda,0.3802412
-101.09785676889327,17.632756132272377,Sur,Manglar,0.39781177
-98.10815601642986,20.13598314828861,Centro,Bosque Templado,0.29478234
-98.15023954010518,19.4635988732291,Centro,Matorral Seco,0.07807647
-101.13197454294517,26.466022425714623,Noreste,Bosque Templado,0.8467653
-100.70311551894791,26.78269331174862,Noreste,Pastizal,0.9716609
-100.72229812861778,24.524359196085495,Sur,Manglar,0.9487388
-106.44223926531178,29.63016293948578,Noreste,Manglar,0.73729414
-100.68545622843249,20.12620241996779,Centro,Bosque Templado,0.38148236
-107.2459027583229,29.969724097216424,Noreste,Matorral Seco,0.15440588
-103.164969966067,28.034183396089155,Noreste,Bosque Templado,0.9541247
-102.23403540827725,22.927632853771083,Centro,Bosque Templado,0.6947447
-95.66618087920251,16.21143770907225,Noreste,Selva Húmeda,0.9155965
-99.75873588078544,24.487205178095486,Sur,Matorral Seco,0.92448646
-101.589832433628,28.167661364633837,Noreste,Matorral Seco,0.99182737
-104.86739461076482,28.482969093205625,Noreste,Pastizal,0.7804488
-99.3760136000661,26.50697394173629,Noreste,Pastizal,0.42269412
-102.700585688068,25.267849526216864,Noreste,Bosque Templado,0.92167526
-104.80015046587289,28.616645778264022,Noreste,Bosque Templado,0.90455174
-98.01718494670426,18.60245253717795,Centro,Pastizal,0.70345825
-115.47117132167394,30.958270025126133,Noroeste,Manglar,0.9944448
-92.58689417638848,16.289543291189016,Sureste,Manglar,0.30405295
-98.1168206941415,25.527935023033965,Noreste,Matorral Seco,0.2939
-106.61079394297367,29.23973288288324,Noreste,Pastizal,0.98505807
-101.11257708305854,20.096122704190456,Occidente,Matorral Seco,0.6992306
-96.64795012048452,19.10181201688817,Sureste,Manglar,0.2779647
-114.17145362067471,31.748080428063584,Noroeste,Matorral Seco,0.9988026
-98.06468760879265,16.331573445316327,Noreste,Bosque Templado,0.012494118
-102.84443853544089,27.912919833843386,Noreste,Bosque Templado,0.88395
-98.31380620654082,23.629258819522022,Noreste,Manglar,0.4114059
-88.40331507340365,20.149846467163123,Sureste,Selva Húmeda,0.6659418
-111.12934987669114,29.407486358552323,Noroeste,Bosque Templado,0.97371805
-103.03409339693786,20.531860529029,Occidente,Manglar,0.8535341
-90.18719022941707,19.298765419466356,Sureste,Pastizal,0.6624335
-92.52357575597907,15.760780208075772,Sureste,Matorral Seco,0.85312116
-101.69336982996346,19.473161239741188,Occidente,Bosque Templado,0.4351294
-98.55227959164716,24.348276757278573,Noreste,Selva Húmeda,0.84267354
-100.24570322984182,24.533586816370107,Sur,Selva Húmeda,0.9823038
-88.14164270629772,21.182334328275378,Sureste,Pastizal,0.21927059
-110.80757474555004,24.457736272239192,Noroeste,Selva Húmeda,0.990913
-93.53234544133008,16.1881078690021,Sureste,Pastizal,0.8988671
-109.70345606404453,27.35662146410589,Noroeste,Manglar,0.59882
-99.88647357784428,21.18361626524281,Centro,Matorral Seco,0.6010271
-98.84476265749896,22.13794075816393,Centro,Bosque Templado,0.24507648
-110.72069519225413,30.219922018200872,Noroeste,Selva Húmeda,0.8027153
-110.33343031162028,29.94289304934538,Noroeste,Manglar,0.58845115
-98.81325847624404,23.785766490983928,Noreste,Bosque Templado,0.77891
-94.18124809978606,17.831149847379123,Sureste,Bosque Templado,0.47993588
-102.08742500559524,21.282996358666725,Occidente,Pastizal,0.4114059
-88.91164780630929,18.19919564935241,Sureste,Bosque Templado,0.78661704
-112.1907777015785,29.34681454091907,Noroeste,Selva Húmeda,0.9911835
-101.50980100487995,28.02116205980466,Noreste,Matorral Seco,0.93382174
-101.10918988895932,19.592593262518623,Occidente,Matorral Seco,0.9152847
-106.77141955519032,29.044266396157067,Noreste,Pastizal,0.31279412
-101.73660585086705,24.05138709165465,Centro,Pastizal,0.9196047
-100.37006694507285,24.906750053456683,Sur,Manglar,0.94511294
-105.63461752833379,29.03871840124952,Noreste,Pastizal,0.79694647
-110.27489249938468,27.980163398319444,Noroeste,Matorral Seco,0.94880295
-100.18888706967635,26.95878711940816,Sur,Bosque Templado,0.8468994
-106.41073175599978,28.20393996529042,Noreste,Selva Húmeda,0.3184941
-107.00763511325732,24.77904160359279,Noroeste,Manglar,0.89355
-100.43288429049592,26.87909714037398,Sur,Manglar,0.91657764
-100.26291054839204,18.85600631886232,Centro,Selva Húmeda,0.47023237
-104.59612928373318,28.233316495261953,Noreste,Manglar,0.64235884
-101.41695325572623,21.068681033452464,Centro,Pastizal,0.5235218
-98.06880743275887,18.36306536902693,Centro,Selva Húmeda,0.5953
-108.90987605221699,28.969501303001575,Noroeste,Bosque Templado,0.87514764
-113.25481176955778,27.891378562407635,Noroeste,Pastizal,0.68455297
-98.78640952555001,25.07347987998382,Noreste,Manglar,0.24675295
-103.38118141233905,25.623649564185367,Noreste,Bosque Templado,0.0012
-105.73873131498297,30.293414738828112,Noreste,Pastizal,0.72645354
-101.66699590535848,17.996633497935655,Sur,Matorral Seco,0.6531353
-100.18224109722735,26.289814080854544,Sur,Bosque Templado,0.79993176
-115.13543523876126,29.54870702318447,Noroeste,Bosque Templado,0.99356014
-88.85876532708335,18.144459869672616,Sureste,Pastizal,0.84276235
-113.97807156517071,32.13223120878868,Noroeste,Pastizal,0.9833771
-103.50037227401867,27.806662969119955,Noreste,Bosque Templado,0.94852644
-99.72281495906785,21.209641298477536,Centro,Bosque Templado,0.61053884
-102.74791591769457,18.90241586522813,Occidente,Manglar,0.6827306
-101.06267116535608,24.80057429130321,Noreste,Pastizal,0.79931825
-107.42420906743108,28.325880143585923,Noreste,Selva Húmeda,0.2769647
-97.37101565947845,17.13502430503239,Noreste,Selva Húmeda,0.5520524
-112.28983028994512,29.502823280566023,Noroeste,Selva Húmeda,0.6956712
-106.75045111437906,28.772255655654035,Noreste,Bosque Templado,0.33738825
-88.76244845651883,20.67060080008798,Sureste,Pastizal,0.64810586
-110.55081680592174,29.36786383192142,Noroeste,Matorral Seco,0.9273206
-99.9724403659372,24.399913653738324,Sur,Bosque Templado,0.8590635
-108.95919451446645,25.96957389088793,Noroeste,Bosque Templado,0.65688235
-107.19168569629147,30.600851816261965,Noreste,Selva Húmeda,0.9242753
-103.22896329185262,23.423867842371425,Centro,Bosque Templado,0.82292175
-100.56464301030951,18.582994572677144,Sur,Bosque Templado,0.6969953
-100.7742058908463,23.8396905505529,Centro,Bosque Templado,0.9175647
-111.33083852088168,28.817578057545965,Noroeste,Selva Húmeda,0.5914165
-105.49468068331448,29.97386264041979,Noreste,Pastizal,0.94332236
-99.17422592423071,23.273889455504342,Noreste,Manglar,0.87264943
-111.51720038330157,24.729402635787658,Noroeste,Bosque Templado,0.9496635
-90.08850434352603,19.793032227963078,Sureste,Selva Húmeda,0.7691365
-89.86539196203277,19.566556916487258,Sureste,Manglar,0.6374182
-101.52842745482877,19.02239983231793,Occidente,Pastizal,0.38235882
-110.34054976908,31.19648290263508,Noroeste,Selva Húmeda,0.3776353
-103.49255991356576,27.740965927957138,Noreste,Matorral Seco,0.9071729
-96.69311516554778,18.825844615490276,Sureste,Pastizal,0.28137058
-87.9882897337029,19.852634672472213,Sureste,Matorral Seco,0.88841414
-89.21589454336687,18.904533016005693,Sureste,Matorral Seco,0.9525706
-100.70899835118394,21.760630566790677,Centro,Matorral Seco,0.75567824
-97.387006082585,21.456829937616316,Sureste,Selva Húmeda,0.41774118
-101.61574968183534,23.370826286331837,Centro,Matorral Seco,0.9890888
-111.6592176562222,26.045781694724806,Noroeste,Manglar,0.9845323
-103.58869639035036,28.90070383847441,Noreste,Manglar,0.9699194
-105.33111488836857,22.325975772198785,Occidente,Pastizal,0.17885882
-103.82677416822247,23.59416880103854,Centro,Pastizal,0.72781885
-99.81086221845331,17.18096297498758,Sur,Bosque Templado,0.9525106
-103.86255888679148,22.716822107735556,Occidente,Matorral Seco,0.41859412
-111.23350828032474,30.080497552765582,Noroeste,Pastizal,0.41387647
-108.30448033245396,29.872249127949516,Noreste,Manglar,0.9895423
-111.74390298927443,25.78246352863824,Noroeste,Pastizal,0.99123275
-115.56530937443016,30.93580210552336,Noroeste,Selva Húmeda,0.83732057
-97.38231315577566,25.799382857770038,Noreste,Selva Húmeda,0.9209506
-89.87904713826316,18.363828365417092,Sureste,Pastizal,0.94582707
-93.11255413370641,15.987761188710603,Sureste,Selva Húmeda,0.8258506
-102.10758784393121,22.001876641931833,Centro,Pastizal,0.5153353
-92.93221787780394,16.181519622682632,Sureste,Selva Húmeda,0.78456175
-105.90949297648487,26.896201549064482,Noreste,Selva Húmeda,0.78569704
-98.90989721442662,21.930628136852828,Centro,Bosque Templado,0.92996174
-98.83010171541068,24.83978473250363,Noreste,Selva Húmeda,0.9498247
-97.68577929051688,16.495499438303074,Noreste,Selva Húmeda,0.9443882
-104.87906051031324,19.67581874471577,Occidente,Matorral Seco,0.85718
-115.37125747590197,31.286622567814614,Noroeste,Manglar,0.9890404
-100.02545882545074,19.488783762042033,Centro,Selva Húmeda,0.22390588
-110.7178076125256,30.61197969749601,Noroeste,Selva Húmeda,0.76415527
-100.53256018547734,19.279997019178836,Occidente,Matorral Seco,0.6896488
-100.10716742726301,20.19194316570286,Centro,Selva Húmeda,0.36401764
-111.93813586208,29.92073373889219,Noroeste,Selva Húmeda,0.8770994
-93.87411830110257,17.521587071421727,Sureste,Pastizal,0.36672354
-101.4685539663928,25.51968163411857,Noreste,Bosque Templado,0.6718277
-97.45440146108784,20.38406235277937,Sureste,Selva Húmeda,0.30294704
-100.38394516113243,24.376301873259617,Sur,Matorral Seco,0.9972787
-100.37658100757751,19.000797257007612,Centro,Manglar,0.4214647
-87.99806130138302,19.983560634687656,Sureste,Pastizal,0.83057237
-102.2619764175862,24.908259543967507,Centro,Bosque Templado,0.9495776
-107.75177835392977,25.086190574651074,Noroeste,Selva Húmeda,0.20875882
-96.22772308359347,17.9456719824818,Noreste,Pastizal,0.9229788
-89.53682408934812,19.47040633119848,Sureste,Manglar,0.64722645
-106.65700804271917,30.03855572050686,Noreste,Pastizal,0.7219688
-96.54303993433068,15.769227252487864,Noreste,Pastizal,0.8627853
-95.98769901360205,16.145721299569516,Noreste,Pastizal,0.6319012
-96.94941889649324,17.913044050440963,Noreste,Matorral Seco,0.88170296
-104.20323164733117,28.112762692882068,Noreste,Selva Húmeda,0.8989582
-94.93753769690576,18.272806204979478,Sureste,Selva Húmeda,0.4040059
-108.8820300693566,29.769858933858384,Noroeste,Matorral Seco,0.97212446
-100.74847324121866,20.8650717573509,Centro,Matorral Seco,0.43562353
-103.3705297485314,22.767271995505197,Centro,Pastizal,0.6020018
-103.00284084926004,23.53737981292978,Centro,Manglar,0.57007056
-100.719899244744,24.770409176301005,Sur,Pastizal,0.98126704
-106.78044341931317,26.380866743017865,Noreste,Matorral Seco,0.98709637
-101.5935301139837,18.142403118075052,Sur,Matorral Seco,0.43404707
-108.53241648428121,25.335826134778962,Noroeste,Bosque Templado,0.8556418
-109.2986029492971,27.59689381243174,Noroeste,Bosque Templado,0.7793159
-94.63760375822847,17.638421373771376,Sureste,Pastizal,0.42384118
-106.83545611876573,24.77349056073568,Noroeste,Bosque Templado,0.9830885
-105.12448377771933,28.303606533099448,Noreste,Selva Húmeda,0.8544188
-93.16118319146008,17.63311679113221,Sureste,Bosque Templado,0.39548236
-99.94722041690744,21.342420513960302,Centro,Selva Húmeda,0.09647647
-99.0606478389687,22.549056475523134,Noreste,Bosque Templado,0.24650589
-106.012396985992,30.95492805899402,Noreste,Bosque Templado,0.94806355
-97.95783755554467,17.4495941717352,Noreste,Selva Húmeda,0.66429
-95.97603929803486,16.88303690811807,Noreste,Pastizal,0.5032418
-106.67969852536805,26.392440321948666,Noreste,Matorral Seco,0.9857746
-105.9795738274671,23.614669997130807,Noroeste,Matorral Seco,0.9135212
-115.12240187945713,31.98939216117367,Noroeste,Manglar,0.8852553
-104.7780130685213,26.860169952134587,Noreste,Bosque Templado,0.9038371
-98.15415470026545,16.478981953345027,Noreste,Selva Húmeda,0.48364234
-90.37181671765535,19.553313616768293,Sureste,Pastizal,0.58669883
-105.49647420561409,22.876231578125317,Noroeste,Bosque Templado,0.98674124
-103.56439658989582,20.03511577458557,Occidente,Bosque Templado,0.2036
-98.67340600181623,22.253577544169573,Centro,Pastizal,0.35361177
-100.99372938448982,24.667327611732585,Noreste,Pastizal,0.64754415
-96.38701645268588,16.870016121109828,Noreste,Selva Húmeda,0.042570587
-100.63757034042591,22.640931522861347,Centro,Selva Húmeda,0.6037212
-111.34187557621061,28.89683410882181,Noroeste,Bosque Templado,0.17792942
-105.13866288933214,29.454673270049827,Noreste,Manglar,0.80414355
-89.9996167200526,18.83600937231069,Sureste,Pastizal,0.8960618
-100.33413842023545,26.793695234404293,Sur,Bosque Templado,0.9498271
-97.82657873347473,19.134929821308173,Centro,Pastizal,0.26417646
-98.55798126025431,17.47092283892542,Sur,Matorral Seco,0.36945882
-99.0884049162398,18.847132916179635,Sur,Selva Húmeda,0.19744706
-99.57240757729495,19.84748702494334,Centro,Manglar,0.17745882
-106.35084399621586,30.443790643416957,Noreste,Selva Húmeda,0.6432988
-101.68121785945696,28.783245472844488,Noreste,Manglar,0.6805047
-111.1763500874328,29.451512890578478,Noroeste,Manglar,0.7751053
-103.131442570604,25.4231718856022,Noreste,Pastizal,0.2361647
-99.63710324028035,17.604936823607364,Sur,Pastizal,0.69933766
-107.66930457830505,29.970624079319844,Noreste,Bosque Templado,0.77933705
-105.6182275783491,30.181442512120498,Noreste,Manglar,0.9178412
-111.85014687103725,30.389644326367424,Noroeste,Manglar,0.59096473
-109.46629875963441,29.880134061766423,Noroeste,Selva Húmeda,0.92325413
-104.13492463653093,22.533556963751714,Occidente,Pastizal,0.48963293
-101.53888633195747,20.82868653215281,Centro,Selva Húmeda,0.4407059
-111.68017379696286,25.579059983605013,Noroeste,Bosque Templado,0.93050116
-108.16642827861548,28.419427549615424,Noreste,Pastizal,0.9105594
-98.62482013054976,20.780239526877903,Centro,Manglar,0.4146059
-107.93502514266133,27.824047593580218,Noreste,Pastizal,0.9787837
-111.19108177731009,31.073923920162272,Noroeste,Selva Húmeda,0.68620235
-98.64972009011953,17.42281378688881,Sur,Manglar,0.51912355
-114.89431925122767,32.12893877678071,Noroeste,Bosque Templado,0.66285884
-107.0715678680928,31.776291427724082,Noreste,Selva Húmeda,0.8871182
-104.01017286726469,19.69084903339635,Occidente,Selva Húmeda,0.7142453
-98.8144829703136,20.271906877623753,Centro,Manglar,0.7615482
-104.52690852880862,29.188738590582194,Noreste,Pastizal,0.9461435
-93.5426188138006,16.95309346019289,Sureste,Bosque Templado,0.8257471
-97.84346652300042,24.08626413210576,Noreste,Matorral Seco,0.38997647
-90.25900709258705,18.39700392483737,Sureste,Pastizal,0.9095812
-100.0154675040771,20.481560382353216,Centro,Selva Húmeda,0.17236471
-89.65692170924996,18.794396246104338,Sureste,Pastizal,0.75125057
-89.6704470549828,19.177921890886957,Sureste,Pastizal,0.81195414
-100.460663102946,20.74315658052369,Centro,Manglar,0.0013058824
-114.41784875529342,32.010342093770525,Noroeste,Manglar,0.99999994
-99.16623624112506,24.82760196661794,Noreste,Manglar,0.9893944
-104.44519038196391,27.537228811677892,Noreste,Pastizal,0.8590782
-101.51722695447661,17.857545074428437,Sur,Manglar,0.52938235
-100.27638346423333,23.053148544390588,Centro,Pastizal,0.98629856
-109.16179779299483,27.071269653490372,Noroeste,Manglar,0.4103353
-93.04873555359856,15.78967341711039,Sureste,Pastizal,0.9167423
-90.13112588913721,18.55843815516039,Sureste,Selva Húmeda,0.8245806
-90.58055864362471,19.16945606209042,Sureste,Matorral Seco,0.70934707
-106.04102400268376,23.240755135229264,Noroeste,Bosque Templado,0.28888234
-103.03465680027641,21.74191699840683,Centro,Bosque Templado,0.55690354
-111.27822027641335,25.121467136553527,Noroeste,Bosque Templado,0.9102706
-106.09050425774456,30.725975090002233,Noreste,Matorral Seco,0.9624712
-98.0930741712089,18.88188311048805,Centro,Selva Húmeda,0.18742353
-110.0917022936968,30.200610957120197,Noroeste,Pastizal,0.9945918
-93.3512592941528,17.526718965011828,Sureste,Manglar,0.41034117
-100.28189212195421,18.925957809252015,Centro,Manglar,0.34224117
-104.78534250475167,28.130690202691245,Noreste,Bosque Templado,0.8982582
-99.66057688424843,20.54506437695464,Centro,Matorral Seco,0.20367648
-112.1373923364886,30.993147933435804,Noroeste,Matorral Seco,0.96135587
-100.22980072918597,17.373419273689855,Sur,Manglar,0.8275482
-97.94533479875584,17.092187447827754,Noreste,Matorral Seco,0.9089953
-110.37305527172049,28.314435434990312,Noroeste,Bosque Templado,0.9976928
-107.20096705170027,31.360483155348962,Noreste,Manglar,0.7273253
-100.28277260937925,21.153612155666657,Centro,Matorral Seco,0.64407825
-104.81909691579315,20.72402670267129,Occidente,Matorral Seco,0.78096706
-100.98957301241629,17.543144583295167,Sur,Bosque Templado,0.6923253
-96.36276475002323,17.932970892046583,Noreste,Bosque Templado,0.9725304
-92.4414590721352,18.616992432470084,Sureste,Selva Húmeda,0.99697316
-97.04244088590386,16.426875570418407,Noreste,Selva Húmeda,0.8978606
-98.12002067085211,23.052565396265877,Noreste,Bosque Templado,0.59257
-104.02414744912282,21.88981486219311,Occidente,Selva Húmeda,0.8293112
-114.57700925062571,27.746605486372378,Noroeste,Pastizal,0.989776
-102.77885387205689,26.58541516157885,Noreste,Bosque Templado,0.9335106
-104.62486093911986,27.317593125061467,Noreste,Matorral Seco,0.8049453
-103.1190839486887,19.96832551431454,Occidente,Bosque Templado,0.92532295
-108.4950867676912,26.6385953338505,Noroeste,Manglar,0.99095196
-88.4906949422116,19.34712951454029,Sureste,Selva Húmeda,0.67779297
-109.95083111406457,28.01465104535527,Noroeste,Manglar,0.70727646
-98.7509136158716,17.078824853566385,Sur,Pastizal,0.9370218
-101.54829444915188,27.769754390116322,Noreste,Selva Húmeda,0.87305
-109.06526199627105,28.02624430204793,Noroeste,Bosque Templado,0.8723588
-97.75168464310929,17.07483664064042,Noreste,Bosque Templado,0.92820823
-100.96856506084875,18.931057152080413,Occidente,Pastizal,0.7116747
-113.32755312494834,31.945002662725262,Noroeste,Bosque Templado,0.89797527
-109.83148558076209,23.87251793590331,Noroeste,Bosque Templado,0.9994881
-89.89739709539634,18.40681374486727,Sureste,Pastizal,0.9476353
-111.10331926274372,24.52633392318746,Noroeste,Bosque Templado,0.8116053
-105.05472929372134,28.842946773573505,Noreste,Pastizal,0.81116116
-95.32527357272632,16.539652800631945,Noreste,Pastizal,0.6900088
-116.17023913690207,32.104597296544476,Noroeste,Bosque Templado,0.99724793
-104.57237652875698,20.78339106842098,Occidente,Manglar,0.68761057
-101.76236559918945,29.247615685894004,Noreste,Manglar,0.9924223
-92.02357545270831,18.23432121227732,Sureste,Selva Húmeda,0.6014741
-106.61365339357093,25.79904872865011,Noreste,Manglar,0.96892
-106.38093566072999,30.01834164062633,Noreste,Bosque Templado,0.5914094
-101.87113139095086,20.749716419396687,Centro,Selva Húmeda,0.2828294
-100.6719361028256,22.964962112884525,Centro,Matorral Seco,0.9153694
-100.6868573123144,22.171568077894577,Centro,Matorral Seco,0.53701943
-102.19262954849204,24.63059312197121,Centro,Matorral Seco,0.9963524
-93.47148677827535,16.67168350598145,Sureste,Bosque Templado,0.20120588
-103.62999474891106,22.111341062620703,Occidente,Bosque Templado,0.66957647
-102.20263759666962,25.5463472373019,Noreste,Manglar,0.9850025
-101.05402016017553,25.983045111820772,Noreste,Matorral Seco,0.9626529
-111.51389774747528,29.37357924034977,Noroeste,Pastizal,0.9288047
-103.49859809923713,28.148541874429643,Noreste,Matorral Seco,0.9928458
-102.7579076351383,23.5721987274037,Centro,Manglar,0.09914706
-90.17719134875966,18.99772259928097,Sureste,Bosque Templado,0.99212193
-107.53379645901872,30.734960136327604,Noreste,Selva Húmeda,0.82278645
-98.6359478949223,23.430580383007886,Noreste,Bosque Templado,0.9986321
-102.2318405495362,28.851916154168627,Noreste,Bosque Templado,0.77342767
-106.26109933872947,26.606326479037364,Noreste,Matorral Seco,0.65727353
-108.14606093217043,27.14680421675239,Noreste,Pastizal,0.8468247
-92.58208214662064,16.68387759104048,Sureste,Selva Húmeda,0.10415294
-100.1439999140731,20.73693323235843,Centro,Selva Húmeda,0.44041178
-109.39046480172674,29.847715633321073,Noroeste,Manglar,0.8008547
-92.31680077166787,15.789527947414552,Sureste,Selva Húmeda,0.67331237
-88.06317307467046,21.338515703959107,Sureste,Pastizal,0.4098706
-101.4659190630967,23.05535382532982,Centro,Manglar,0.9789129
-101.94894794995675,20.178769071973004,Occidente,Bosque Templado,0.58301
-104.01243622282821,27.705956289558255,Noreste,Bosque Templado,0.8925918
-103.4314786018852,23.637320075662036,Centro,Pastizal,0.6086335
-103.71601074403173,22.881881021819677,Centro,Manglar,0.97692084
-110.65487055768243,30.094710621641386,Noroeste,Pastizal,0.8925988
-92.40295165163717,17.941970458614804,Sureste,Selva Húmeda,0.47665352
-89.76680121563413,18.03303059958422,Sureste,Matorral Seco,0.72339237
-96.88495162591964,15.954694558183833,Noreste,Matorral Seco,0.89485884
-99.57054411680222,18.68009201179334,Sur,Matorral Seco,0.2941059
-88.65763339369613,18.44911837297529,Sureste,Matorral Seco,0.7167712
-104.72195800694487,27.453504708042956,Noreste,Manglar,0.8057806
-100.71708709330447,25.681513655240117,Sur,Matorral Seco,0.042394117
-108.83727582636097,26.276410277862905,Noroeste,Manglar,0.50862056
-101.7663741359592,24.49514258617869,Centro,Matorral Seco,0.9978373
-97.77609594934026,23.661160450483614,Noreste,Matorral Seco,0.32812354
-94.96179423144122,18.024612615864164,Sureste,Manglar,0.35372353
-99.60631491803605,17.90068222429889,Sur,Manglar,0.5971224
-99.90128008684233,18.252773780168763,Sur,Pastizal,0.33425882
-103.82615243512157,22.59395883943418,Centro,Bosque Templado,0.30951765
-102.63150302740469,25.28980786346903,Noreste,Pastizal,0.91297174
-98.69566519264104,21.014723980595946,Centro,Selva Húmeda,0.27867648
-90.06069810945725,20.745478420247352,Sureste,Manglar,0.63199174
-98.41342149520615,17.199681847115322,Sur,Pastizal,0.5823912
-102.434105380966,26.82394864590977,Noreste,Selva Húmeda,0.9204265
-102.9813623125937,21.01269162829272,Occidente,Selva Húmeda,0.42232943
-101.4119475567772,28.978218506799422,Noreste,Pastizal,0.9070647
-115.1655328125942,29.750755785155167,Noroeste,Manglar,0.9617141
-111.66532395135867,28.79388166624311,Noroeste,Manglar,0.41858235
-108.96728840819743,28.843698998194498,Noroeste,Matorral Seco,0.4885641
-100.83307885912546,27.63922553833156,Noreste,Selva Húmeda,0.63058233
-95.65373440436439,16.944630269291324,Noreste,Selva Húmeda,0.61735237
-114.69919529867184,32.221198592795474,Noroeste,Manglar,0.99611926
-100.90062270965628,17.501775125402144,Sur,Pastizal,0.4236059
-99.60213619714257,27.199207133945915,Noreste,Matorral Seco,0.8384912
-103.0141147924669,20.36619777633925,Occidente,Pastizal,0.82550293
-98.4990726713518,25.08861913198055,Noreste,Selva Húmeda,0.6010694
-100.39698826964009,26.42321919950439,Sur,Selva Húmeda,0.18287647
-97.69993412632459,18.501995671649446,Centro,Selva Húmeda,0.13691765
-100.50948405997877,18.588047762960333,Sur,Selva Húmeda,0.9403894
-101.85373405347427,22.807179625003066,Centro,Pastizal,0.6407847
-111.14128298667737,29.551513607368655,Noroeste,Selva Húmeda,0.98989886
-99.26966535134481,24.626719775852404,Noreste,Matorral Seco,0.5066665
-98.40273055645982,19.321927282159905,Centro,Selva Húmeda,0.12222941
-102.73861254609037,26.123313718715764,Noreste,Matorral Seco,0.99767405
-107.35396476008853,28.399529922157562,Noreste,Manglar,0.9829321
-99.53896092109625,26.33156974982218,Sur,Matorral Seco,0.48018646
-108.18018692021428,28.47852593121096,Noreste,Pastizal,0.99446046
-99.89482497096425,21.82155994921243,Centro,Manglar,0.4012
-100.8910115790959,19.43862510528429,Occidente,Bosque Templado,0.54229116
-110.05828348959439,31.274050938539407,Noroeste,Manglar,0.77990705
-88.13877752293148,21.008798889988963,Sureste,Selva Húmeda,0.6041135
-98.49128165943155,23.657340278601716,Noreste,Matorral Seco,0.9965985
-98.16129024753009,25.841415876632773,Noreste,Pastizal,0.28975883
-91.48572245129866,17.442573869330126,Sureste,Matorral Seco,0.34290588
-110.42958962979768,30.20419227365419,Noroeste,Pastizal,0.76782
-99.84835619064175,22.013297018482156,Centro,Pastizal,0.48673648
-103.96624914918486,20.55946043973181,Occidente,Pastizal,0.17851764
-107.83113449021211,27.169543526344068,Noreste,Pastizal,0.87141705
-103.58353387938044,23.85644189458662,Centro,Pastizal,0.4747147
-97.33635200979657,20.947479465683394,Sureste,Bosque Templado,0.2945647
-105.16511486657826,30.165648804844825,Noreste,Matorral Seco,0.9424218
-103.55012064174619,28.771510570139085,Noreste,Pastizal,0.5532553
-106.94947419732266,29.743446287693263,Noreste,Matorral Seco,0.83313704
-105.9859915567296,23.65434090347105,Noroeste,Manglar,0.95976824
-108.59578478072032,27.520745193910813,Noreste,Bosque Templado,0.983381
-100.44270990073245,18.97941060626157,Centro,Matorral Seco,0.49153352
-107.23140227529397,28.360632995802696,Noreste,Pastizal,0.30272353
-103.24860715775576,23.777071134393708,Centro,Pastizal,0.28828824
-114.50284942832438,29.225982924317705,Noroeste,Selva Húmeda,0.9897948
-114.46650440761121,27.604471945153772,Noroeste,Manglar,0.99094665
-110.99246045568245,28.20746379050013,Noroeste,Pastizal,0.96806353
-106.90699082739211,24.804506475649006,Noroeste,Manglar,0.99801534
-101.38533509379485,27.327060816775276,Noreste,Matorral Seco,0.989391
-107.70386279054246,27.903443619193084,Noreste,Pastizal,0.6961088
-109.73116443614371,27.528412946097948,Noroeste,Bosque Templado,0.7579594
-103.41062007282537,22.747974678029998,Centro,Manglar,0.5319847
-107.65405153730649,25.681039151775053,Noroeste,Manglar,0.8132471
-109.07829219047478,26.399586097956306,Noroeste,Pastizal,0.1765
-102.79526230732878,22.21278821903028,Centro,Pastizal,0.77499825
-106.62345185656885,26.27389615948996,Noreste,Matorral Seco,0.9777055
-98.46269298815608,17.302269715791933,Sur,Matorral Seco,0.37909412
-105.48959169141077,27.328581400468064,Noreste,Selva Húmeda,0.59210765
-107.35992851285496,31.754971241041833,Noreste,Matorral Seco,0.9395188
-111.06687628046086,31.196417415464758,Noroeste,Selva Húmeda,0.90114355
-100.43879519843921,19.35611192211167,Occidente,Manglar,0.8086829
-106.9796600201851,28.958214783445733,Noreste,Matorral Seco,0.9412412
-95.1324000202959,17.949345797545003,Sureste,Manglar,0.3347353
-107.14991517678648,28.23508863684491,Noreste,Matorral Seco,0.29670587
-94.13148363492867,17.68863929191998,Sureste,Matorral Seco,0.41761178
-101.52425995581096,21.15080990865554,Centro,Selva Húmeda,0.3946647
-100.65891419253148,18.980842756957998,Occidente,Matorral Seco,0.69871175
-99.7322842577288,21.13976618292965,Centro,Manglar,0.81887823
-110.93854949618986,30.276687426773332,Noroeste,Manglar,0.6675688
-88.44143196229118,21.008474377598446,Sureste,Selva Húmeda,0.6334841
-91.95453697369891,17.195940750647413,Sureste,Manglar,0.95845413
-101.49616797930663,27.583281184450772,Noreste,Matorral Seco,0.9116853
-102.47035653147123,24.46568971266131,Centro,Pastizal,0.8337953
-106.25596177070383,30.24842085774506,Noreste,Bosque Templado,0.63353944
-113.94243470238398,28.29073579572373,Noroeste,Pastizal,0.97206014
-105.01334364987534,29.691741729304706,Noreste,Manglar,0.92088234
-108.92259879548283,28.864447733806998,Noroeste,Pastizal,0.9961437
-101.697206772614,27.146807882508945,Noreste,Pastizal,0.27407646
-106.71877714331382,24.40471338094791,Noroeste,Pastizal,0.44568235
-96.9174644540461,18.565157571165013,Centro,Bosque Templado,0.9763942
-92.91026662499817,17.07529635015611,Sureste,Bosque Templado,0.43555883
-102.6444321460406,18.957404142865364,Occidente,Bosque Templado,0.2758059
-112.78815393821702,27.17692963832752,Noroeste,Matorral Seco,0.90276
-99.36282073103341,23.955027793205783,Noreste,Bosque Templado,0.9245406
-98.25361811016136,20.58056620185831,Sureste,Manglar,0.42
-101.08241114916633,18.034257707807132,Sur,Manglar,0.61900353
-92.78162991664595,15.831791071752182,Sureste,Selva Húmeda,0.87239176
-113.70467306648658,28.237899251629692,Noroeste,Selva Húmeda,0.98849094
-106.31451284516912,29.896697732952838,Noreste,Selva Húmeda,0.7416577
-103.84734949455547,28.520351115598206,Noreste,Selva Húmeda,0.95355296
-96.93083123640835,17.42007211743203,Noreste,Bosque Templado,0.7409247
-100.00164190611295,25.669549921559266,Sur,Matorral Seco,0.7043182
-99.88415702980235,19.325849958687602,Centro,Selva Húmeda,0.15263529
-97.62317189077108,18.590298786538728,Centro,Matorral Seco,0.30845883
-92.37870596813046,17.15041268632273,Sureste,Selva Húmeda,0.31435883
-101.95651183523536,27.44928656957608,Noreste,Selva Húmeda,0.7926047
-110.44864577868708,30.616782494665394,Noroeste,Selva Húmeda,0.9992423
-106.90490890259372,24.34328250305143,Noroeste,Pastizal,0.9587894
-103.6668439505183,23.059502398900317,Centro,Manglar,0.5891988
-100.55633050185455,24.595932491937038,Sur,Selva Húmeda,0.98119867
-106.01120663168386,31.268615648644232,Noreste,Matorral Seco,0.7592941
-103.0322883056832,24.002832845378475,Centro,Manglar,0.3582294
-99.18409405678702,20.457259373463362,Centro,Manglar,0.11550588
-103.52511386282708,22.839859117927354,Centro,Bosque Templado,0.38358822
-107.46967458907493,27.583233443103612,Noreste,Selva Húmeda,0.9388653
-103.22438513601814,26.529806179669237,Noreste,Manglar,0.979059
-107.14583628617933,28.231403485862703,Noreste,Bosque Templado,0.29062352
-106.43951653595985,31.034658479083028,Noreste,Pastizal,0.19149412
-98.17560739028323,17.457953522517307,Noreste,Matorral Seco,0.87852293
-102.72312220675816,23.02579246002833,Centro,Matorral Seco,0.32414705
-110.73398454982527,31.079716535390055,Noroeste,Manglar,0.93075
-106.64949260834776,27.52662755367729,Noreste,Bosque Templado,0.35851765
-92.94643076119075,15.720707404596283,Sureste,Bosque Templado,0.9509741
-99.54815807570829,19.280836547246686,Centro,Matorral Seco,0.01137647
-114.10463577258568,31.739507942688107,Noroeste,Manglar,0.9991607
-98.90388336404222,21.367518183684982,Centro,Bosque Templado,0.8102453
-109.7709753769256,27.796905376028484,Noroeste,Manglar,0.41585293
-107.30931737227385,29.09956535848285,Noreste,Pastizal,0.78591233
-103.06088369845621,19.43563194042114,Occidente,Selva Húmeda,0.64016354
-101.35121333183798,18.529358865774544,Sur,Selva Húmeda,0.3206412
-107.52191275551586,30.799264852840505,Noreste,Manglar,0.85285354
-89.90450685984578,20.28529215267069,Sureste,Manglar,0.71175414
-108.62095800926164,30.16979451630364,Noroeste,Matorral Seco,0.9835263
-92.04275524071917,17.012375892684258,Sureste,Manglar,0.39748237
-102.64164974084728,27.577792870690036,Noreste,Manglar,0.6619165
-101.84864536831238,26.125314017501932,Noreste,Manglar,0.6074912
-98.0643843185519,24.691029033196276,Noreste,Pastizal,0.8264612
-98.23214705382331,24.91175714428039,Noreste,Pastizal,0.2947706
-102.07554971045141,19.181121495999456,Occidente,Matorral Seco,0.6487894
-114.35971532798673,27.67982997579604,Noroeste,Manglar,0.9908817
-106.57552661984316,28.960574659347742,Noreste,Selva Húmeda,0.9617641
-101.30428506578113,22.127596284652494,Centro,Matorral Seco,0.74725765
-92.56414732631339,17.6726956511838,Sureste,Bosque Templado,0.39070588
-105.3985218977929,27.2983242425146,Noreste,Matorral Seco,0.44221765
-116.41762267055242,31.920328165018894,Noroeste,Pastizal,0.9959518
-102.20843495398839,25.924792451940654,Noreste,Manglar,0.7653706
-100.73498779127512,19.540941935959555,Occidente,Pastizal,0.87463415
-98.88451489853585,21.124046647964743,Centro,Selva Húmeda,0.62388414
-116.78858520963728,32.4950280222735,Noroeste,Selva Húmeda,0.0433
-106.06542223272703,30.087814188550137,Noreste,Matorral Seco,0.92014
-97.9211618750577,23.7131368923363,Noreste,Matorral Seco,0.9514012
-116.62738546454099,32.50377775473234,Noroeste,Pastizal,0.99989176
-88.39429656631634,19.182004272236693,Sureste,Bosque Templado,0.9995243
-106.10211457897506,29.81478713192892,Noreste,Selva Húmeda,0.87475646
-108.90617898990563,30.7426716621859,Noreste,Selva Húmeda,0.9479947
-105.6375982791235,22.1220904801573,Occidente,Manglar,0.95605767
-88.78491792481154,19.855010243339752,Sureste,Matorral Seco,0.6469312
-112.67670464007767,31.434676363398868,Noroeste,Selva Húmeda,0.9753845
-116.62147521932347,32.10427782270624,Noroeste,Matorral Seco,0.29507646
-100.13956275456887,21.149833399152318,Centro,Manglar,0.8931677
-98.67729789808739,16.799074964867533,Sur,Matorral Seco,0.58652234
-112.79983339108735,27.030295438476408,Noroeste,Bosque Templado,0.9805235
-99.40274366479902,18.88005020363047,Sur,Pastizal,0.42881176
-110.30821164052932,28.517365073308536,Noroeste,Manglar,0.8166212
-102.26685577183275,21.04858036914563,Occidente,Bosque Templado,0.39478824
-112.51744166971889,31.781012723598757,Noroeste,Bosque Templado,0.9903063
-99.34608422535784,19.83877827432486,Centro,Matorral Seco,0.17611764
-114.70938585943355,32.32009729936505,Noroeste,Pastizal,0.98551196
-102.99208797706828,21.942998027204048,Centro,Bosque Templado,0.44827706
-108.66554117976199,27.341935005059888,Noroeste,Selva Húmeda,0.76555294
-102.28687621341179,25.022165228223223,Centro,Manglar,0.9705024
-99.45189361521736,24.48616682322744,Noreste,Matorral Seco,0.5443294
-101.99723283407424,29.061371676353712,Noreste,Bosque Templado,0.7030735
-100.09102168070808,23.745022766090337,Sur,Pastizal,0.2742706
-102.96291279040385,24.442723357492973,Centro,Selva Húmeda,0.61359763
-98.27610436023022,21.665833626628846,Sureste,Bosque Templado,0.35348237
-112.00746807710216,26.147284602456686,Noroeste,Selva Húmeda,0.96254355
-103.90247506860717,28.5781300279622,Noreste,Pastizal,0.86383647
-100.83124298918044,20.54404676674963,Centro,Matorral Seco,0.0
-98.07559687942873,25.45156231221131,Noreste,Manglar,0.28876472
-89.22499337311665,19.504501543306294,Sureste,Pastizal,0.8577576
-101.35143505398504,27.82304931083764,Noreste,Manglar,0.92642766
-102.75991252236037,23.45400811991963,Centro,Matorral Seco,0.6471276
-100.62141449940653,23.540397377454774,Centro,Pastizal,0.27908823
-109.9782971313697,23.364048667842027,Noroeste,Selva Húmeda,0.996264
-115.02234903807829,30.187606874468234,Noroeste,Manglar,0.98938906
-102.4682275566281,27.487611434471685,Noreste,Manglar,0.9071559
-95.80692918285733,16.49269204272902,Noreste,Matorral Seco,0.81935704
-101.06558234928158,27.619928688825475,Noreste,Matorral Seco,0.79519
-94.14369635603855,17.885401265083225,Sureste,Manglar,0.4040353
-98.14141668331752,16.80651233129784,Sur,Matorral Seco,0.6798747
-106.95122672765176,26.28023893232527,Noreste,Pastizal,0.87148
-102.55536973938108,23.98958727567791,Centro,Selva Húmeda,0.75001764
-88.00150415902428,18.719125390283256,Sureste,Manglar,0.89258057
-111.08726020145917,30.846349825199617,Noroeste,Pastizal,0.5739053
-101.56363216803973,21.978855113125555,Centro,Manglar,0.30478823
-99.97780543780183,22.964709991531183,Noreste,Pastizal,0.8271159
-88.65915716967812,19.11069889804127,Sureste,Matorral Seco,0.94116765
-91.97656363276104,17.245884180578184,Sureste,Matorral Seco,0.81569356
-89.08784235696787,19.063805009958983,Sureste,Selva Húmeda,0.61106
-114.4401805093978,29.03918046236097,Noroeste,Manglar,0.98689693
-100.94081893647261,17.369600180572995,Sur,Matorral Seco,0.5762423
-112.18388830667395,26.0886744737184,Noroeste,Manglar,0.91729707
-114.52048228886518,32.039514468173714,Noroeste,Pastizal,0.9991848
-99.98165455392264,26.088178212308385,Sur,Matorral Seco,0.7023394
-104.34672637768595,19.920573353647963,Occidente,Bosque Templado,0.61655116
-113.59155204353438,28.09326215656245,Noroeste,Bosque Templado,0.99697477
-110.10193513491193,23.90515155713598,Noroeste,Selva Húmeda,0.78329235
-104.87341284022196,29.701559529097114,Noreste,Pastizal,0.9670935
-89.01303063759092,21.082578269582978,Sureste,Bosque Templado,0.6249947
-101.38058583313763,18.34098287010855,Sur,Selva Húmeda,0.41029412
-116.06280237292309,31.298490409224957,Noroeste,Manglar,0.99974746
-100.50001695118894,21.196752627215652,Centro,Selva Húmeda,0.2868706
-104.23572841380206,21.146426246331114,Occidente,Selva Húmeda,0.6462824
-100.4429441289044,23.8577208030475,Sur,Selva Húmeda,0.72016823
-103.27890076225069,28.321572937932565,Noreste,Manglar,0.9986866
-89.92007349254534,19.466257651257887,Sureste,Matorral Seco,0.69963354
-98.77623682071945,19.16940608458805,Centro,Selva Húmeda,0.11528235
-112.28170418719317,31.226598772882085,Noroeste,Matorral Seco,0.99704844
-106.29969535214974,29.550898847789473,Noreste,Manglar,0.6321135
-101.50335684112812,21.329598436270913,Centro,Manglar,0.4741553
-99.95586965678248,19.383572926621376,Centro,Matorral Seco,0.20075883
-103.16890506517427,27.479671352724285,Noreste,Manglar,0.9234512
-99.11291797693194,23.940533712652847,Noreste,Pastizal,0.1798
-107.186558404695,30.36659373416021,Noreste,Bosque Templado,0.88239825
-106.6171279746018,24.315265641446565,Noroeste,Selva Húmeda,0.8699135
-90.3739797424705,19.50716936562713,Sureste,Manglar,0.6418135
-112.78927529403738,27.394165605066128,Noroeste,Selva Húmeda,0.94520295
-106.43590175226427,27.85630968341513,Noreste,Pastizal,0.51240176
-98.25868075580969,25.003904146860258,Noreste,Pastizal,0.87137234
-96.08330076646556,18.4493110406932,Sureste,Bosque Templado,0.3284706
-99.6096718514196,19.275821728764072,Centro,Pastizal,0.24765882
-89.72102321155917,19.737363450006775,Sureste,Matorral Seco,0.83983
-87.67392836299268,19.285231862134996,Sureste,Selva Húmeda,0.9224888
-97.45392972590551,19.248181539371807,Centro,Matorral Seco,0.7571553
-96.46567583981714,19.11774677838054,Sureste,Pastizal,0.23914705
-102.54714555639562,25.01018048555347,Centro,Manglar,0.97613734
-102.0851386254086,21.951867065116716,Centro,Manglar,0.27378234
-108.39688672960263,25.352977910622574,Noroeste,Matorral Seco,0.57195944
-89.40232069971229,18.552020690468375,Sureste,Bosque Templado,0.7712406
-103.10163455513725,27.733746007822813,Noreste,Selva Húmeda,0.7634812
-97.4564900975176,21.092463227167332,Sureste,Manglar,0.30925882
-112.0154596067543,25.919162297520234,Noroeste,Selva Húmeda,0.98446256
-110.63093911741956,23.829789070416982,Noroeste,Matorral Seco,0.9741729
-101.96558648609842,26.347409048433907,Noreste,Matorral Seco,0.96140647
-98.3379757227011,22.004050249224125,Sureste,Pastizal,0.22529411
-89.6081556935209,20.508654528107925,Sureste,Matorral Seco,0.70578825
-103.42493892239274,25.480409442414626,Noreste,Selva Húmeda,0.9984802
-102.44840303636013,18.113412581298068,Occidente,Pastizal,0.5929894
-106.64992041860138,25.699022409104796,Noreste,Matorral Seco,0.89982885
-90.87354732484197,16.583483838816626,Sureste,Bosque Templado,0.93423414
-103.9791938658355,21.72331785141926,Occidente,Selva Húmeda,0.93221295
-95.38446167379257,18.590310843143747,Sureste,Manglar,0.29444116
-101.2354177772587,24.298800298032276,Centro,Matorral Seco,0.9085718
-105.15839312836654,27.543007022740248,Noreste,Selva Húmeda,0.50563765
-115.0463376475349,29.464446052163613,Noroeste,Bosque Templado,0.9893409
-97.66783081359719,16.16788776533537,Noreste,Manglar,0.6300912
-102.70850980305492,25.45320413842729,Noreste,Manglar,0.6526529
-110.11089450760797,23.688550488996302,Noroeste,Selva Húmeda,0.999425
-100.81115742895639,23.83821801177743,Centro,Manglar,0.9741175
-107.47055750363165,27.74126843052402,Noreste,Matorral Seco,0.93401414
-105.03562176021312,26.8046361864298,Noreste,Manglar,0.50049645
-97.64701440516987,19.767610281651,Centro,Manglar,0.6156518
-96.57072074006717,18.789831847042727,Sureste,Bosque Templado,0.37954706
-104.59633024088032,28.829103706844936,Noreste,Bosque Templado,0.17645882
-91.34866716707712,17.776002524075555,Sureste,Bosque Templado,0.6945341
-95.44396202518871,16.836094015665715,Noreste,Matorral Seco,0.69323415
-93.1385388843742,15.677167034610445,Sureste,Manglar,0.66996235
-99.55729910551578,23.31529794919345,Noreste,Matorral Seco,0.91320705
-97.75184205414877,20.342804426938955,Centro,Bosque Templado,0.018070588
-98.58915565879248,17.96237965993511,Sur,Pastizal,0.36329412
-104.90307303271395,27.40186571835167,Noreste,Manglar,0.18247648
-98.88766950447857,16.84572043757006,Sur,Manglar,0.9258741
-101.02613167587917,17.59547014884643,Sur,Manglar,0.5972682
-103.26812817813827,20.19035531151998,Occidente,Matorral Seco,0.3558
-110.89447009336892,28.02450803383098,Noroeste,Pastizal,0.39230588
-99.92341739241337,17.04704312182543,Sur,Bosque Templado,0.3419294
-110.00447496020992,23.945426233083342,Noroeste,Matorral Seco,0.9806404
-95.08111897123823,16.95134591771949,Noreste,Pastizal,0.3994294
-103.92474232730095,22.928497910296755,Centro,Matorral Seco,0.8053
-110.7688888160087,29.570487341503725,Noroeste,Bosque Templado,0.86628586
-91.95217552743945,15.821483070705478,Sureste,Manglar,0.17650588
-101.7452261478357,22.32118215814684,Centro,Bosque Templado,0.19038235
-100.2489961834186,23.423743677732446,Sur,Selva Húmeda,0.96539587
-92.98275588295338,17.424390116652624,Sureste,Manglar,0.3954059
-109.3242454053737,30.56041330396067,Noroeste,Bosque Templado,0.8813306
-102.91865803213597,28.736350955050522,Noreste,Pastizal,0.87216705
-97.99075015413655,24.39465262109019,Noreste,Selva Húmeda,0.3012
-96.52044412231932,16.33897094338729,Noreste,Manglar,0.33208236
-102.14671427838334,29.476520581484756,Noreste,Manglar,0.6094112
-111.01853417231452,28.667817006818133,Noroeste,Manglar,0.7800282
-110.66176390435527,30.375713414166846,Noroeste,Manglar,0.61106414
-97.62669502218095,18.070236635435514,Noreste,Selva Húmeda,0.45233175
-99.21478609485617,17.402711677711256,Sur,Matorral Seco,0.6466765
-99.10957655501507,20.033681255982593,Centro,Bosque Templado,0.80017704
-101.07950953781696,23.955889213895567,Centro,Bosque Templado,0.98646414
-94.70605709081778,16.87341804469677,Noreste,Selva Húmeda,0.9955436
-111.22205868875976,24.5783558301184,Noroeste,Pastizal,0.8416894
-108.92013299263706,28.040795818652647,Noreste,Manglar,0.86997294
-108.3181758645891,29.091623016881606,Noreste,Bosque Templado,0.98867637
-107.64113058509402,29.502924232817648,Noreste,Pastizal,0.93673825
-102.6569215406602,22.79513841068662,Centro,Matorral Seco,0.30708823
-100.20711122556878,19.910308245456193,Occidente,Bosque Templado,0.2598059
-100.5048398306263,23.25921190299775,Centro,Manglar,0.9463188
-103.20323546251461,28.73473250127203,Noreste,Selva Húmeda,0.98192596
-93.04493454268895,16.193232903445054,Sureste,Pastizal,0.29409412
-111.0937509757844,30.489350047802972,Noroeste,Pastizal,0.90671
-100.78347682443311,25.35370760374984,Noreste,Manglar,0.94817704
-109.2893502764748,30.781983629559253,Noroeste,Matorral Seco,0.8828965
-105.10450594410115,19.81448772438509,Occidente,Selva Húmeda,0.52363
-103.32436208281787,22.92154240159979,Centro,Matorral Seco,0.30994707
-88.5112277853793,19.429365870527207,Sureste,Bosque Templado,0.99875987
-105.78837990331007,28.089082295679432,Noreste,Bosque Templado,0.7797688
-107.58233068660952,27.390131319718886,Noreste,Pastizal,0.9870385
-87.91487325262256,20.52492587622777,Sureste,Manglar,0.6696394
-104.83828170254615,29.7665102947611,Noreste,Manglar,0.77731705
-111.18489578387866,28.25532159387461,Noroeste,Manglar,0.9794241
-101.76968359477303,18.681981827400737,Occidente,Pastizal,0.84377646
-100.41544728986686,26.59216505941966,Sur,Bosque Templado,0.88866645
-105.47607937271113,22.569363976803615,Noroeste,Matorral Seco,0.38885882
-107.84155664079051,30.62522987721313,Noreste,Manglar,0.53426826
-100.78530142144477,25.90432114005452,Sur,Matorral Seco,0.9942374
-103.8262938828163,26.942402581021785,Noreste,Pastizal,0.9150153
-96.49020719178546,19.476938109955174,Sureste,Pastizal,0.18407647
-104.0789992101711,23.112912460508156,Centro,Pastizal,0.7439547
-100.72245201865589,24.952915059790808,Sur,Matorral Seco,0.9425341
-109.47098722792161,29.733481369022922,Noroeste,Manglar,0.71551704
-100.53632827267546,17.780658007287425,Sur,Bosque Templado,0.6378953
-95.25539213665816,16.289453101408096,Noreste,Selva Húmeda,0.3393353
-103.61925352399079,20.467586602177626,Occidente,Pastizal,0.2811
-110.92395878913086,29.294337707482928,Noroeste,Pastizal,0.43597648
-98.57660813917943,17.921150278732195,Sur,Bosque Templado,0.62887883
-101.18293741562466,21.353760450236994,Centro,Manglar,0.29371175
-89.82962492826343,20.89451674685772,Sureste,Bosque Templado,0.4152941
-111.97153615726505,29.008523587214743,Noroeste,Selva Húmeda,0.9569824
-96.94693355931642,20.224478462076227,Sureste,Selva Húmeda,0.27651176
-100.68226529668358,28.409784899228658,Noreste,Pastizal,0.2766647
-90.58226442465318,19.21705679027474,Sureste,Manglar,0.6996753
-103.84006180369781,29.203298004077258,Noreste,Manglar,0.70647645
-102.32270214096721,21.379497182190082,Occidente,Selva Húmeda,0.5694294
-100.18612251739002,23.24245126958227,Centro,Manglar,0.50534177
-115.86661542051826,30.743853508054173,Noroeste,Pastizal,0.99524736
-89.56585250684638,20.373017210188447,Sureste,Pastizal,0.31606472
-101.27947069577395,25.46753788229791,Noreste,Pastizal,0.93716943
-100.66716829392313,23.359456563068203,Centro,Matorral Seco,0.9076088
-87.95419919398084,19.818189724130956,Sureste,Matorral Seco,0.9872747
-101.2208849534326,18.26951542653271,Sur,Manglar,0.9008524
-100.03463302432775,22.22933876494446,Centro,Pastizal,0.8383541
-101.9569372851896,22.09448516135611,Centro,Matorral Seco,0.3399294
-97.40819151544186,18.790008344784027,Centro,Bosque Templado,0.17711176
-89.4689160098988,20.839130785673106,Sureste,Matorral Seco,0.6709806
-96.42374255222207,18.79047379747285,Sureste,Pastizal,0.33481178
-110.0914167434063,23.97622956081626,Noroeste,Bosque Templado,0.6783765
-87.77254496950934,18.892267701373722,Sureste,Matorral Seco,0.8311571
-109.19015041393887,29.85469736060392,Noroeste,Selva Húmeda,0.86053
-90.94789888606773,18.873457624932964,Sureste,Selva Húmeda,0.35268822
-109.78284637614186,23.18169264366239,Noroeste,Bosque Templado,0.99948424
-105.38097150853373,29.157249697936585,Noreste,Bosque Templado,0.8894388
-103.96087973777702,28.659840192643287,Noreste,Matorral Seco,0.8969788
-97.8426274258743,19.497371808439862,Centro,Manglar,0.40928236
-103.24263705037262,21.976595712962236,Centro,Matorral Seco,0.37575296
-102.11579909821043,21.66406511236208,Occidente,Matorral Seco,0.29721764
-97.88813542709633,17.17844036371344,Noreste,Bosque Templado,0.53391176
-102.80742268376974,27.122744519691285,Noreste,Pastizal,0.9029012
-103.88171945786446,27.797420195999226,Noreste,Matorral Seco,0.9100547
-97.42872726137963,21.42913034091369,Sureste,Matorral Seco,0.42191178
-99.28475461844349,18.413525444713684,Sur,Pastizal,0.9066053
-88.04438553003041,19.037205055274423,Sureste,Matorral Seco,0.97233874
-102.56978888451016,19.234004888475923,Occidente,Matorral Seco,0.4460747
-115.90478907300833,31.708477326418127,Noroeste,Matorral Seco,0.4185353
-90.20452812933377,19.671976845572537,Sureste,Manglar,0.7382418
-114.98596837432598,29.85800293816803,Noroeste,Matorral Seco,0.98666644
-113.59689221672728,31.68771149733079,Noroeste,Manglar,0.99558586
-101.37149210781813,27.793877025546692,Noreste,Selva Húmeda,0.9073353
-104.28799202019083,26.9709568782696,Noreste,Matorral Seco,0.7056641
-98.76532717398848,18.320993854530087,Centro,Manglar,0.5776594
-104.61581188215237,21.80363727225332,Occidente,Manglar,0.8643859
-100.817742725868,27.49344911908294,Noreste,Matorral Seco,0.85952944
-101.30042864684943,19.04003977552611,Occidente,Pastizal,0.67313
-92.12017462768574,18.087734818782977,Sureste,Pastizal,0.26291764
-113.06292798014083,31.70350611703225,Noroeste,Manglar,0.9721888
-108.61382493829501,26.630546085701976,Noroeste,Manglar,0.33105293
-90.59690096239731,18.868290711239293,Sureste,Manglar,0.81458944
-106.71440697074954,23.809817840717454,Noroeste,Manglar,0.76476234
-100.28962172217139,19.27637460065283,Centro,Selva Húmeda,0.5875341
-104.10802527446702,28.12879328904305,Noreste,Selva Húmeda,0.9392518
-100.2629849293555,18.442478853965664,Sur,Selva Húmeda,0.5807582
-98.18226038938231,18.723569306233102,Centro,Bosque Templado,0.17007059
-100.3937143476613,22.01299995906187,Centro,Bosque Templado,0.29011175
-115.16535151871979,30.64637306705335,Noroeste,Bosque Templado,0.99689776
-114.50288158148598,29.836822014387277,Noroeste,Matorral Seco,0.9317459
-98.76872234131928,20.61960297020684,Centro,Matorral Seco,0.87843174
-100.02163724006394,24.43865496193257,Sur,Selva Húmeda,0.7033935
-110.12022416713137,29.175554807871702,Noroeste,Pastizal,0.48570588
-98.53025055395732,23.66833912858236,Noreste,Manglar,0.98180014
-90.20932546961694,20.884468382220305,Sureste,Selva Húmeda,0.5760259
-101.03598918225003,25.010389406662444,Noreste,Matorral Seco,0.91425294
-101.41444267709291,27.147794298683472,Noreste,Matorral Seco,0.99053633
-92.08086603047369,15.090738509144527,Sureste,Matorral Seco,0.82692647
-89.15780469919869,19.92081501391397,Sureste,Manglar,0.68661296
-98.27434979460728,20.159860127080695,Centro,Pastizal,0.0012058824
-98.67835279342412,22.72411187796584,Noreste,Matorral Seco,0.2800647
-100.63508982697648,18.28481149672104,Sur,Matorral Seco,0.17624706
-92.01243481433525,16.171056933389654,Sureste,Bosque Templado,0.4050412
-111.77211245434026,29.242740196966455,Noroeste,Matorral Seco,0.73952353
-100.45191711034191,27.893900794376062,Noreste,Selva Húmeda,0.80926293
-102.00279339005343,19.346847867567295,Occidente,Pastizal,0.92159057
-99.10163962238704,17.803371111947072,Sur,Bosque Templado,0.6045929
-89.71279585295333,20.75681368344984,Sureste,Pastizal,0.5625529
-96.38656314723093,17.467777504011657,Noreste,Manglar,0.88344353
-102.85679148060419,25.711094027959202,Noreste,Matorral Seco,0.1884647
-102.72329825858341,23.005588488144575,Centro,Pastizal,0.27375293
-99.73041927236636,19.1884301633497,Centro,Bosque Templado,0.28525883
-88.43261766654953,19.011451267123242,Sureste,Matorral Seco,0.9993589
-89.51410733556972,19.25896424001792,Sureste,Matorral Seco,0.7436812
-98.37380552035746,23.35102548608667,Noreste,Pastizal,0.53025585
-103.44970530169569,27.128511151503584,Noreste,Manglar,0.10577059
-113.31223162189578,28.505021852076165,Noroeste,Manglar,0.9764991
-101.4009098626609,19.735305136418457,Occidente,Manglar,0.81057763
-96.93361291980524,18.984281066981186,Sureste,Matorral Seco,0.38941178
-101.06713459211852,23.452842322789245,Centro,Selva Húmeda,0.98061484
-94.88958919016909,17.566099164946287,Sureste,Bosque Templado,0.35871765
-107.05051177009382,27.23144475726836,Noreste,Manglar,0.8424288
-99.8263433753675,27.729466955937564,Sur,Bosque Templado,0.9535165
-92.00958025278926,16.91450915922358,Sureste,Pastizal,0.8958135
-88.09394669426752,19.46529641584392,Sureste,Bosque Templado,0.9043229
-90.22374553992732,18.783804344641243,Sureste,Manglar,0.9065176
-109.71404900164109,27.607540050894862,Noroeste,Matorral Seco,0.6352741
-104.93757805823705,29.191101226677535,Noreste,Pastizal,0.95656645
-107.44232623429122,25.058795925819247,Noroeste,Matorral Seco,0.94712293
-104.43010955016639,21.360912987922354,Occidente,Matorral Seco,0.14934118
-101.02528679297747,22.127053484889295,Centro,Matorral Seco,0.0086
-102.39017678739378,21.898604709922882,Centro,Bosque Templado,0.31318235
-99.77980950439127,17.452751751560044,Sur,Matorral Seco,0.88459116
-113.22659168335937,31.381722084717627,Noroeste,Selva Húmeda,0.83639294
-102.87235624426495,25.630004718367676,Noreste,Pastizal,0.70933646
-94.72188980544082,16.9579956013245,Noreste,Selva Húmeda,0.9870253
-100.03411750613778,23.053089757440308,Noreste,Selva Húmeda,0.9945384
-109.27090683379255,25.966535755193576,Noroeste,Manglar,0.21605882
-114.56730884669062,31.90381247577986,Noroeste,Pastizal,0.99504936
-92.03589331482551,16.16905374873772,Sureste,Bosque Templado,0.39127648
-108.80387453222329,30.999917304586628,Noroeste,Bosque Templado,0.45656648
-110.41864188654229,27.376132386176142,Noroeste,Bosque Templado,0.9127047
-100.11064618843766,27.15931218415624,Sur,Matorral Seco,0.20662941
-98.29924009561073,24.557302403511343,Noreste,Bosque Templado,0.66769
-107.13340620842749,24.14986367234031,Noroeste,Selva Húmeda,0.1643353
-109.52965093837153,27.401800823218508,Noroeste,Selva Húmeda,0.5624888
-104.63413285520969,21.542855360594995,Occidente,Pastizal,0.7530706
-101.819800134554,18.83211616804594,Occidente,Bosque Templado,0.7102153
-110.86658149804477,29.468845230540744,Noroeste,Pastizal,0.6569694
-106.07619707581247,27.704302014814882,Noreste,Pastizal,0.30959412
-92.53566304245456,15.497614308856845,Sureste,Manglar,0.92606705
-95.29998592891125,18.07074874221455,Sureste,Bosque Templado,0.32326472
-103.1375588926131,22.25012010034748,Occidente,Manglar,0.4528153
-107.52511260920323,28.339843770727178,Noreste,Manglar,0.9905362
-114.97762910322987,31.685325094298282,Noroeste,Bosque Templado,0.98808485
-103.05789428565457,27.625666601040695,Noreste,Selva Húmeda,0.9894348
-100.17972245652422,22.24068437190006,Centro,Matorral Seco,0.62724704
-98.22350950476388,16.530837599705254,Noreste,Bosque Templado,0.58478767
-86.97575063817942,21.52232168533551,Sureste,Matorral Seco,0.9930537
-95.96736211002188,18.893049575243058,Sureste,Matorral Seco,0.34281176
-98.53455446944696,17.4157540389841,Sur,Bosque Templado,0.27991766
-89.229842924366,18.561935669760857,Sureste,Selva Húmeda,0.8866794
-95.70459525588115,16.025537885049737,Noreste,Pastizal,0.99897885
-97.37217814112843,16.30441877169806,Noreste,Manglar,0.8473506
-101.31302283648498,19.249578757767523,Occidente,Manglar,0.35468236
-100.04196349929573,26.476188535530657,Sur,Matorral Seco,0.30672354
-100.34845512222843,28.091387377714813,Noreste,Selva Húmeda,0.9415753
-100.33691247344885,23.736470187387784,Sur,Matorral Seco,0.57972175
-102.08002015331812,24.02357010057309,Centro,Bosque Templado,0.94537294
-107.63755960254183,28.426217553361926,Noreste,Bosque Templado,0.97616637
-91.2294838992707,16.669109938355774,Sureste,Pastizal,0.97852826
-99.34873955033643,17.123464865034197,Sur,Pastizal,0.02647647
-106.3024238267537,24.02803740940919,Noroeste,Manglar,0.9907959
-110.30295692479531,28.501389098277148,Noroeste,Bosque Templado,0.87836117
-90.66883368089835,18.92200667864922,Sureste,Selva Húmeda,0.7120906
-87.7391281159903,18.874843080355834,Sureste,Bosque Templado,0.9076235
-109.01107616784964,27.871631067647566,Noroeste,Matorral Seco,0.9873127
-107.5151372372966,26.63804516921765,Noreste,Bosque Templado,0.8948506
-112.86476107189856,31.145010720370486,Noroeste,Matorral Seco,0.06582353
-100.04972610291331,19.6097160719479,Centro,Bosque Templado,0.31794706
-110.63514673201975,30.00258628570139,Noroeste,Matorral Seco,0.6618212
-90.60127497631483,16.144746385247203,Sureste,Selva Húmeda,0.5520865
-91.04521638785518,18.382146305661905,Sureste,Pastizal,0.4075941
-100.84215292175156,26.666202163396942,Noreste,Pastizal,0.9899914
-110.48036181009918,27.77968975416502,Noroeste,Manglar,0.49759942
-100.3358247195348,27.24039177888549,Sur,Pastizal,0.40007648
-92.68459391794245,17.880703885194514,Sureste,Matorral Seco,0.39188823
-112.60490501558581,30.67135876170588,Noroeste,Pastizal,0.9971866
-108.54909366285911,30.68863039356585,Noreste,Bosque Templado,0.47028
-101.45860284454564,29.118519603571876,Noreste,Selva Húmeda,0.9705188
-98.34287880395918,26.018266000230962,Noreste,Pastizal,0.031841177
-106.19553027504962,26.850648365257516,Noreste,Matorral Seco,0.8985053
-101.56726219676088,22.424672884133155,Centro,Matorral Seco,0.31085294
-102.50931293052486,23.0217419728393,Centro,Pastizal,0.3483647
-100.57923632485377,23.119182859350552,Centro,Bosque Templado,0.2426
-97.41318777909558,20.791390586465194,Sureste,Pastizal,0.33065295
-102.34103967725731,24.27303551887316,Centro,Selva Húmeda,0.7323694
-97.73527329940896,17.26976652846959,Noreste,Manglar,0.6698971
-105.16940825384623,20.511289053778928,Occidente,Matorral Seco,0.88666177
-108.05912019088454,26.48954138428692,Noroeste,Matorral Seco,0.88345057
-107.13134651643605,28.51186267353759,Noreste,Pastizal,0.9767139
-111.29093856630516,24.93675463428143,Noroeste,Pastizal,0.98971623
-111.20146016084851,28.40753228873118,Noroeste,Manglar,0.9435488
-102.5159156392389,26.52626832571096,Noreste,Matorral Seco,0.95936
-107.43595246584151,26.95762487010799,Noreste,Matorral Seco,0.9827871
-102.0607636710039,26.399773050242782,Noreste,Selva Húmeda,0.86492
-106.31631044572413,26.517664041906944,Noreste,Matorral Seco,0.9240694
-109.88706977509199,27.373328351699474,Noroeste,Bosque Templado,0.17784706
-102.35235200317676,20.033221236238127,Occidente,Selva Húmeda,0.18572353
-92.4468731871345,16.016326316341416,Sureste,Manglar,0.52127
-101.39257085743353,28.265205953311682,Noreste,Bosque Templado,0.9393382
-97.62951979099368,19.280510248155508,Centro,Selva Húmeda,0.5670206
-99.4887990877011,17.132351104204652,Sur,Bosque Templado,0.47756353
-104.64629283671358,29.52216016018879,Noreste,Matorral Seco,0.9651477
-108.1698549405575,25.68539258800189,Noroeste,Bosque Templado,0.26821765
-104.79495501648952,20.77849573158054,Occidente,Bosque Templado,0.9154635
-112.13542047758874,31.013444321120737,Noroeste,Pastizal,0.8901371
-92.72038788122198,15.675738271147935,Sureste,Bosque Templado,0.84553
-106.30705164389994,24.309928628557394,Noroeste,Manglar,0.9494959
-110.14380191132784,29.088051937180754,Noroeste,Bosque Templado,0.9282718
-105.70243730663583,29.144946510001024,Noreste,Bosque Templado,0.9284977
-89.58831939264563,20.496612741723588,Sureste,Bosque Templado,7.0588234e-05
-102.56354301388933,27.706018063234577,Noreste,Bosque Templado,0.8856641
-103.2485071272368,22.815645206776306,Centro,Matorral Seco,0.45044413
-112.25546572007603,31.518512757879762,Noroeste,Matorral Seco,0.9830044
-104.48927436361278,28.671381251804355,Noreste,Manglar,0.91983473
-89.46161399145143,21.080476999078375,Sureste,Bosque Templado,0.29295295
-101.42589423629077,27.24161103466086,Noreste,Bosque Templado,0.23117647
-108.5535297376153,28.718426719351363,Noreste,Selva Húmeda,0.96772116
-100.90992652611575,26.998919170961056,Noreste,Matorral Seco,0.9731734
-96.99947543565648,19.41306710853587,Sureste,Matorral Seco,0.2991353
-115.79269785132027,31.424256579267823,Noroeste,Selva Húmeda,0.90960824
-108.068951133398,26.460573649629094,Noroeste,Manglar,0.83095294
-100.26131289371814,23.11253024337385,Centro,Selva Húmeda,0.9410353
-113.78582068162603,32.02605864461794,Noroeste,Manglar,0.9876668
-99.34497396142866,18.910164919184457,Sur,Selva Húmeda,0.3676941
-108.1024717224424,29.45119952049835,Noreste,Bosque Templado,0.9892115
-115.4941663502366,30.488331423753717,Noroeste,Selva Húmeda,0.69579
-102.19077017609061,22.647262338018802,Centro,Pastizal,0.62208587
-103.16326784682775,23.624684572652868,Centro,Matorral Seco,0.26131177
-97.76639597600517,18.037068935210673,Noreste,Selva Húmeda,0.56489116
-104.5058296132298,27.108179348082125,Noreste,Selva Húmeda,0.84178644
-99.36007611094004,19.875755670214563,Centro,Pastizal,0.10761765
-101.98178017968536,26.290670247936298,Noreste,Manglar,0.9969005
-101.7222184057483,19.1898808859152,Occidente,Matorral Seco,0.47182646
-105.81967967648221,23.53812804125798,Noroeste,Manglar,0.9482165
-92.12000229912341,17.29995434844047,Sureste,Manglar,0.3757294
-99.51316672198107,16.85103637791394,Sur,Manglar,1.1764706e-05
-112.50682247375354,31.720875440567475,Noroeste,Bosque Templado,0.9834384
-88.31411530378404,21.48326882593095,Sureste,Matorral Seco,0.41294706
-91.30993518620336,16.541616838220772,Sureste,Selva Húmeda,0.33835882
-108.24045544708514,27.5168205268376,Noreste,Selva Húmeda,0.6498806
-103.54196604991424,29.00190998850555,Noreste,Pastizal,0.9739373
-111.76154938996426,26.1773140703589,Noroeste,Manglar,0.9918988
-98.126551636204,19.32218711499343,Centro,Manglar,0.26365295
-106.92197830767971,29.895918868393508,Noreste,Selva Húmeda,0.55283177
-102.93631257282085,26.095287336773495,Noreste,Bosque Templado,0.73709
-98.97236626578702,18.43258770902864,Centro,Selva Húmeda,0.7360247
-106.72252563744897,27.2014927646185,Noreste,Selva Húmeda,0.96257645
-101.22714601346911,22.793344177654497,Centro,Manglar,0.7619765
-108.59641785622053,31.30454125840633,Noreste,Matorral Seco,0.79987705
-110.26469197288975,27.57546908796599,Noroeste,Bosque Templado,0.17095295
-112.34777674630632,26.802856198076377,Noroeste,Manglar,0.9999848
-99.38541812588343,21.297385062133603,Centro,Manglar,0.8818041
-105.23524917122228,28.7475573230086,Noreste,Matorral Seco,0.6283765
-106.00868448169558,30.569047554418795,Noreste,Selva Húmeda,0.96082115
-103.36880253265493,26.808162435208075,Noreste,Pastizal,0.9904798
-88.86067823630056,20.85514122854789,Sureste,Selva Húmeda,0.5982847
-98.04751255810572,25.73250307873532,Noreste,Pastizal,0.19025883
-109.6169510660506,29.201441482654996,Noroeste,Selva Húmeda,0.7192406
-100.60469878203,25.058364981142706,Sur,Manglar,0.31587058
-92.202596156602,16.959517813878357,Sureste,Manglar,0.36678237
-98.51327021160216,19.341110896026127,Centro,Pastizal,0.19227648
-108.53827390430348,30.398945720448534,Noreste,Manglar,0.96608293
-92.84524745307903,16.795111274747484,Sureste,Manglar,0.96121883
-90.2023989159411,18.398908245513695,Sureste,Matorral Seco,0.9695447
-108.01066609722805,31.418810317795835,Noreste,Matorral Seco,0.6324453
-89.29889572500234,19.803207178712427,Sureste,Pastizal,0.5548606
-107.19005017764299,30.04739608623279,Noreste,Selva Húmeda,0.80783826
-94.45384192326115,17.587147871983966,Sureste,Matorral Seco,0.40497646
-95.75351257010428,18.333102965115668,Sureste,Bosque Templado,0.30129412
-88.90687491032254,19.337435093047084,Sureste,Bosque Templado,0.7700141
-98.47661197791312,19.577311929646577,Centro,Manglar,0.24370588
-103.3682370563592,19.634435031077942,Occidente,Manglar,0.17648235
-88.50512020035488,20.233759573688776,Sureste,Manglar,0.67912763
-99.49028057091436,20.757331187948218,Centro,Matorral Seco,0.9611129
-99.10668165277511,17.272230805816907,Sur,Selva Húmeda,0.23077059
-100.29712105094329,21.47416972027045,Centro,Bosque Templado,0.6262224
-108.43906565532642,26.195765661705288,Noroeste,Pastizal,0.9878634
-99.36843782163683,19.326019159015352,Centro,Manglar,0.53223705
-104.51544814102432,20.642810778495846,Occidente,Selva Húmeda,0.85593885
-99.93503309115061,25.113344663442632,Sur,Manglar,0.33628824
-100.18552315450539,27.846118585901856,Noreste,Selva Húmeda,0.8214982
-95.25690650711965,17.298618148199704,Noreste,Selva Húmeda,0.36291176
-100.8040393236114,19.796604964131348,Occidente,Pastizal,0.37544116
-109.71927127684292,30.647509427540108,Noroeste,Bosque Templado,0.63885057
-111.984756168894,28.986069067700225,Noroeste,Selva Húmeda,0.9048018
-95.63341321735231,18.28205446720441,Sureste,Pastizal,0.34105882
-111.18282356011049,30.40862707734267,Noroeste,Bosque Templado,0.9873141
-103.55494514895281,19.52151866365526,Occidente,Manglar,0.8277047
-107.25789822249462,31.434099150599845,Noreste,Bosque Templado,0.94255
-103.70681444429815,21.307591915872454,Occidente,Selva Húmeda,0.24943529
-109.39457100116098,29.44543245583016,Noroeste,Manglar,0.71673703
-102.14075955830265,24.22146386069034,Centro,Matorral Seco,0.48625293
-103.77790488825647,23.803933757818097,Centro,Selva Húmeda,0.34804705
-108.51370873211232,25.96322600177214,Noroeste,Manglar,0.7082006
-104.78456843712966,19.825548666098435,Occidente,Manglar,0.30325294
-111.03560356366033,28.481956917872647,Noroeste,Bosque Templado,0.98867464
-111.5489745241758,30.670529155706337,Noroeste,Selva Húmeda,0.9943599
-95.32123686986999,18.389723258519204,Sureste,Matorral Seco,0.29710588
-104.77707459492076,20.838412788689112,Occidente,Pastizal,0.72315353
-97.49189294624404,20.37749235345356,Sureste,Manglar,0.30612943
-92.30353940148233,15.875007738048621,Sureste,Bosque Templado,0.3380294
-91.18882883928418,18.625135875121803,Sureste,Manglar,0.91290116
-93.66028904080711,16.42847613903521,Sureste,Bosque Templado,0.31865883
-105.46602860987332,28.90504275417007,Noreste,Matorral Seco,0.9527806
-96.7293573392997,19.580604012351344,Sureste,Bosque Templado,0.18328823
-111.9979697855816,29.92607140367359,Noroeste,Selva Húmeda,0.9709775
-96.855977554906,18.705261351916917,Sureste,Matorral Seco,0.972718
-107.91246025452755,28.876546376489177,Noreste,Bosque Templado,0.9841976
-105.02993442151916,20.128955675830948,Occidente,Manglar,0.40617058
-105.07326390165471,26.527963131922142,Noreste,Bosque Templado,0.9376006
-100.02141322573543,25.771004494490253,Sur,Pastizal,0.3595647
-100.68719545847593,17.848062393715633,Sur,Pastizal,0.5385488
-110.10971113751972,23.254763523349787,Noroeste,Manglar,0.9924417
-100.96120639165831,22.518566772185693,Centro,Manglar,0.87139237
-89.54801831931293,18.747227255281217,Sureste,Matorral Seco,0.7106853
-106.47264187275752,31.139035862489813,Noreste,Selva Húmeda,0.9344253
-103.21913420072687,19.95610899756915,Occidente,Bosque Templado,0.8623159
-107.09730179432226,29.89714478334083,Noreste,Bosque Templado,0.52438354
-90.22804429538901,19.010665892629007,Sureste,Bosque Templado,0.36178234
-89.95480024617451,20.92126832723451,Sureste,Selva Húmeda,0.38671178
-112.3121125207742,28.9737634243639,Noroeste,Selva Húmeda,0.98926467
-99.22585235710731,24.41449094281455,Noreste,Matorral Seco,0.17444706
-99.81652722666162,19.158072603972123,Centro,Matorral Seco,0.80607766
-99.2991846408926,17.391947617616683,Sur,Bosque Templado,0.9350065
-99.65825393316311,27.051089143578086,Sur,Matorral Seco,0.7985388
-102.42228544621483,26.380496031570917,Noreste,Manglar,0.98774993
-109.50503121890198,29.590648843977107,Noroeste,Pastizal,0.90354234
-100.95239543558161,19.079699006317718,Occidente,Selva Húmeda,0.45255765
-98.3745832892715,23.128123301675156,Noreste,Bosque Templado,0.89161354
-88.72911668531601,20.192759733131407,Sureste,Matorral Seco,0.65152234
-106.3936609923661,23.31829019053034,Noroeste,Pastizal,0.2632588
-97.70194493673921,20.77976313295908,Sureste,Selva Húmeda,0.317
-103.042459896175,28.47523974055424,Noreste,Manglar,0.9853878
-106.06119001228383,29.19175115709998,Noreste,Bosque Templado,0.74857885
-87.76563090458805,19.552181358029138,Sureste,Pastizal,0.9396088
-112.12177137098209,30.066813747670704,Noroeste,Pastizal,0.98766106
-90.13868043266437,19.651483245957674,Sureste,Manglar,0.67788297
-99.93501445669168,19.97326502235235,Centro,Pastizal,0.33527648
-115.05632966909727,30.627836457009916,Noroeste,Selva Húmeda,0.999304
-99.17884725112722,17.89530902689368,Sur,Selva Húmeda,0.5575435
-98.83735852122823,19.099138762212093,Centro,Manglar,0.3118353
-109.17921183175476,30.764492964305322,Noroeste,Matorral Seco,0.8822953
-100.47825218636854,21.805073040868034,Centro,Bosque Templado,0.81300473
-104.86797049113551,27.81818956222559,Noreste,Selva Húmeda,0.85694766
-99.58671175841752,25.109049316128353,Sur,Pastizal,0.5134359
-113.40679973189698,27.859343983840137,Noroeste,Bosque Templado,0.94713116
-106.84202067679168,25.69615591784175,Noreste,Bosque Templado,0.94428116
-107.25103273438371,26.350492948619284,Noreste,Manglar,0.98065853
-101.33686905096954,28.311807163584223,Noreste,Selva Húmeda,0.95568585
-109.64064577850179,29.66470162242608,Noroeste,Matorral Seco,0.59636056
-107.77151198548661,29.520293756757592,Noreste,Pastizal,0.8862253
-88.25711619157948,18.686271764832952,Sureste,Manglar,0.41284117
-96.6624063123885,18.06130700242805,Noreste,Selva Húmeda,0.8628547
-88.47743821220418,20.860617308764276,Sureste,Manglar,0.6249
-101.5925241487843,20.47467196687947,Centro,Bosque Templado,0.20927647
-88.16361302313989,19.94291318461241,Sureste,Manglar,0.9722843
-98.97828010533516,20.238917804190333,Centro,Selva Húmeda,0.0992647
-100.7289009080323,25.012628942361076,Sur,Selva Húmeda,0.52643645
-87.29196901087452,20.96860429300589,Sureste,Selva Húmeda,0.87492234
-97.0598523889027,19.36199944845421,Centro,Manglar,0.4114
-91.74310616599055,17.0766585495429,Sureste,Manglar,0.5271259
-98.50566781281799,24.51991734301095,Noreste,Pastizal,0.8930706
-91.89294740778676,16.90853708666298,Sureste,Matorral Seco,0.9325859
-103.94550497092494,22.156621101613002,Occidente,Manglar,0.72953826
-86.99652787121256,20.871665998363756,Sureste,Pastizal,0.98104113
-103.83079963368256,28.043045881525455,Noreste,Bosque Templado,0.56923234
-101.64401432685585,19.690833018018278,Occidente,Selva Húmeda,0.29322353
-108.67984201940644,27.292196561739075,Noroeste,Bosque Templado,0.9344165
-103.82222713447504,19.61267628489949,Occidente,Matorral Seco,0.29490587
-102.81063480741052,26.70731645771994,Noreste,Bosque Templado,0.98217297
-113.84314639289839,31.711804816157894,Noroeste,Selva Húmeda,0.8598206
-95.21409718106622,18.515588499893067,Sureste,Manglar,0.60935414
-100.3622135918845,24.116662300438765,Sur,Pastizal,0.9517235
-102.76800595556483,25.67469723243239,Noreste,Manglar,0.6925482
-103.34780509886511,26.590750674353558,Noreste,Manglar,0.9921373
-113.12761829003784,28.26509271177487,Noroeste,Bosque Templado,0.9880051
-111.06946631043016,28.80757652632325,Noroeste,Matorral Seco,0.9891451
-93.39748738266583,17.431473652384792,Sureste,Pastizal,0.38581178
-109.98212012366737,30.80733912693035,Noroeste,Bosque Templado,0.6050159
-99.00430186849691,24.71307048219821,Noreste,Pastizal,0.9987379
-101.11359839681313,24.515533583061607,Centro,Manglar,0.9597994
-109.71872873007761,28.556835538587194,Noroeste,Pastizal,0.9995874
-97.2524642288473,20.324392467820196,Sureste,Pastizal,0.38752353
-95.3587582010119,16.46928869660668,Noreste,Selva Húmeda,0.7898129
-112.49018542394556,26.74729993143864,Noroeste,Manglar,0.99917036
-102.31263130466982,19.503708513652803,Occidente,Matorral Seco,0.40360588
-108.32363785152002,26.404955669006988,Noroeste,Selva Húmeda,0.95157176
-101.11264437388816,27.221832391219912,Noreste,Selva Húmeda,0.94305825
-110.08907913984116,30.760132545541445,Noroeste,Matorral Seco,0.9644065
-108.97733128016789,28.057625740938533,Noreste,Manglar,0.8807865
-108.89684506224528,26.200046756887687,Noroeste,Pastizal,0.99919045
-107.7994357367675,27.941803188210546,Noreste,Pastizal,0.8470065
-99.00817278063116,25.645462326738958,Sur,Pastizal,0.41721764
-100.19618138676962,21.128085766862792,Centro,Manglar,0.48429883
-99.21700909082186,17.708129963084534,Sur,Bosque Templado,0.39118823
-110.58425565603052,30.369765259208005,Noroeste,Manglar,0.8529565
-87.98113793500681,19.247990397887182,Sureste,Selva Húmeda,0.95142
-103.03504746199559,18.336216675663433,Occidente,Manglar,0.5621582
-111.27669640433466,29.202083395344964,Noroeste,Bosque Templado,0.9538388
-108.17821325399767,30.31118555063812,Noreste,Pastizal,0.92434645
-88.66513132335587,18.723183727309635,Sureste,Matorral Seco,0.80362296
-114.84101548410841,32.66260084997159,Noroeste,Manglar,0.1764706
-88.73403037387007,18.69238599242389,Sureste,Matorral Seco,0.5992347
-115.27123243341747,31.553876207661315,Noroeste,Matorral Seco,0.9999632
-100.11839248769083,17.31988820933513,Sur,Selva Húmeda,0.80562943
-104.18584736982729,19.52612381703193,Occidente,Matorral Seco,0.9257406
-99.47786471892941,23.970814972407084,Noreste,Matorral Seco,0.99362487
-96.54366819593646,19.16728397883567,Sureste,Selva Húmeda,0.30230588
-106.87358158120031,30.44652303193381,Noreste,Matorral Seco,0.8893129
-104.15222453306019,22.120506318743615,Occidente,Manglar,0.7328788
-92.70205354930351,15.136190615305823,Sureste,Pastizal,0.25154117
-95.36899552517426,17.406518244470334,Noreste,Bosque Templado,0.38898236
-101.98944569208885,24.210741403829537,Centro,Bosque Templado,0.8607882
-100.4483784124067,18.763518708797143,Centro,Matorral Seco,0.2943941
-100.05531578932373,17.62573148560852,Sur,Manglar,0.63760763
-98.57783971769523,19.089017542797144,Centro,Manglar,0.64125293
-112.86330919552829,30.430863005876066,Noroeste,Selva Húmeda,0.78114885
-101.3375028342406,23.86119713886692,Centro,Matorral Seco,0.9905487
-100.52083523816918,27.123706048977677,Sur,Manglar,0.9007118
-103.14104779909299,28.82705805422429,Noreste,Manglar,0.97108686
-102.94056968106266,27.589947346044063,Noreste,Manglar,0.8987988
-88.81836409820603,21.1501184296958,Sureste,Manglar,0.62608355
-96.76426899885364,16.34826903320532,Noreste,Manglar,0.5503871
-102.26301981088065,24.319607091151227,Centro,Pastizal,0.9384947
-103.58648362971886,18.78343497086384,Occidente,Matorral Seco,0.6488747
-115.07568038132854,32.376399041857404,Noroeste,Manglar,0.1764706
-108.87726291248687,28.56296072250526,Noroeste,Selva Húmeda,0.9833593
-98.58255780450027,20.070470847182737,Centro,Selva Húmeda,0.22200589
-107.1637923001061,26.95166070281805,Noreste,Matorral Seco,0.92765826
-105.48518465401166,29.07589542945932,Noreste,Pastizal,0.9405159
-101.25685217940325,28.943984557447056,Noreste,Manglar,0.80720586
-101.54596032251261,25.62094951372382,Noreste,Matorral Seco,0.34785882
-115.85471476261557,31.148418512103074,Noroeste,Manglar,0.99729705
-115.75542740010532,31.341875562551742,Noroeste,Matorral Seco,0.37881178
-94.70311950457659,16.876634749180244,Noreste,Manglar,0.9518165
-91.27622326128301,17.546645413169863,Sureste,Matorral Seco,0.37788236
-108.81964325100878,26.085106040337163,Noroeste,Pastizal,0.62001765
-99.63261126629894,21.007665904999328,Centro,Manglar,0.96665
-103.54921445704744,22.260661563414565,Centro,Manglar,0.9053647
-110.85007706668996,30.1147047790694,Noroeste,Bosque Templado,0.8124082
-115.6076450505374,29.830526149729963,Noroeste,Bosque Templado,0.96144706
-106.74341666147181,29.894305171879296,Noreste,Matorral Seco,0.8995012
-105.18402670244058,21.598482691006758,Occidente,Manglar,0.33822352
-101.69863801214075,26.60387029413707,Noreste,Matorral Seco,0.9365312
-110.39366539450663,27.96992657416274,Noroeste,Matorral Seco,0.8731747
-90.92181627354542,16.375026061932136,Sureste,Matorral Seco,0.9624247
-92.23630865496494,17.490348699607523,Sureste,Manglar,0.4934153
-103.98335534693871,23.530399643649407,Centro,Matorral Seco,0.35967648
-110.79613045794768,29.683395462905192,Noroeste,Pastizal,0.7710594
-101.54942245475365,28.180117197201202,Noreste,Selva Húmeda,0.96666175
-99.03437795080147,21.62305425670752,Centro,Manglar,0.59833294
-106.84224423772473,26.992149005206024,Noreste,Selva Húmeda,0.9956564
-116.61194108162645,31.5547749944952,Noroeste,Matorral Seco,0.24432941
-107.03636225481135,26.93268947028451,Noreste,Pastizal,0.90578705
-112.02120553690771,30.17822382416498,Noroeste,Manglar,0.9400041
-88.65021010618615,20.591381433542903,Sureste,Pastizal,0.6168253
-101.04393565747463,27.685094695033634,Noreste,Bosque Templado,0.42507648
-92.45305672949098,18.650200088086418,Sureste,Bosque Templado,0.8577541
-104.11040622886952,20.117764701972156,Occidente,Matorral Seco,0.74019176
-105.99099501926257,30.414927597870307,Noreste,Pastizal,0.96811
-100.68143668011784,27.547473661373274,Noreste,Pastizal,0.82084703
-104.87284698740977,28.406566355754432,Noreste,Matorral Seco,0.6332206
-94.76099107739736,16.672034851209254,Noreste,Selva Húmeda,0.3940706
-100.02579417646938,21.60113019432527,Centro,Matorral Seco,0.96947706
-104.00161055858528,22.708364582275696,Occidente,Manglar,0.8786441
-109.39938622393203,27.98523768044167,Noroeste,Selva Húmeda,0.88419235
-111.18339343895153,29.305224746444065,Noroeste,Selva Húmeda,0.8801094
-99.30744448452847,17.114379114501112,Sur,Selva Húmeda,0.39434117
-105.1827798793873,27.678515169471513,Noreste,Pastizal,0.17656471
-108.77900982669274,25.71445255202524,Noroeste,Bosque Templado,0.17912354
-100.14067014731008,24.530619170769384,Sur,Bosque Templado,0.8745206
-98.46101274006027,18.035172403750423,Sur,Bosque Templado,0.7255576
-105.71740776270612,27.437876428556557,Noreste,Pastizal,0.5681894
-115.47040716260572,31.331938610843856,Noroeste,Matorral Seco,0.99074715
-97.16955268862894,19.81699228978378,Sureste,Bosque Templado,0.37717646
-98.46323657046155,25.17323378804878,Noreste,Pastizal,0.41624117
-100.43132558414035,28.454774123858623,Noreste,Matorral Seco,0.98162645
-98.87869880927913,18.817362362366733,Sur,Matorral Seco,0.29719412
-92.58999076037504,18.073749452892788,Sureste,Matorral Seco,0.96078885
-99.84346870590147,23.130680241723347,Noreste,Bosque Templado,0.9930076
-89.21318123709092,19.637721193510817,Sureste,Bosque Templado,0.8557806
-100.54191788890518,20.58698185305547,Centro,Bosque Templado,0.17684706
-98.46403566501235,17.666463430146084,Sur,Manglar,0.49856293
-100.43681170299077,18.030619725809373,Sur,Manglar,0.41247058
-97.37534341100772,18.247361155169944,Centro,Bosque Templado,0.62121826
-111.06252810450361,28.208412967957884,Noroeste,Bosque Templado,0.96302116
-95.3339704680922,18.194564852026613,Sureste,Selva Húmeda,0.35581177
-99.58448606570279,21.625026465015836,Centro,Matorral Seco,0.32905883
-101.63949489673509,18.893514115573783,Occidente,Pastizal,0.6569912
-90.63742037947584,18.068710964502134,Sureste,Manglar,0.80036944
-87.78823546021138,21.41445805881374,Sureste,Selva Húmeda,0.41235295
-107.9063024455428,30.84443194912175,Noreste,Selva Húmeda,0.89487296
-87.94802379929034,18.467066148949797,Sureste,Matorral Seco,0.8929565
-101.8462493584842,22.601221985760127,Centro,Pastizal,0.49469942
-109.27867666367236,25.90611506596915,Noroeste,Pastizal,0.031570587
-105.26074083000441,28.47978231018361,Noreste,Selva Húmeda,0.56580883
-103.92909604661584,22.347797453074666,Occidente,Matorral Seco,0.8416806
-105.60495724585705,30.127414323177266,Noreste,Selva Húmeda,0.8803706
-103.74652809894846,27.16533109728004,Noreste,Matorral Seco,0.973878
-97.89536482026628,21.815658516534512,Sureste,Pastizal,0.3617
-103.75769524357905,27.287009203267797,Noreste,Pastizal,0.9575124
-92.70628000805056,18.023654457911935,Sureste,Selva Húmeda,0.4848394
-99.17979442618794,18.39412941399034,Sur,Matorral Seco,0.5829441
-105.23742480116421,30.30672687985742,Noreste,Manglar,0.8654888
-97.7597531538192,16.147665686956596,Noreste,Manglar,0.2990294
-99.88382225970172,23.226722184737106,Noreste,Pastizal,0.96144176
-91.79167880646486,17.0447692095559,Sureste,Manglar,0.6682329
-87.71441888253511,21.47640733840637,Sureste,Pastizal,0.60874295
-101.6883519900966,27.72205769231099,Noreste,Matorral Seco,0.983451
-98.88971476457202,25.39015879008747,Sur,Bosque Templado,0.62006646
-108.99659306147186,28.498659161935816,Noroeste,Bosque Templado,0.9999908
-89.74493564120462,19.246996722596585,Sureste,Manglar,0.7029918
-102.44110861329357,29.300456019139006,Noreste,Pastizal,0.89178175
-91.16711369787015,16.99365115413659,Sureste,Matorral Seco,0.9563006
-101.32640857043711,28.612324338839056,Noreste,Bosque Templado,0.8832865
-106.56100485323228,31.045862607729386,Noreste,Bosque Templado,0.91106707
-105.19103744597543,28.250371162166964,Noreste,Matorral Seco,0.81839174
-96.38761098592298,19.626156103047116,Sureste,Selva Húmeda,0.05855294
-96.42262812671953,17.67985457161179,Noreste,Matorral Seco,0.9769593
-106.90548564801473,27.212527917389334,Noreste,Bosque Templado,0.9105547
-97.5456966479616,17.433660575724634,Noreste,Pastizal,0.3588
-98.0452304829777,23.690784346573974,Noreste,Manglar,0.35194117
-98.69466342633456,20.64718887782139,Centro,Selva Húmeda,0.9304859
-98.4833252398022,16.918939217471518,Sur,Bosque Templado,0.50520414
-92.4945010672093,15.073460179515493,Sureste,Manglar,0.29401177
-107.49672172254043,28.554254230470885,Noreste,Manglar,0.17949411
-98.4097516873635,21.187940130215043,Centro,Selva Húmeda,0.3034647
-110.75615745329317,28.34135840398915,Noroeste,Manglar,0.71350706
-107.77259205590579,26.933733482045305,Noreste,Bosque Templado,0.9206112
-99.96195708241754,20.50145181124484,Centro,Bosque Templado,0.30007058
-111.26339402174037,30.65245642328034,Noroeste,Selva Húmeda,0.99151796
-88.67506659945394,21.022556112892005,Sureste,Selva Húmeda,0.42765296
-88.64135042899744,20.96094400201021,Sureste,Matorral Seco,0.33127058
-107.44156807179671,31.097689913422727,Noreste,Pastizal,0.3882294
-100.73876024957892,21.83780603373708,Centro,Manglar,0.64582586
-105.97032129227162,29.834521031150203,Noreste,Bosque Templado,0.93567705
-103.10595103899654,19.185154948845646,Occidente,Matorral Seco,0.83420587
-97.09952953561823,18.640688877402205,Sureste,Matorral Seco,0.7763694
-99.4412076135483,19.564585352432342,Centro,Bosque Templado,0.4019706
-102.17193112759198,26.371289739726965,Noreste,Matorral Seco,0.9925048
-105.1778519397353,21.430489419686214,Occidente,Matorral Seco,0.4328059
-102.77913394599243,27.369985332129364,Noreste,Manglar,0.9381647
-87.82095074285287,20.102824630190494,Sureste,Pastizal,0.94497705
-114.55167693944539,29.511448060312805,Noroeste,Matorral Seco,0.97869444
-93.08892951678729,18.0713728056108,Sureste,Matorral Seco,0.32951763
-103.5557354508111,28.207156912835764,Noreste,Matorral Seco,0.9940683
-106.81805571271471,27.128220449582386,Noreste,Matorral Seco,0.80735
-106.85592143125066,30.694612202076037,Noreste,Manglar,0.44518176
-111.82642320360269,31.325012570044837,Noroeste,Manglar,0.76476645
-88.83908319385495,19.104745371736644,Sureste,Manglar,0.61216116
-99.40774277303589,23.4880623689065,Noreste,Pastizal,0.83296293
-99.13057764733924,25.481274866370335,Sur,Manglar,0.41175294
-92.12461008648836,17.80311589956511,Sureste,Bosque Templado,0.39431176
-112.11676416570316,29.011523068672386,Noroeste,Matorral Seco,0.97716707
-98.81606496795855,23.97894554522625,Noreste,Selva Húmeda,0.32601765
-99.49145108942948,17.465613461519474,Sur,Pastizal,0.5071524
-108.31021601179475,30.26801237582884,Noreste,Bosque Templado,0.83665705
-107.03528223740909,26.29245236606422,Noreste,Matorral Seco,0.99097407
-107.68428751260561,27.473727512533934,Noreste,Bosque Templado,0.8650812
-104.34888447753605,27.43527502254993,Noreste,Pastizal,0.96512586
-108.34774338867261,29.876596150806517,Noreste,Pastizal,0.9946373
-110.10179439203019,30.48590093882958,Noroeste,Pastizal,0.9156335
-87.31986408141074,21.35442921437343,Sureste,Matorral Seco,0.98853683
-99.53949292494195,21.427400163595248,Centro,Manglar,0.78681296
-89.51892117317753,18.482647763546005,Sureste,Bosque Templado,0.63660765
-105.19227574215043,19.793570580031083,Occidente,Pastizal,0.17951764
-92.42461231876523,15.216456180285562,Sureste,Bosque Templado,0.30131176
-92.59866331893707,16.917736519558478,Sureste,Manglar,0.3632588
-109.04544694797386,28.678572853423034,Noroeste,Pastizal,0.9026912
-105.45707689510856,22.663611520772076,Occidente,Selva Húmeda,0.22090589
-102.23607893984462,24.21314931220878,Centro,Bosque Templado,0.8129712
-91.80695928100059,16.37964665017642,Sureste,Bosque Templado,0.67097235
-103.35330103761609,22.79046960789342,Centro,Selva Húmeda,0.42027646
-101.8861091834373,23.244303251716953,Centro,Matorral Seco,0.9920954
-105.00284973783343,30.450792109615378,Noreste,Selva Húmeda,0.93752587
-106.97136256888608,31.16432147964113,Noreste,Bosque Templado,0.8261512
-102.27919915693502,26.577498249914925,Noreste,Bosque Templado,0.9843312
-114.46006842965411,31.749105107313525,Noroeste,Bosque Templado,0.9999995
-97.8007873827884,18.467102122684388,Centro,Pastizal,0.13500588
-105.74737262834192,22.972057070590157,Noroeste,Selva Húmeda,0.9780333
-92.54598011526713,16.67956243718012,Sureste,Matorral Seco,0.6646806
-115.90780148296494,31.86115634978823,Noroeste,Pastizal,0.7656276
-98.9909282540113,23.50454890197007,Noreste,Matorral Seco,0.9802271
-103.60220887539434,27.072996303516653,Noreste,Manglar,0.9109353
-100.64310975156074,21.895345097080575,Centro,Bosque Templado,0.92685175
-107.89517005986242,27.77782631826572,Noreste,Selva Húmeda,0.9904002
-98.09107186905693,20.403837870673875,Centro,Bosque Templado,0.41671765
-110.11796829439633,30.19427720210188,Noroeste,Selva Húmeda,0.9867448
-101.42369302579822,24.52977060059831,Centro,Pastizal,0.88462
-100.22027212423772,22.66149530760307,Centro,Manglar,0.99901503
-95.12948850292668,18.197899702281372,Sureste,Selva Húmeda,0.34205294
-101.08665324334106,27.821761785981582,Noreste,Matorral Seco,0.39048824
-112.14452843114765,31.51167251691145,Noroeste,Selva Húmeda,0.99488217
-101.32200992440092,27.98643117602938,Noreste,Bosque Templado,0.6919688
-90.81115260300962,18.712877605642753,Sureste,Pastizal,0.6900041
-104.49891388366495,19.338025354341895,Occidente,Manglar,0.71064943
-116.952518584373,32.289396051223335,Noroeste,Pastizal,0.72693235
-104.22284009533963,22.611439274642805,Centro,Matorral Seco,0.8694677
-88.6567478679383,20.665961706713773,Sureste,Selva Húmeda,0.63576233
-89.4882992159791,19.68806757898448,Sureste,Matorral Seco,0.3963294
-113.55879916276587,27.915434312636332,Noroeste,Matorral Seco,0.95524704
-114.669217950798,30.349722443660504,Noroeste,Selva Húmeda,0.97685194
-90.25888506254192,18.75104390899229,Sureste,Selva Húmeda,0.33545882
-106.58402373435729,28.89314193644187,Noreste,Bosque Templado,0.9863733
-110.68070348437806,29.48001273678997,Noroeste,Matorral Seco,0.83379
-89.26831709871136,20.133020210311106,Sureste,Manglar,0.65886176
-111.39153139210094,24.611131667101166,Noroeste,Manglar,0.9561535
-114.2369541839891,27.188600349835646,Noroeste,Manglar,0.986885
-103.67270904239231,19.757073397038035,Occidente,Pastizal,0.89537644
-103.68159647364202,22.735031734307483,Centro,Pastizal,0.61444175
-106.71364579587042,23.675876477225636,Noroeste,Manglar,0.91680706
-102.42198214795539,26.131074821286248,Noreste,Bosque Templado,0.99870944
-100.74539575823313,26.673787972642554,Sur,Matorral Seco,0.9940027
-107.03486669842052,31.476372515111606,Noreste,Bosque Templado,0.89670587
-97.87274213204002,17.94194760661511,Noreste,Manglar,0.5120635
-103.0118258715577,22.293412552751484,Centro,Selva Húmeda,0.41314706
-105.8082240297196,28.285801989671786,Noreste,Bosque Templado,0.8818359
-109.26102005668501,31.255266439160632,Noroeste,Matorral Seco,0.80374765
-107.9399155001861,30.867421227889547,Noreste,Matorral Seco,0.45764235
-109.41006040218289,28.131017645999954,Noroeste,Matorral Seco,0.8149506
-99.79825628563083,27.694174799360894,Sur,Selva Húmeda,0.9388665
-88.28647113072574,20.866157796923865,Sureste,Selva Húmeda,0.65263766
-112.92070921928149,30.586362942846495,Noroeste,Matorral Seco,0.7990753
-89.19881076507426,18.491589741322365,Sureste,Bosque Templado,0.7076135
-102.31823456384605,29.504529584988333,Noreste,Bosque Templado,0.98390573
-99.56197185008307,19.849329276832503,Centro,Bosque Templado,0.2637353
-99.58778409235255,21.674100826447035,Centro,Manglar,0.75779235
-110.08400640742654,27.13834736926481,Noroeste,Selva Húmeda,0.8734629
-115.67131392067914,30.41355197153105,Noroeste,Matorral Seco,0.96425354
-96.63585241115896,16.51924703177579,Noreste,Bosque Templado,0.3415588
-110.32651559743614,28.81594020390233,Noroeste,Bosque Templado,0.8187741
-98.90602340944206,25.790382678387637,Sur,Manglar,0.9893157
-102.00292625310462,19.420773186771235,Occidente,Matorral Seco,0.0
-96.32898701347125,18.385359672833992,Noreste,Pastizal,0.3468353
-93.19740902804494,16.168274884325108,Sureste,Pastizal,0.5346665
-102.3646864937363,29.567541356007943,Noreste,Matorral Seco,0.85821116
-88.22557792946367,19.600828136796935,Sureste,Matorral Seco,0.98314244
-99.4094652356671,21.58548150681882,Centro,Bosque Templado,0.7357882
-108.96206684044203,30.652479302716195,Noroeste,Selva Húmeda,0.88541764
-116.07898926267029,30.923188683277882,Noroeste,Matorral Seco,0.86241764
-97.22200989670894,19.898881165092185,Sureste,Selva Húmeda,0.3808353
-112.39991584817427,30.03180720783373,Noroeste,Pastizal,0.9922563
-101.34833577268293,20.195092370525902,Centro,Pastizal,0.65627176
-92.81006761010791,16.000920312796623,Sureste,Manglar,0.3862588
-112.23293954747646,26.94306470452076,Noroeste,Manglar,0.9974696
-100.50338682378614,25.99932254333152,Sur,Pastizal,0.31415883
-100.14405157388677,18.18608351783131,Sur,Pastizal,0.70573115
